ID,simSEED,sampleSEED,rms,noiseSIGMA,bendfreq,lowalpha,highalpha,sharpness,NightsperWINDOW,NumofWINDOW,dataLOSSfrac,OBSperiod,WINDOWwidth
1000.0,17116.0,98941.0,0.15,0.015,0.0027397260273972603,-1.0,-2.5,10.0,20,8,0.2,0.75,7
1001.0,27309.0,59699.0,0.15,0.015,0.0027397260273972603,-1.0,-2.5,10.0,20,8,0.2,0.75,14
1002.0,26240.0,62372.0,0.15,0.015,0.0027397260273972603,-1.0,-2.5,10.0,20,8,0.2,1.0,7
1003.0,44044.0,45699.0,0.15,0.015,0.0027397260273972603,-1.0,-2.5,10.0,20,8,0.2,1.0,14
1004.0,37433.0,18831.0,0.15,0.015,0.0027397260273972603,-1.0,-2.5,10.0,20,8,0.2,1.0,21
1005.0,65188.0,58647.0,0.15,0.015,0.0027397260273972603,-1.0,-2.5,10.0,20,8,0.2,1.25,7
1006.0,84659.0,90088.0,0.15,0.015,0.0027397260273972603,-1.0,-2.5,10.0,20,8,0.2,1.25,14
1007.0,62671.0,16660.0,0.15,0.015,0.0027397260273972603,-1.0,-2.5,10.0,20,8,0.2,1.25,21
1008.0,48320.0,49363.0,0.15,0.015,0.0027397260273972603,-1.0,-2.5,10.0,20,8,0.2,1.25,28
1009.0,29313.0,98201.0,0.15,0.015,0.0027397260273972603,-1.0,-2.5,10.0,20,8,0.2,1.5,7
1010.0,60202.0,91817.0,0.15,0.015,0.0027397260273972603,-1.0,-2.5,10.0,20,8,0.2,1.5,14
1011.0,1317.0,80968.0,0.15,0.015,0.0027397260273972603,-1.0,-2.5,10.0,20,8,0.2,1.5,21
1012.0,5054.0,40786.0,0.15,0.015,0.0027397260273972603,-1.0,-2.5,10.0,20,8,0.2,1.5,28
1013.0,24440.0,2615.0,0.15,0.015,0.0027397260273972603,-1.0,-2.5,10.0,20,8,0.2,1.5,35
1014.0,84860.0,24705.0,0.15,0.015,0.0027397260273972603,-1.0,-2.5,10.0,20,8,0.2,1.75,7
1015.0,33460.0,1159.0,0.15,0.015,0.0027397260273972603,-1.0,-2.5,10.0,20,8,0.2,1.75,14
1016.0,99133.0,45403.0,0.15,0.015,0.0027397260273972603,-1.0,-2.5,10.0,20,8,0.2,1.75,21
1017.0,77281.0,4430.0,0.15,0.015,0.0027397260273972603,-1.0,-2.5,10.0,20,8,0.2,1.75,28
1018.0,10434.0,53961.0,0.15,0.015,0.0027397260273972603,-1.0,-2.5,10.0,20,8,0.2,1.75,35
1019.0,82873.0,35944.0,0.15,0.015,0.0027397260273972603,-1.0,-2.5,10.0,20,8,0.2,1.75,42
1020.0,89560.0,15019.0,0.15,0.015,0.0027397260273972603,-1.0,-2.5,10.0,20,8,0.2,2.0,7
1021.0,81058.0,10502.0,0.15,0.015,0.0027397260273972603,-1.0,-2.5,10.0,20,8,0.2,2.0,14
1022.0,91324.0,69625.0,0.15,0.015,0.0027397260273972603,-1.0,-2.5,10.0,20,8,0.2,2.0,21
1023.0,121.0,6730.0,0.15,0.015,0.0027397260273972603,-1.0,-2.5,10.0,20,8,0.2,2.0,28
1024.0,87886.0,89615.0,0.15,0.015,0.0027397260273972603,-1.0,-2.5,10.0,20,8,0.2,2.0,35
1025.0,91946.0,13729.0,0.15,0.015,0.0027397260273972603,-1.0,-2.5,10.0,20,8,0.2,2.0,42
1026.0,96233.0,45879.0,0.15,0.015,0.0027397260273972603,-1.0,-2.5,10.0,20,8,0.2,2.0,49
1027.0,84347.0,78941.0,0.15,0.015,0.0027397260273972603,-1.0,-2.5,10.0,20,8,0.2,2.25,7
1028.0,89717.0,2464.0,0.15,0.015,0.0027397260273972603,-1.0,-2.5,10.0,20,8,0.2,2.25,14
1029.0,57282.0,44650.0,0.15,0.015,0.0027397260273972603,-1.0,-2.5,10.0,20,8,0.2,2.25,21
1030.0,42845.0,33694.0,0.15,0.015,0.0027397260273972603,-1.0,-2.5,10.0,20,8,0.2,2.25,28
1031.0,76442.0,79481.0,0.15,0.015,0.0027397260273972603,-1.0,-2.5,10.0,20,8,0.2,2.25,35
1032.0,31300.0,14668.0,0.15,0.015,0.0027397260273972603,-1.0,-2.5,10.0,20,8,0.2,2.25,42
1033.0,42914.0,85957.0,0.15,0.015,0.0027397260273972603,-1.0,-2.5,10.0,20,8,0.2,2.25,49
1034.0,85093.0,17090.0,0.15,0.015,0.0027397260273972603,-1.0,-2.5,10.0,20,8,0.2,2.25,56
1035.0,82890.0,60584.0,0.15,0.015,0.0027397260273972603,-1.0,-2.5,10.0,20,8,0.2,2.5,7
1036.0,59618.0,51038.0,0.15,0.015,0.0027397260273972603,-1.0,-2.5,10.0,20,8,0.2,2.5,14
1037.0,8239.0,72526.0,0.15,0.015,0.0027397260273972603,-1.0,-2.5,10.0,20,8,0.2,2.5,21
1038.0,49223.0,43145.0,0.15,0.015,0.0027397260273972603,-1.0,-2.5,10.0,20,8,0.2,2.5,28
1039.0,35202.0,32965.0,0.15,0.015,0.0027397260273972603,-1.0,-2.5,10.0,20,8,0.2,2.5,35
1040.0,64620.0,54428.0,0.15,0.015,0.0027397260273972603,-1.0,-2.5,10.0,20,8,0.2,2.5,42
1041.0,59869.0,49773.0,0.15,0.015,0.0027397260273972603,-1.0,-2.5,10.0,20,8,0.2,2.5,49
1042.0,64921.0,32173.0,0.15,0.015,0.0027397260273972603,-1.0,-2.5,10.0,20,8,0.2,2.5,56
1043.0,89553.0,50108.0,0.15,0.015,0.0027397260273972603,-1.0,-2.5,10.0,20,8,0.2,2.5,63
1044.0,30048.0,12065.0,0.15,0.015,0.0027397260273972603,-1.0,-2.5,10.0,20,8,0.2,2.75,7
1045.0,22330.0,89797.0,0.15,0.015,0.0027397260273972603,-1.0,-2.5,10.0,20,8,0.2,2.75,14
1046.0,51230.0,91837.0,0.15,0.015,0.0027397260273972603,-1.0,-2.5,10.0,20,8,0.2,2.75,21
1047.0,65807.0,3604.0,0.15,0.015,0.0027397260273972603,-1.0,-2.5,10.0,20,8,0.2,2.75,28
1048.0,62502.0,31153.0,0.15,0.015,0.0027397260273972603,-1.0,-2.5,10.0,20,8,0.2,2.75,35
1049.0,86766.0,11351.0,0.15,0.015,0.0027397260273972603,-1.0,-2.5,10.0,20,8,0.2,2.75,42
1050.0,92908.0,30331.0,0.15,0.015,0.0027397260273972603,-1.0,-2.5,10.0,20,8,0.2,2.75,49
1051.0,82006.0,25471.0,0.15,0.015,0.0027397260273972603,-1.0,-2.5,10.0,20,8,0.2,2.75,56
1052.0,99798.0,82519.0,0.15,0.015,0.0027397260273972603,-1.0,-2.5,10.0,20,8,0.2,2.75,63
1053.0,9776.0,44269.0,0.15,0.015,0.0027397260273972603,-1.0,-2.5,10.0,20,8,0.2,2.75,70
1054.0,67819.0,45518.0,0.15,0.015,0.0027397260273972603,-1.0,-2.5,10.0,20,8,0.2,3.0,7
1055.0,50917.0,77369.0,0.15,0.015,0.0027397260273972603,-1.0,-2.5,10.0,20,8,0.2,3.0,14
1056.0,30349.0,48622.0,0.15,0.015,0.0027397260273972603,-1.0,-2.5,10.0,20,8,0.2,3.0,21
1057.0,79704.0,19175.0,0.15,0.015,0.0027397260273972603,-1.0,-2.5,10.0,20,8,0.2,3.0,28
1058.0,88368.0,33829.0,0.15,0.015,0.0027397260273972603,-1.0,-2.5,10.0,20,8,0.2,3.0,35
1059.0,84383.0,11791.0,0.15,0.015,0.0027397260273972603,-1.0,-2.5,10.0,20,8,0.2,3.0,42
1060.0,4756.0,67738.0,0.15,0.015,0.0027397260273972603,-1.0,-2.5,10.0,20,8,0.2,3.0,49
1061.0,45288.0,94968.0,0.15,0.015,0.0027397260273972603,-1.0,-2.5,10.0,20,8,0.2,3.0,56
1062.0,16537.0,67408.0,0.15,0.015,0.0027397260273972603,-1.0,-2.5,10.0,20,8,0.2,3.0,63
1063.0,18839.0,93585.0,0.15,0.015,0.0027397260273972603,-1.0,-2.5,10.0,20,8,0.2,3.0,70
1064.0,70226.0,42117.0,0.15,0.015,0.0027397260273972603,-1.0,-2.5,10.0,20,8,0.2,3.0,77
1065.0,1431.0,43785.0,0.15,0.015,0.0027397260273972603,-1.0,-2.5,10.0,20,8,0.2,3.25,7
1066.0,19327.0,98048.0,0.15,0.015,0.0027397260273972603,-1.0,-2.5,10.0,20,8,0.2,3.25,14
1067.0,17178.0,44030.0,0.15,0.015,0.0027397260273972603,-1.0,-2.5,10.0,20,8,0.2,3.25,21
1068.0,57088.0,60752.0,0.15,0.015,0.0027397260273972603,-1.0,-2.5,10.0,20,8,0.2,3.25,28
1069.0,13220.0,24249.0,0.15,0.015,0.0027397260273972603,-1.0,-2.5,10.0,20,8,0.2,3.25,35
1070.0,18789.0,64273.0,0.15,0.015,0.0027397260273972603,-1.0,-2.5,10.0,20,8,0.2,3.25,42
1071.0,58707.0,87000.0,0.15,0.015,0.0027397260273972603,-1.0,-2.5,10.0,20,8,0.2,3.25,49
1072.0,76513.0,35204.0,0.15,0.015,0.0027397260273972603,-1.0,-2.5,10.0,20,8,0.2,3.25,56
1073.0,65709.0,81452.0,0.15,0.015,0.0027397260273972603,-1.0,-2.5,10.0,20,8,0.2,3.25,63
1074.0,45926.0,69071.0,0.15,0.015,0.0027397260273972603,-1.0,-2.5,10.0,20,8,0.2,3.25,70
1075.0,37397.0,58472.0,0.15,0.015,0.0027397260273972603,-1.0,-2.5,10.0,20,8,0.2,3.25,77
1076.0,88261.0,88251.0,0.15,0.015,0.0027397260273972603,-1.0,-2.5,10.0,20,8,0.2,3.25,84
1077.0,13210.0,2623.0,0.15,0.015,0.0027397260273972603,-1.0,-2.5,10.0,20,8,0.2,3.5,7
1078.0,27854.0,10042.0,0.15,0.015,0.0027397260273972603,-1.0,-2.5,10.0,20,8,0.2,3.5,14
1079.0,15607.0,67963.0,0.15,0.015,0.0027397260273972603,-1.0,-2.5,10.0,20,8,0.2,3.5,21
1080.0,15180.0,5500.0,0.15,0.015,0.0027397260273972603,-1.0,-2.5,10.0,20,8,0.2,3.5,28
1081.0,90061.0,10742.0,0.15,0.015,0.0027397260273972603,-1.0,-2.5,10.0,20,8,0.2,3.5,35
1082.0,33805.0,74143.0,0.15,0.015,0.0027397260273972603,-1.0,-2.5,10.0,20,8,0.2,3.5,42
1083.0,56971.0,99442.0,0.15,0.015,0.0027397260273972603,-1.0,-2.5,10.0,20,8,0.2,3.5,49
1084.0,99044.0,86385.0,0.15,0.015,0.0027397260273972603,-1.0,-2.5,10.0,20,8,0.2,3.5,56
1085.0,46934.0,35047.0,0.15,0.015,0.0027397260273972603,-1.0,-2.5,10.0,20,8,0.2,3.5,63
1086.0,32004.0,5817.0,0.15,0.015,0.0027397260273972603,-1.0,-2.5,10.0,20,8,0.2,3.5,70
1087.0,46909.0,15829.0,0.15,0.015,0.0027397260273972603,-1.0,-2.5,10.0,20,8,0.2,3.5,77
1088.0,96887.0,14006.0,0.15,0.015,0.0027397260273972603,-1.0,-2.5,10.0,20,8,0.2,3.5,84
1089.0,56811.0,71822.0,0.15,0.015,0.0027397260273972603,-1.0,-2.5,10.0,20,8,0.2,3.5,91
1090.0,66483.0,88590.0,0.15,0.015,0.0027397260273972603,-1.0,-2.5,10.0,20,8,0.2,3.75,7
1091.0,243.0,64345.0,0.15,0.015,0.0027397260273972603,-1.0,-2.5,10.0,20,8,0.2,3.75,14
1092.0,52307.0,61467.0,0.15,0.015,0.0027397260273972603,-1.0,-2.5,10.0,20,8,0.2,3.75,21
1093.0,14079.0,81501.0,0.15,0.015,0.0027397260273972603,-1.0,-2.5,10.0,20,8,0.2,3.75,28
1094.0,99552.0,46368.0,0.15,0.015,0.0027397260273972603,-1.0,-2.5,10.0,20,8,0.2,3.75,35
1095.0,43097.0,17101.0,0.15,0.015,0.0027397260273972603,-1.0,-2.5,10.0,20,8,0.2,3.75,42
1096.0,79135.0,62715.0,0.15,0.015,0.0027397260273972603,-1.0,-2.5,10.0,20,8,0.2,3.75,49
1097.0,14778.0,53239.0,0.15,0.015,0.0027397260273972603,-1.0,-2.5,10.0,20,8,0.2,3.75,56
1098.0,53853.0,8329.0,0.15,0.015,0.0027397260273972603,-1.0,-2.5,10.0,20,8,0.2,3.75,63
1099.0,53217.0,80657.0,0.15,0.015,0.0027397260273972603,-1.0,-2.5,10.0,20,8,0.2,3.75,70
1100.0,3100.0,82732.0,0.15,0.015,0.0027397260273972603,-1.0,-2.5,10.0,20,8,0.2,3.75,77
1101.0,18168.0,83591.0,0.15,0.015,0.0027397260273972603,-1.0,-2.5,10.0,20,8,0.2,3.75,84
1102.0,28863.0,31300.0,0.15,0.015,0.0027397260273972603,-1.0,-2.5,10.0,20,8,0.2,3.75,91
1103.0,60580.0,67444.0,0.15,0.015,0.0027397260273972603,-1.0,-2.5,10.0,20,8,0.2,3.75,98
1104.0,27980.0,2100.0,0.15,0.015,0.0027397260273972603,-1.0,-2.5,10.0,20,8,0.2,4.0,7
1105.0,68411.0,7257.0,0.15,0.015,0.0027397260273972603,-1.0,-2.5,10.0,20,8,0.2,4.0,14
1106.0,8489.0,8311.0,0.15,0.015,0.0027397260273972603,-1.0,-2.5,10.0,20,8,0.2,4.0,21
1107.0,78821.0,70736.0,0.15,0.015,0.0027397260273972603,-1.0,-2.5,10.0,20,8,0.2,4.0,28
1108.0,84283.0,61156.0,0.15,0.015,0.0027397260273972603,-1.0,-2.5,10.0,20,8,0.2,4.0,35
1109.0,39348.0,87745.0,0.15,0.015,0.0027397260273972603,-1.0,-2.5,10.0,20,8,0.2,4.0,42
1110.0,10101.0,60831.0,0.15,0.015,0.0027397260273972603,-1.0,-2.5,10.0,20,8,0.2,4.0,49
1111.0,41223.0,55481.0,0.15,0.015,0.0027397260273972603,-1.0,-2.5,10.0,20,8,0.2,4.0,56
1112.0,48690.0,1396.0,0.15,0.015,0.0027397260273972603,-1.0,-2.5,10.0,20,8,0.2,4.0,63
1113.0,34300.0,10791.0,0.15,0.015,0.0027397260273972603,-1.0,-2.5,10.0,20,8,0.2,4.0,70
1114.0,1373.0,74339.0,0.15,0.015,0.0027397260273972603,-1.0,-2.5,10.0,20,8,0.2,4.0,77
1115.0,92354.0,60019.0,0.15,0.015,0.0027397260273972603,-1.0,-2.5,10.0,20,8,0.2,4.0,84
1116.0,30517.0,598.0,0.15,0.015,0.0027397260273972603,-1.0,-2.5,10.0,20,8,0.2,4.0,91
1117.0,31112.0,24096.0,0.15,0.015,0.0027397260273972603,-1.0,-2.5,10.0,20,8,0.2,4.0,98
1118.0,99035.0,9749.0,0.15,0.015,0.0027397260273972603,-1.0,-2.5,10.0,20,8,0.2,4.0,105
1119.0,33265.0,24436.0,0.15,0.015,0.0027397260273972603,-1.0,-2.5,10.0,20,8,0.2,4.25,7
1120.0,61635.0,66257.0,0.15,0.015,0.0027397260273972603,-1.0,-2.5,10.0,20,8,0.2,4.25,14
1121.0,29208.0,4603.0,0.15,0.015,0.0027397260273972603,-1.0,-2.5,10.0,20,8,0.2,4.25,21
1122.0,74692.0,33669.0,0.15,0.015,0.0027397260273972603,-1.0,-2.5,10.0,20,8,0.2,4.25,28
1123.0,25394.0,46977.0,0.15,0.015,0.0027397260273972603,-1.0,-2.5,10.0,20,8,0.2,4.25,35
1124.0,54782.0,19268.0,0.15,0.015,0.0027397260273972603,-1.0,-2.5,10.0,20,8,0.2,4.25,42
1125.0,1847.0,3608.0,0.15,0.015,0.0027397260273972603,-1.0,-2.5,10.0,20,8,0.2,4.25,49
1126.0,90636.0,76352.0,0.15,0.015,0.0027397260273972603,-1.0,-2.5,10.0,20,8,0.2,4.25,56
1127.0,42345.0,56282.0,0.15,0.015,0.0027397260273972603,-1.0,-2.5,10.0,20,8,0.2,4.25,63
1128.0,62854.0,23418.0,0.15,0.015,0.0027397260273972603,-1.0,-2.5,10.0,20,8,0.2,4.25,70
1129.0,73654.0,63397.0,0.15,0.015,0.0027397260273972603,-1.0,-2.5,10.0,20,8,0.2,4.25,77
1130.0,847.0,22663.0,0.15,0.015,0.0027397260273972603,-1.0,-2.5,10.0,20,8,0.2,4.25,84
1131.0,4755.0,28551.0,0.15,0.015,0.0027397260273972603,-1.0,-2.5,10.0,20,8,0.2,4.25,91
1132.0,50989.0,9766.0,0.15,0.015,0.0027397260273972603,-1.0,-2.5,10.0,20,8,0.2,4.25,98
1133.0,44240.0,43528.0,0.15,0.015,0.0027397260273972603,-1.0,-2.5,10.0,20,8,0.2,4.25,105
1134.0,53388.0,48866.0,0.15,0.015,0.0027397260273972603,-1.0,-2.5,10.0,20,8,0.2,4.25,112
1135.0,88416.0,90845.0,0.15,0.015,0.0027397260273972603,-1.0,-2.5,10.0,20,8,0.2,4.5,7
1136.0,45259.0,73003.0,0.15,0.015,0.0027397260273972603,-1.0,-2.5,10.0,20,8,0.2,4.5,14
1137.0,79449.0,28095.0,0.15,0.015,0.0027397260273972603,-1.0,-2.5,10.0,20,8,0.2,4.5,21
1138.0,44354.0,16569.0,0.15,0.015,0.0027397260273972603,-1.0,-2.5,10.0,20,8,0.2,4.5,28
1139.0,85917.0,90161.0,0.15,0.015,0.0027397260273972603,-1.0,-2.5,10.0,20,8,0.2,4.5,35
1140.0,26231.0,28226.0,0.15,0.015,0.0027397260273972603,-1.0,-2.5,10.0,20,8,0.2,4.5,42
1141.0,75726.0,35644.0,0.15,0.015,0.0027397260273972603,-1.0,-2.5,10.0,20,8,0.2,4.5,49
1142.0,91397.0,52505.0,0.15,0.015,0.0027397260273972603,-1.0,-2.5,10.0,20,8,0.2,4.5,56
1143.0,50548.0,4127.0,0.15,0.015,0.0027397260273972603,-1.0,-2.5,10.0,20,8,0.2,4.5,63
1144.0,66328.0,5316.0,0.15,0.015,0.0027397260273972603,-1.0,-2.5,10.0,20,8,0.2,4.5,70
1145.0,70478.0,15364.0,0.15,0.015,0.0027397260273972603,-1.0,-2.5,10.0,20,8,0.2,4.5,77
1146.0,67597.0,13498.0,0.15,0.015,0.0027397260273972603,-1.0,-2.5,10.0,20,8,0.2,4.5,84
1147.0,86659.0,28891.0,0.15,0.015,0.0027397260273972603,-1.0,-2.5,10.0,20,8,0.2,4.5,91
1148.0,15133.0,48794.0,0.15,0.015,0.0027397260273972603,-1.0,-2.5,10.0,20,8,0.2,4.5,98
1149.0,61695.0,7388.0,0.15,0.015,0.0027397260273972603,-1.0,-2.5,10.0,20,8,0.2,4.5,105
1150.0,70990.0,45688.0,0.15,0.015,0.0027397260273972603,-1.0,-2.5,10.0,20,8,0.2,4.5,112
1151.0,9804.0,88190.0,0.15,0.015,0.0027397260273972603,-1.0,-2.5,10.0,20,8,0.2,4.5,119
1152.0,44103.0,76414.0,0.15,0.015,0.0027397260273972603,-1.0,-2.5,10.0,20,8,0.2,4.75,7
1153.0,67054.0,25035.0,0.15,0.015,0.0027397260273972603,-1.0,-2.5,10.0,20,8,0.2,4.75,14
1154.0,99060.0,92725.0,0.15,0.015,0.0027397260273972603,-1.0,-2.5,10.0,20,8,0.2,4.75,21
1155.0,24823.0,88327.0,0.15,0.015,0.0027397260273972603,-1.0,-2.5,10.0,20,8,0.2,4.75,28
1156.0,44612.0,14618.0,0.15,0.015,0.0027397260273972603,-1.0,-2.5,10.0,20,8,0.2,4.75,35
1157.0,5309.0,95367.0,0.15,0.015,0.0027397260273972603,-1.0,-2.5,10.0,20,8,0.2,4.75,42
1158.0,64579.0,18260.0,0.15,0.015,0.0027397260273972603,-1.0,-2.5,10.0,20,8,0.2,4.75,49
1159.0,93057.0,13254.0,0.15,0.015,0.0027397260273972603,-1.0,-2.5,10.0,20,8,0.2,4.75,56
1160.0,60186.0,74683.0,0.15,0.015,0.0027397260273972603,-1.0,-2.5,10.0,20,8,0.2,4.75,63
1161.0,36698.0,1705.0,0.15,0.015,0.0027397260273972603,-1.0,-2.5,10.0,20,8,0.2,4.75,70
1162.0,93529.0,59908.0,0.15,0.015,0.0027397260273972603,-1.0,-2.5,10.0,20,8,0.2,4.75,77
1163.0,67306.0,15414.0,0.15,0.015,0.0027397260273972603,-1.0,-2.5,10.0,20,8,0.2,4.75,84
1164.0,26674.0,66198.0,0.15,0.015,0.0027397260273972603,-1.0,-2.5,10.0,20,8,0.2,4.75,91
1165.0,98389.0,27292.0,0.15,0.015,0.0027397260273972603,-1.0,-2.5,10.0,20,8,0.2,4.75,98
1166.0,21346.0,38505.0,0.15,0.015,0.0027397260273972603,-1.0,-2.5,10.0,20,8,0.2,4.75,105
1167.0,59497.0,93471.0,0.15,0.015,0.0027397260273972603,-1.0,-2.5,10.0,20,8,0.2,4.75,112
1168.0,47904.0,46988.0,0.15,0.015,0.0027397260273972603,-1.0,-2.5,10.0,20,8,0.2,4.75,119
1169.0,23146.0,25190.0,0.15,0.015,0.0027397260273972603,-1.0,-2.5,10.0,20,8,0.2,4.75,126
1170.0,20976.0,70203.0,0.15,0.015,0.0027397260273972603,-1.0,-2.5,10.0,20,8,0.2,5.0,7
1171.0,30725.0,21713.0,0.15,0.015,0.0027397260273972603,-1.0,-2.5,10.0,20,8,0.2,5.0,14
1172.0,57756.0,5694.0,0.15,0.015,0.0027397260273972603,-1.0,-2.5,10.0,20,8,0.2,5.0,21
1173.0,36090.0,50290.0,0.15,0.015,0.0027397260273972603,-1.0,-2.5,10.0,20,8,0.2,5.0,28
1174.0,10496.0,23045.0,0.15,0.015,0.0027397260273972603,-1.0,-2.5,10.0,20,8,0.2,5.0,35
1175.0,70524.0,93398.0,0.15,0.015,0.0027397260273972603,-1.0,-2.5,10.0,20,8,0.2,5.0,42
1176.0,51432.0,71096.0,0.15,0.015,0.0027397260273972603,-1.0,-2.5,10.0,20,8,0.2,5.0,49
1177.0,56378.0,29490.0,0.15,0.015,0.0027397260273972603,-1.0,-2.5,10.0,20,8,0.2,5.0,56
1178.0,12084.0,80621.0,0.15,0.015,0.0027397260273972603,-1.0,-2.5,10.0,20,8,0.2,5.0,63
1179.0,97682.0,98148.0,0.15,0.015,0.0027397260273972603,-1.0,-2.5,10.0,20,8,0.2,5.0,70
1180.0,59151.0,32319.0,0.15,0.015,0.0027397260273972603,-1.0,-2.5,10.0,20,8,0.2,5.0,77
1181.0,91202.0,25287.0,0.15,0.015,0.0027397260273972603,-1.0,-2.5,10.0,20,8,0.2,5.0,84
1182.0,42423.0,80046.0,0.15,0.015,0.0027397260273972603,-1.0,-2.5,10.0,20,8,0.2,5.0,91
1183.0,75771.0,93878.0,0.15,0.015,0.0027397260273972603,-1.0,-2.5,10.0,20,8,0.2,5.0,98
1184.0,53729.0,1338.0,0.15,0.015,0.0027397260273972603,-1.0,-2.5,10.0,20,8,0.2,5.0,105
1185.0,9072.0,75562.0,0.15,0.015,0.0027397260273972603,-1.0,-2.5,10.0,20,8,0.2,5.0,112
1186.0,9118.0,68568.0,0.15,0.015,0.0027397260273972603,-1.0,-2.5,10.0,20,8,0.2,5.0,119
1187.0,12971.0,26308.0,0.15,0.015,0.0027397260273972603,-1.0,-2.5,10.0,20,8,0.2,5.0,126
1188.0,85342.0,10555.0,0.15,0.015,0.0027397260273972603,-1.0,-2.5,10.0,20,8,0.2,5.0,133
1189.0,45413.0,84571.0,0.15,0.015,0.0027397260273972603,-1.0,-2.5,10.0,20,8,0.2,5.25,7
1190.0,96280.0,70135.0,0.15,0.015,0.0027397260273972603,-1.0,-2.5,10.0,20,8,0.2,5.25,14
1191.0,307.0,90879.0,0.15,0.015,0.0027397260273972603,-1.0,-2.5,10.0,20,8,0.2,5.25,21
1192.0,58632.0,47411.0,0.15,0.015,0.0027397260273972603,-1.0,-2.5,10.0,20,8,0.2,5.25,28
1193.0,79729.0,72921.0,0.15,0.015,0.0027397260273972603,-1.0,-2.5,10.0,20,8,0.2,5.25,35
1194.0,7726.0,18548.0,0.15,0.015,0.0027397260273972603,-1.0,-2.5,10.0,20,8,0.2,5.25,42
1195.0,49750.0,41434.0,0.15,0.015,0.0027397260273972603,-1.0,-2.5,10.0,20,8,0.2,5.25,49
1196.0,18355.0,80442.0,0.15,0.015,0.0027397260273972603,-1.0,-2.5,10.0,20,8,0.2,5.25,56
1197.0,10628.0,10213.0,0.15,0.015,0.0027397260273972603,-1.0,-2.5,10.0,20,8,0.2,5.25,63
1198.0,57788.0,83150.0,0.15,0.015,0.0027397260273972603,-1.0,-2.5,10.0,20,8,0.2,5.25,70
1199.0,940.0,87373.0,0.15,0.015,0.0027397260273972603,-1.0,-2.5,10.0,20,8,0.2,5.25,77
1200.0,66142.0,45462.0,0.15,0.015,0.0027397260273972603,-1.0,-2.5,10.0,20,8,0.2,5.25,84
1201.0,11770.0,43375.0,0.15,0.015,0.0027397260273972603,-1.0,-2.5,10.0,20,8,0.2,5.25,91
1202.0,7202.0,25429.0,0.15,0.015,0.0027397260273972603,-1.0,-2.5,10.0,20,8,0.2,5.25,98
1203.0,72276.0,46391.0,0.15,0.015,0.0027397260273972603,-1.0,-2.5,10.0,20,8,0.2,5.25,105
1204.0,51640.0,32838.0,0.15,0.015,0.0027397260273972603,-1.0,-2.5,10.0,20,8,0.2,5.25,112
1205.0,54656.0,53827.0,0.15,0.015,0.0027397260273972603,-1.0,-2.5,10.0,20,8,0.2,5.25,119
1206.0,46474.0,22309.0,0.15,0.015,0.0027397260273972603,-1.0,-2.5,10.0,20,8,0.2,5.25,126
1207.0,40453.0,50142.0,0.15,0.015,0.0027397260273972603,-1.0,-2.5,10.0,20,8,0.2,5.25,133
1208.0,31555.0,5058.0,0.15,0.015,0.0027397260273972603,-1.0,-2.5,10.0,20,8,0.2,5.25,140
1209.0,80230.0,53989.0,0.15,0.015,0.0027397260273972603,-1.0,-2.5,10.0,20,8,0.2,5.5,7
1210.0,78652.0,60104.0,0.15,0.015,0.0027397260273972603,-1.0,-2.5,10.0,20,8,0.2,5.5,14
1211.0,46597.0,28736.0,0.15,0.015,0.0027397260273972603,-1.0,-2.5,10.0,20,8,0.2,5.5,21
1212.0,77298.0,17185.0,0.15,0.015,0.0027397260273972603,-1.0,-2.5,10.0,20,8,0.2,5.5,28
1213.0,47420.0,1061.0,0.15,0.015,0.0027397260273972603,-1.0,-2.5,10.0,20,8,0.2,5.5,35
1214.0,38274.0,43324.0,0.15,0.015,0.0027397260273972603,-1.0,-2.5,10.0,20,8,0.2,5.5,42
1215.0,50042.0,67886.0,0.15,0.015,0.0027397260273972603,-1.0,-2.5,10.0,20,8,0.2,5.5,49
1216.0,37621.0,95393.0,0.15,0.015,0.0027397260273972603,-1.0,-2.5,10.0,20,8,0.2,5.5,56
1217.0,39374.0,6972.0,0.15,0.015,0.0027397260273972603,-1.0,-2.5,10.0,20,8,0.2,5.5,63
1218.0,81898.0,11041.0,0.15,0.015,0.0027397260273972603,-1.0,-2.5,10.0,20,8,0.2,5.5,70
1219.0,96067.0,60534.0,0.15,0.015,0.0027397260273972603,-1.0,-2.5,10.0,20,8,0.2,5.5,77
1220.0,94898.0,71226.0,0.15,0.015,0.0027397260273972603,-1.0,-2.5,10.0,20,8,0.2,5.5,84
1221.0,19487.0,32175.0,0.15,0.015,0.0027397260273972603,-1.0,-2.5,10.0,20,8,0.2,5.5,91
1222.0,47858.0,4460.0,0.15,0.015,0.0027397260273972603,-1.0,-2.5,10.0,20,8,0.2,5.5,98
1223.0,7637.0,95698.0,0.15,0.015,0.0027397260273972603,-1.0,-2.5,10.0,20,8,0.2,5.5,105
1224.0,79427.0,96600.0,0.15,0.015,0.0027397260273972603,-1.0,-2.5,10.0,20,8,0.2,5.5,112
1225.0,88509.0,544.0,0.15,0.015,0.0027397260273972603,-1.0,-2.5,10.0,20,8,0.2,5.5,119
1226.0,85615.0,67573.0,0.15,0.015,0.0027397260273972603,-1.0,-2.5,10.0,20,8,0.2,5.5,126
1227.0,55964.0,2875.0,0.15,0.015,0.0027397260273972603,-1.0,-2.5,10.0,20,8,0.2,5.5,133
1228.0,29260.0,80978.0,0.15,0.015,0.0027397260273972603,-1.0,-2.5,10.0,20,8,0.2,5.5,140
1229.0,68970.0,10749.0,0.15,0.015,0.0027397260273972603,-1.0,-2.5,10.0,20,8,0.2,5.5,147
1230.0,46399.0,59130.0,0.15,0.015,0.0027397260273972603,-1.0,-2.5,10.0,20,8,0.2,5.75,7
1231.0,39821.0,78865.0,0.15,0.015,0.0027397260273972603,-1.0,-2.5,10.0,20,8,0.2,5.75,14
1232.0,88319.0,56803.0,0.15,0.015,0.0027397260273972603,-1.0,-2.5,10.0,20,8,0.2,5.75,21
1233.0,66546.0,34636.0,0.15,0.015,0.0027397260273972603,-1.0,-2.5,10.0,20,8,0.2,5.75,28
1234.0,64048.0,91404.0,0.15,0.015,0.0027397260273972603,-1.0,-2.5,10.0,20,8,0.2,5.75,35
1235.0,67232.0,45841.0,0.15,0.015,0.0027397260273972603,-1.0,-2.5,10.0,20,8,0.2,5.75,42
1236.0,37078.0,78421.0,0.15,0.015,0.0027397260273972603,-1.0,-2.5,10.0,20,8,0.2,5.75,49
1237.0,37136.0,50556.0,0.15,0.015,0.0027397260273972603,-1.0,-2.5,10.0,20,8,0.2,5.75,56
1238.0,47345.0,26859.0,0.15,0.015,0.0027397260273972603,-1.0,-2.5,10.0,20,8,0.2,5.75,63
1239.0,64659.0,89760.0,0.15,0.015,0.0027397260273972603,-1.0,-2.5,10.0,20,8,0.2,5.75,70
1240.0,44824.0,6951.0,0.15,0.015,0.0027397260273972603,-1.0,-2.5,10.0,20,8,0.2,5.75,77
1241.0,77237.0,64048.0,0.15,0.015,0.0027397260273972603,-1.0,-2.5,10.0,20,8,0.2,5.75,84
1242.0,82119.0,39513.0,0.15,0.015,0.0027397260273972603,-1.0,-2.5,10.0,20,8,0.2,5.75,91
1243.0,86627.0,58672.0,0.15,0.015,0.0027397260273972603,-1.0,-2.5,10.0,20,8,0.2,5.75,98
1244.0,59972.0,69374.0,0.15,0.015,0.0027397260273972603,-1.0,-2.5,10.0,20,8,0.2,5.75,105
1245.0,39733.0,2756.0,0.15,0.015,0.0027397260273972603,-1.0,-2.5,10.0,20,8,0.2,5.75,112
1246.0,17886.0,96556.0,0.15,0.015,0.0027397260273972603,-1.0,-2.5,10.0,20,8,0.2,5.75,119
1247.0,22502.0,29093.0,0.15,0.015,0.0027397260273972603,-1.0,-2.5,10.0,20,8,0.2,5.75,126
1248.0,87594.0,19509.0,0.15,0.015,0.0027397260273972603,-1.0,-2.5,10.0,20,8,0.2,5.75,133
1249.0,29584.0,79265.0,0.15,0.015,0.0027397260273972603,-1.0,-2.5,10.0,20,8,0.2,5.75,140
1250.0,37074.0,76643.0,0.15,0.015,0.0027397260273972603,-1.0,-2.5,10.0,20,8,0.2,5.75,147
1251.0,78452.0,65671.0,0.15,0.015,0.0027397260273972603,-1.0,-2.5,10.0,20,8,0.2,5.75,154
1252.0,92830.0,10967.0,0.15,0.015,0.0027397260273972603,-1.0,-2.5,10.0,20,8,0.2,6.0,7
1253.0,60702.0,57271.0,0.15,0.015,0.0027397260273972603,-1.0,-2.5,10.0,20,8,0.2,6.0,14
1254.0,2983.0,21083.0,0.15,0.015,0.0027397260273972603,-1.0,-2.5,10.0,20,8,0.2,6.0,21
1255.0,59997.0,59549.0,0.15,0.015,0.0027397260273972603,-1.0,-2.5,10.0,20,8,0.2,6.0,28
1256.0,53433.0,41186.0,0.15,0.015,0.0027397260273972603,-1.0,-2.5,10.0,20,8,0.2,6.0,35
1257.0,23720.0,37489.0,0.15,0.015,0.0027397260273972603,-1.0,-2.5,10.0,20,8,0.2,6.0,42
1258.0,27794.0,26619.0,0.15,0.015,0.0027397260273972603,-1.0,-2.5,10.0,20,8,0.2,6.0,49
1259.0,12804.0,42002.0,0.15,0.015,0.0027397260273972603,-1.0,-2.5,10.0,20,8,0.2,6.0,56
1260.0,76728.0,53248.0,0.15,0.015,0.0027397260273972603,-1.0,-2.5,10.0,20,8,0.2,6.0,63
1261.0,18521.0,13471.0,0.15,0.015,0.0027397260273972603,-1.0,-2.5,10.0,20,8,0.2,6.0,70
1262.0,29739.0,32697.0,0.15,0.015,0.0027397260273972603,-1.0,-2.5,10.0,20,8,0.2,6.0,77
1263.0,46855.0,87022.0,0.15,0.015,0.0027397260273972603,-1.0,-2.5,10.0,20,8,0.2,6.0,84
1264.0,36696.0,47514.0,0.15,0.015,0.0027397260273972603,-1.0,-2.5,10.0,20,8,0.2,6.0,91
1265.0,8155.0,70742.0,0.15,0.015,0.0027397260273972603,-1.0,-2.5,10.0,20,8,0.2,6.0,98
1266.0,29136.0,41577.0,0.15,0.015,0.0027397260273972603,-1.0,-2.5,10.0,20,8,0.2,6.0,105
1267.0,54182.0,29342.0,0.15,0.015,0.0027397260273972603,-1.0,-2.5,10.0,20,8,0.2,6.0,112
1268.0,11110.0,6413.0,0.15,0.015,0.0027397260273972603,-1.0,-2.5,10.0,20,8,0.2,6.0,119
1269.0,38830.0,92840.0,0.15,0.015,0.0027397260273972603,-1.0,-2.5,10.0,20,8,0.2,6.0,126
1270.0,31031.0,82786.0,0.15,0.015,0.0027397260273972603,-1.0,-2.5,10.0,20,8,0.2,6.0,133
1271.0,17536.0,55474.0,0.15,0.015,0.0027397260273972603,-1.0,-2.5,10.0,20,8,0.2,6.0,140
1272.0,3665.0,40795.0,0.15,0.015,0.0027397260273972603,-1.0,-2.5,10.0,20,8,0.2,6.0,147
1273.0,7730.0,38433.0,0.15,0.015,0.0027397260273972603,-1.0,-2.5,10.0,20,8,0.2,6.0,154
1274.0,38304.0,76415.0,0.15,0.015,0.0027397260273972603,-1.0,-2.5,10.0,20,8,0.2,6.0,161
1275.0,28362.0,43484.0,0.15,0.015,0.0027397260273972603,-1.0,-2.5,10.0,20,8,0.2,6.25,7
1276.0,90578.0,91334.0,0.15,0.015,0.0027397260273972603,-1.0,-2.5,10.0,20,8,0.2,6.25,14
1277.0,20938.0,99989.0,0.15,0.015,0.0027397260273972603,-1.0,-2.5,10.0,20,8,0.2,6.25,21
1278.0,91438.0,98721.0,0.15,0.015,0.0027397260273972603,-1.0,-2.5,10.0,20,8,0.2,6.25,28
1279.0,25926.0,63530.0,0.15,0.015,0.0027397260273972603,-1.0,-2.5,10.0,20,8,0.2,6.25,35
1280.0,97294.0,72073.0,0.15,0.015,0.0027397260273972603,-1.0,-2.5,10.0,20,8,0.2,6.25,42
1281.0,39528.0,74848.0,0.15,0.015,0.0027397260273972603,-1.0,-2.5,10.0,20,8,0.2,6.25,49
1282.0,11267.0,85310.0,0.15,0.015,0.0027397260273972603,-1.0,-2.5,10.0,20,8,0.2,6.25,56
1283.0,5371.0,89389.0,0.15,0.015,0.0027397260273972603,-1.0,-2.5,10.0,20,8,0.2,6.25,63
1284.0,84627.0,91283.0,0.15,0.015,0.0027397260273972603,-1.0,-2.5,10.0,20,8,0.2,6.25,70
1285.0,64061.0,47401.0,0.15,0.015,0.0027397260273972603,-1.0,-2.5,10.0,20,8,0.2,6.25,77
1286.0,18716.0,65308.0,0.15,0.015,0.0027397260273972603,-1.0,-2.5,10.0,20,8,0.2,6.25,84
1287.0,12526.0,60729.0,0.15,0.015,0.0027397260273972603,-1.0,-2.5,10.0,20,8,0.2,6.25,91
1288.0,26057.0,6781.0,0.15,0.015,0.0027397260273972603,-1.0,-2.5,10.0,20,8,0.2,6.25,98
1289.0,12912.0,47333.0,0.15,0.015,0.0027397260273972603,-1.0,-2.5,10.0,20,8,0.2,6.25,105
1290.0,31430.0,1184.0,0.15,0.015,0.0027397260273972603,-1.0,-2.5,10.0,20,8,0.2,6.25,112
1291.0,57031.0,96864.0,0.15,0.015,0.0027397260273972603,-1.0,-2.5,10.0,20,8,0.2,6.25,119
1292.0,58503.0,94192.0,0.15,0.015,0.0027397260273972603,-1.0,-2.5,10.0,20,8,0.2,6.25,126
1293.0,89107.0,86180.0,0.15,0.015,0.0027397260273972603,-1.0,-2.5,10.0,20,8,0.2,6.25,133
1294.0,85933.0,82585.0,0.15,0.015,0.0027397260273972603,-1.0,-2.5,10.0,20,8,0.2,6.25,140
1295.0,11986.0,73414.0,0.15,0.015,0.0027397260273972603,-1.0,-2.5,10.0,20,8,0.2,6.25,147
1296.0,40159.0,20446.0,0.15,0.015,0.0027397260273972603,-1.0,-2.5,10.0,20,8,0.2,6.25,154
1297.0,62310.0,37186.0,0.15,0.015,0.0027397260273972603,-1.0,-2.5,10.0,20,8,0.2,6.25,161
1298.0,71376.0,11997.0,0.15,0.015,0.0027397260273972603,-1.0,-2.5,10.0,20,8,0.2,6.25,168
1299.0,94512.0,98122.0,0.15,0.015,0.0027397260273972603,-1.0,-2.5,10.0,20,8,0.2,6.5,7
1300.0,46458.0,60604.0,0.15,0.015,0.0027397260273972603,-1.0,-2.5,10.0,20,8,0.2,6.5,14
1301.0,33640.0,96363.0,0.15,0.015,0.0027397260273972603,-1.0,-2.5,10.0,20,8,0.2,6.5,21
1302.0,12709.0,57312.0,0.15,0.015,0.0027397260273972603,-1.0,-2.5,10.0,20,8,0.2,6.5,28
1303.0,1312.0,53054.0,0.15,0.015,0.0027397260273972603,-1.0,-2.5,10.0,20,8,0.2,6.5,35
1304.0,6712.0,5119.0,0.15,0.015,0.0027397260273972603,-1.0,-2.5,10.0,20,8,0.2,6.5,42
1305.0,54807.0,50264.0,0.15,0.015,0.0027397260273972603,-1.0,-2.5,10.0,20,8,0.2,6.5,49
1306.0,21704.0,97642.0,0.15,0.015,0.0027397260273972603,-1.0,-2.5,10.0,20,8,0.2,6.5,56
1307.0,8099.0,19637.0,0.15,0.015,0.0027397260273972603,-1.0,-2.5,10.0,20,8,0.2,6.5,63
1308.0,94734.0,28064.0,0.15,0.015,0.0027397260273972603,-1.0,-2.5,10.0,20,8,0.2,6.5,70
1309.0,29819.0,82098.0,0.15,0.015,0.0027397260273972603,-1.0,-2.5,10.0,20,8,0.2,6.5,77
1310.0,49678.0,23150.0,0.15,0.015,0.0027397260273972603,-1.0,-2.5,10.0,20,8,0.2,6.5,84
1311.0,83558.0,57052.0,0.15,0.015,0.0027397260273972603,-1.0,-2.5,10.0,20,8,0.2,6.5,91
1312.0,56909.0,55184.0,0.15,0.015,0.0027397260273972603,-1.0,-2.5,10.0,20,8,0.2,6.5,98
1313.0,69139.0,75570.0,0.15,0.015,0.0027397260273972603,-1.0,-2.5,10.0,20,8,0.2,6.5,105
1314.0,52492.0,41682.0,0.15,0.015,0.0027397260273972603,-1.0,-2.5,10.0,20,8,0.2,6.5,112
1315.0,43564.0,44129.0,0.15,0.015,0.0027397260273972603,-1.0,-2.5,10.0,20,8,0.2,6.5,119
1316.0,13888.0,15993.0,0.15,0.015,0.0027397260273972603,-1.0,-2.5,10.0,20,8,0.2,6.5,126
1317.0,56293.0,10247.0,0.15,0.015,0.0027397260273972603,-1.0,-2.5,10.0,20,8,0.2,6.5,133
1318.0,78686.0,85492.0,0.15,0.015,0.0027397260273972603,-1.0,-2.5,10.0,20,8,0.2,6.5,140
1319.0,55510.0,43674.0,0.15,0.015,0.0027397260273972603,-1.0,-2.5,10.0,20,8,0.2,6.5,147
1320.0,64818.0,78888.0,0.15,0.015,0.0027397260273972603,-1.0,-2.5,10.0,20,8,0.2,6.5,154
1321.0,29603.0,74262.0,0.15,0.015,0.0027397260273972603,-1.0,-2.5,10.0,20,8,0.2,6.5,161
1322.0,41535.0,78118.0,0.15,0.015,0.0027397260273972603,-1.0,-2.5,10.0,20,8,0.2,6.5,168
1323.0,87841.0,40875.0,0.15,0.015,0.0027397260273972603,-1.0,-2.5,10.0,20,8,0.2,6.5,175
1324.0,20415.0,99007.0,0.15,0.015,0.0027397260273972603,-1.0,-2.5,10.0,20,8,0.2,6.75,7
1325.0,53487.0,82455.0,0.15,0.015,0.0027397260273972603,-1.0,-2.5,10.0,20,8,0.2,6.75,14
1326.0,49835.0,24655.0,0.15,0.015,0.0027397260273972603,-1.0,-2.5,10.0,20,8,0.2,6.75,21
1327.0,22330.0,42770.0,0.15,0.015,0.0027397260273972603,-1.0,-2.5,10.0,20,8,0.2,6.75,28
1328.0,95174.0,17576.0,0.15,0.015,0.0027397260273972603,-1.0,-2.5,10.0,20,8,0.2,6.75,35
1329.0,40252.0,5825.0,0.15,0.015,0.0027397260273972603,-1.0,-2.5,10.0,20,8,0.2,6.75,42
1330.0,2144.0,52104.0,0.15,0.015,0.0027397260273972603,-1.0,-2.5,10.0,20,8,0.2,6.75,49
1331.0,63215.0,70525.0,0.15,0.015,0.0027397260273972603,-1.0,-2.5,10.0,20,8,0.2,6.75,56
1332.0,78858.0,66240.0,0.15,0.015,0.0027397260273972603,-1.0,-2.5,10.0,20,8,0.2,6.75,63
1333.0,225.0,83819.0,0.15,0.015,0.0027397260273972603,-1.0,-2.5,10.0,20,8,0.2,6.75,70
1334.0,52059.0,92211.0,0.15,0.015,0.0027397260273972603,-1.0,-2.5,10.0,20,8,0.2,6.75,77
1335.0,85524.0,96073.0,0.15,0.015,0.0027397260273972603,-1.0,-2.5,10.0,20,8,0.2,6.75,84
1336.0,13945.0,1586.0,0.15,0.015,0.0027397260273972603,-1.0,-2.5,10.0,20,8,0.2,6.75,91
1337.0,41935.0,29750.0,0.15,0.015,0.0027397260273972603,-1.0,-2.5,10.0,20,8,0.2,6.75,98
1338.0,6518.0,82637.0,0.15,0.015,0.0027397260273972603,-1.0,-2.5,10.0,20,8,0.2,6.75,105
1339.0,53007.0,70911.0,0.15,0.015,0.0027397260273972603,-1.0,-2.5,10.0,20,8,0.2,6.75,112
1340.0,7201.0,88395.0,0.15,0.015,0.0027397260273972603,-1.0,-2.5,10.0,20,8,0.2,6.75,119
1341.0,74524.0,5958.0,0.15,0.015,0.0027397260273972603,-1.0,-2.5,10.0,20,8,0.2,6.75,126
1342.0,81502.0,33507.0,0.15,0.015,0.0027397260273972603,-1.0,-2.5,10.0,20,8,0.2,6.75,133
1343.0,44913.0,51339.0,0.15,0.015,0.0027397260273972603,-1.0,-2.5,10.0,20,8,0.2,6.75,140
1344.0,85878.0,24618.0,0.15,0.015,0.0027397260273972603,-1.0,-2.5,10.0,20,8,0.2,6.75,147
1345.0,91205.0,6060.0,0.15,0.015,0.0027397260273972603,-1.0,-2.5,10.0,20,8,0.2,6.75,154
1346.0,15226.0,71365.0,0.15,0.015,0.0027397260273972603,-1.0,-2.5,10.0,20,8,0.2,6.75,161
1347.0,43555.0,32313.0,0.15,0.015,0.0027397260273972603,-1.0,-2.5,10.0,20,8,0.2,6.75,168
1348.0,46058.0,759.0,0.15,0.015,0.0027397260273972603,-1.0,-2.5,10.0,20,8,0.2,6.75,175
1349.0,9960.0,80810.0,0.15,0.015,0.0027397260273972603,-1.0,-2.5,10.0,20,8,0.2,6.75,182
1350.0,48460.0,51279.0,0.15,0.015,0.0027397260273972603,-1.0,-2.5,10.0,20,8,0.2,7.0,7
1351.0,83872.0,22501.0,0.15,0.015,0.0027397260273972603,-1.0,-2.5,10.0,20,8,0.2,7.0,14
1352.0,6397.0,90955.0,0.15,0.015,0.0027397260273972603,-1.0,-2.5,10.0,20,8,0.2,7.0,21
1353.0,92333.0,26006.0,0.15,0.015,0.0027397260273972603,-1.0,-2.5,10.0,20,8,0.2,7.0,28
1354.0,4104.0,72847.0,0.15,0.015,0.0027397260273972603,-1.0,-2.5,10.0,20,8,0.2,7.0,35
1355.0,2237.0,9423.0,0.15,0.015,0.0027397260273972603,-1.0,-2.5,10.0,20,8,0.2,7.0,42
1356.0,54672.0,62767.0,0.15,0.015,0.0027397260273972603,-1.0,-2.5,10.0,20,8,0.2,7.0,49
1357.0,4892.0,72580.0,0.15,0.015,0.0027397260273972603,-1.0,-2.5,10.0,20,8,0.2,7.0,56
1358.0,25724.0,12373.0,0.15,0.015,0.0027397260273972603,-1.0,-2.5,10.0,20,8,0.2,7.0,63
1359.0,91909.0,4111.0,0.15,0.015,0.0027397260273972603,-1.0,-2.5,10.0,20,8,0.2,7.0,70
1360.0,70359.0,51512.0,0.15,0.015,0.0027397260273972603,-1.0,-2.5,10.0,20,8,0.2,7.0,77
1361.0,36486.0,46744.0,0.15,0.015,0.0027397260273972603,-1.0,-2.5,10.0,20,8,0.2,7.0,84
1362.0,46855.0,51673.0,0.15,0.015,0.0027397260273972603,-1.0,-2.5,10.0,20,8,0.2,7.0,91
1363.0,31580.0,25150.0,0.15,0.015,0.0027397260273972603,-1.0,-2.5,10.0,20,8,0.2,7.0,98
1364.0,76718.0,74203.0,0.15,0.015,0.0027397260273972603,-1.0,-2.5,10.0,20,8,0.2,7.0,105
1365.0,21783.0,30375.0,0.15,0.015,0.0027397260273972603,-1.0,-2.5,10.0,20,8,0.2,7.0,112
1366.0,8945.0,24500.0,0.15,0.015,0.0027397260273972603,-1.0,-2.5,10.0,20,8,0.2,7.0,119
1367.0,51544.0,97248.0,0.15,0.015,0.0027397260273972603,-1.0,-2.5,10.0,20,8,0.2,7.0,126
1368.0,38716.0,99484.0,0.15,0.015,0.0027397260273972603,-1.0,-2.5,10.0,20,8,0.2,7.0,133
1369.0,47723.0,47461.0,0.15,0.015,0.0027397260273972603,-1.0,-2.5,10.0,20,8,0.2,7.0,140
1370.0,14779.0,53069.0,0.15,0.015,0.0027397260273972603,-1.0,-2.5,10.0,20,8,0.2,7.0,147
1371.0,96455.0,18992.0,0.15,0.015,0.0027397260273972603,-1.0,-2.5,10.0,20,8,0.2,7.0,154
1372.0,70669.0,30408.0,0.15,0.015,0.0027397260273972603,-1.0,-2.5,10.0,20,8,0.2,7.0,161
1373.0,10406.0,77488.0,0.15,0.015,0.0027397260273972603,-1.0,-2.5,10.0,20,8,0.2,7.0,168
1374.0,46217.0,54065.0,0.15,0.015,0.0027397260273972603,-1.0,-2.5,10.0,20,8,0.2,7.0,175
1375.0,1533.0,468.0,0.15,0.015,0.0027397260273972603,-1.0,-2.5,10.0,20,8,0.2,7.0,182
1376.0,35951.0,31960.0,0.15,0.015,0.0027397260273972603,-1.0,-2.5,10.0,20,8,0.2,7.0,189
1377.0,78150.0,57295.0,0.15,0.015,0.0027397260273972603,-1.0,-2.5,10.0,20,8,0.2,7.25,7
1378.0,12094.0,24804.0,0.15,0.015,0.0027397260273972603,-1.0,-2.5,10.0,20,8,0.2,7.25,14
1379.0,9190.0,48191.0,0.15,0.015,0.0027397260273972603,-1.0,-2.5,10.0,20,8,0.2,7.25,21
1380.0,81403.0,34979.0,0.15,0.015,0.0027397260273972603,-1.0,-2.5,10.0,20,8,0.2,7.25,28
1381.0,15543.0,90827.0,0.15,0.015,0.0027397260273972603,-1.0,-2.5,10.0,20,8,0.2,7.25,35
1382.0,22640.0,18649.0,0.15,0.015,0.0027397260273972603,-1.0,-2.5,10.0,20,8,0.2,7.25,42
1383.0,20339.0,61276.0,0.15,0.015,0.0027397260273972603,-1.0,-2.5,10.0,20,8,0.2,7.25,49
1384.0,46704.0,9384.0,0.15,0.015,0.0027397260273972603,-1.0,-2.5,10.0,20,8,0.2,7.25,56
1385.0,88362.0,16683.0,0.15,0.015,0.0027397260273972603,-1.0,-2.5,10.0,20,8,0.2,7.25,63
1386.0,98114.0,27584.0,0.15,0.015,0.0027397260273972603,-1.0,-2.5,10.0,20,8,0.2,7.25,70
1387.0,31100.0,51537.0,0.15,0.015,0.0027397260273972603,-1.0,-2.5,10.0,20,8,0.2,7.25,77
1388.0,25005.0,18170.0,0.15,0.015,0.0027397260273972603,-1.0,-2.5,10.0,20,8,0.2,7.25,84
1389.0,22672.0,43464.0,0.15,0.015,0.0027397260273972603,-1.0,-2.5,10.0,20,8,0.2,7.25,91
1390.0,85546.0,24663.0,0.15,0.015,0.0027397260273972603,-1.0,-2.5,10.0,20,8,0.2,7.25,98
1391.0,83780.0,31325.0,0.15,0.015,0.0027397260273972603,-1.0,-2.5,10.0,20,8,0.2,7.25,105
1392.0,19123.0,10650.0,0.15,0.015,0.0027397260273972603,-1.0,-2.5,10.0,20,8,0.2,7.25,112
1393.0,90933.0,47034.0,0.15,0.015,0.0027397260273972603,-1.0,-2.5,10.0,20,8,0.2,7.25,119
1394.0,58923.0,38581.0,0.15,0.015,0.0027397260273972603,-1.0,-2.5,10.0,20,8,0.2,7.25,126
1395.0,46733.0,58322.0,0.15,0.015,0.0027397260273972603,-1.0,-2.5,10.0,20,8,0.2,7.25,133
1396.0,88657.0,27120.0,0.15,0.015,0.0027397260273972603,-1.0,-2.5,10.0,20,8,0.2,7.25,140
1397.0,20038.0,39208.0,0.15,0.015,0.0027397260273972603,-1.0,-2.5,10.0,20,8,0.2,7.25,147
1398.0,37544.0,25482.0,0.15,0.015,0.0027397260273972603,-1.0,-2.5,10.0,20,8,0.2,7.25,154
1399.0,90340.0,66706.0,0.15,0.015,0.0027397260273972603,-1.0,-2.5,10.0,20,8,0.2,7.25,161
1400.0,42070.0,44627.0,0.15,0.015,0.0027397260273972603,-1.0,-2.5,10.0,20,8,0.2,7.25,168
1401.0,93671.0,60236.0,0.15,0.015,0.0027397260273972603,-1.0,-2.5,10.0,20,8,0.2,7.25,175
1402.0,3945.0,96059.0,0.15,0.015,0.0027397260273972603,-1.0,-2.5,10.0,20,8,0.2,7.25,182
1403.0,49607.0,46206.0,0.15,0.015,0.0027397260273972603,-1.0,-2.5,10.0,20,8,0.2,7.25,189
1404.0,84226.0,36440.0,0.15,0.015,0.0027397260273972603,-1.0,-2.5,10.0,20,8,0.2,7.25,196
1405.0,25551.0,44387.0,0.15,0.015,0.0027397260273972603,-1.0,-2.5,10.0,20,8,0.2,7.5,7
1406.0,40932.0,52857.0,0.15,0.015,0.0027397260273972603,-1.0,-2.5,10.0,20,8,0.2,7.5,14
1407.0,84689.0,56810.0,0.15,0.015,0.0027397260273972603,-1.0,-2.5,10.0,20,8,0.2,7.5,21
1408.0,94462.0,36206.0,0.15,0.015,0.0027397260273972603,-1.0,-2.5,10.0,20,8,0.2,7.5,28
1409.0,67632.0,62795.0,0.15,0.015,0.0027397260273972603,-1.0,-2.5,10.0,20,8,0.2,7.5,35
1410.0,72628.0,82603.0,0.15,0.015,0.0027397260273972603,-1.0,-2.5,10.0,20,8,0.2,7.5,42
1411.0,23501.0,11376.0,0.15,0.015,0.0027397260273972603,-1.0,-2.5,10.0,20,8,0.2,7.5,49
1412.0,15550.0,16228.0,0.15,0.015,0.0027397260273972603,-1.0,-2.5,10.0,20,8,0.2,7.5,56
1413.0,83386.0,3242.0,0.15,0.015,0.0027397260273972603,-1.0,-2.5,10.0,20,8,0.2,7.5,63
1414.0,84236.0,57222.0,0.15,0.015,0.0027397260273972603,-1.0,-2.5,10.0,20,8,0.2,7.5,70
1415.0,2904.0,51817.0,0.15,0.015,0.0027397260273972603,-1.0,-2.5,10.0,20,8,0.2,7.5,77
1416.0,5646.0,49765.0,0.15,0.015,0.0027397260273972603,-1.0,-2.5,10.0,20,8,0.2,7.5,84
1417.0,79849.0,13437.0,0.15,0.015,0.0027397260273972603,-1.0,-2.5,10.0,20,8,0.2,7.5,91
1418.0,39222.0,37551.0,0.15,0.015,0.0027397260273972603,-1.0,-2.5,10.0,20,8,0.2,7.5,98
1419.0,61276.0,87520.0,0.15,0.015,0.0027397260273972603,-1.0,-2.5,10.0,20,8,0.2,7.5,105
1420.0,7113.0,22684.0,0.15,0.015,0.0027397260273972603,-1.0,-2.5,10.0,20,8,0.2,7.5,112
1421.0,96734.0,14096.0,0.15,0.015,0.0027397260273972603,-1.0,-2.5,10.0,20,8,0.2,7.5,119
1422.0,21573.0,74414.0,0.15,0.015,0.0027397260273972603,-1.0,-2.5,10.0,20,8,0.2,7.5,126
1423.0,45926.0,36603.0,0.15,0.015,0.0027397260273972603,-1.0,-2.5,10.0,20,8,0.2,7.5,133
1424.0,28152.0,81633.0,0.15,0.015,0.0027397260273972603,-1.0,-2.5,10.0,20,8,0.2,7.5,140
1425.0,53423.0,93721.0,0.15,0.015,0.0027397260273972603,-1.0,-2.5,10.0,20,8,0.2,7.5,147
1426.0,54044.0,90944.0,0.15,0.015,0.0027397260273972603,-1.0,-2.5,10.0,20,8,0.2,7.5,154
1427.0,74412.0,53152.0,0.15,0.015,0.0027397260273972603,-1.0,-2.5,10.0,20,8,0.2,7.5,161
1428.0,18124.0,82581.0,0.15,0.015,0.0027397260273972603,-1.0,-2.5,10.0,20,8,0.2,7.5,168
1429.0,64886.0,85982.0,0.15,0.015,0.0027397260273972603,-1.0,-2.5,10.0,20,8,0.2,7.5,175
1430.0,37850.0,12344.0,0.15,0.015,0.0027397260273972603,-1.0,-2.5,10.0,20,8,0.2,7.5,182
1431.0,5604.0,67712.0,0.15,0.015,0.0027397260273972603,-1.0,-2.5,10.0,20,8,0.2,7.5,189
1432.0,71807.0,89595.0,0.15,0.015,0.0027397260273972603,-1.0,-2.5,10.0,20,8,0.2,7.5,196
1433.0,38170.0,83871.0,0.15,0.015,0.0027397260273972603,-1.0,-2.5,10.0,20,8,0.2,7.5,203
1434.0,88909.0,83839.0,0.15,0.015,0.0027397260273972603,-1.0,-2.5,10.0,20,8,0.2,7.75,7
1435.0,85039.0,66132.0,0.15,0.015,0.0027397260273972603,-1.0,-2.5,10.0,20,8,0.2,7.75,14
1436.0,5702.0,16985.0,0.15,0.015,0.0027397260273972603,-1.0,-2.5,10.0,20,8,0.2,7.75,21
1437.0,70379.0,30376.0,0.15,0.015,0.0027397260273972603,-1.0,-2.5,10.0,20,8,0.2,7.75,28
1438.0,67182.0,24790.0,0.15,0.015,0.0027397260273972603,-1.0,-2.5,10.0,20,8,0.2,7.75,35
1439.0,43184.0,81674.0,0.15,0.015,0.0027397260273972603,-1.0,-2.5,10.0,20,8,0.2,7.75,42
1440.0,68486.0,89550.0,0.15,0.015,0.0027397260273972603,-1.0,-2.5,10.0,20,8,0.2,7.75,49
1441.0,54763.0,47596.0,0.15,0.015,0.0027397260273972603,-1.0,-2.5,10.0,20,8,0.2,7.75,56
1442.0,85873.0,41662.0,0.15,0.015,0.0027397260273972603,-1.0,-2.5,10.0,20,8,0.2,7.75,63
1443.0,36568.0,1418.0,0.15,0.015,0.0027397260273972603,-1.0,-2.5,10.0,20,8,0.2,7.75,70
1444.0,93060.0,58363.0,0.15,0.015,0.0027397260273972603,-1.0,-2.5,10.0,20,8,0.2,7.75,77
1445.0,59633.0,48160.0,0.15,0.015,0.0027397260273972603,-1.0,-2.5,10.0,20,8,0.2,7.75,84
1446.0,54821.0,4002.0,0.15,0.015,0.0027397260273972603,-1.0,-2.5,10.0,20,8,0.2,7.75,91
1447.0,95771.0,90214.0,0.15,0.015,0.0027397260273972603,-1.0,-2.5,10.0,20,8,0.2,7.75,98
1448.0,96650.0,68986.0,0.15,0.015,0.0027397260273972603,-1.0,-2.5,10.0,20,8,0.2,7.75,105
1449.0,85213.0,9979.0,0.15,0.015,0.0027397260273972603,-1.0,-2.5,10.0,20,8,0.2,7.75,112
1450.0,70391.0,99904.0,0.15,0.015,0.0027397260273972603,-1.0,-2.5,10.0,20,8,0.2,7.75,119
1451.0,38345.0,22604.0,0.15,0.015,0.0027397260273972603,-1.0,-2.5,10.0,20,8,0.2,7.75,126
1452.0,92465.0,8967.0,0.15,0.015,0.0027397260273972603,-1.0,-2.5,10.0,20,8,0.2,7.75,133
1453.0,91817.0,40442.0,0.15,0.015,0.0027397260273972603,-1.0,-2.5,10.0,20,8,0.2,7.75,140
1454.0,19385.0,77642.0,0.15,0.015,0.0027397260273972603,-1.0,-2.5,10.0,20,8,0.2,7.75,147
1455.0,54224.0,4713.0,0.15,0.015,0.0027397260273972603,-1.0,-2.5,10.0,20,8,0.2,7.75,154
1456.0,48765.0,25186.0,0.15,0.015,0.0027397260273972603,-1.0,-2.5,10.0,20,8,0.2,7.75,161
1457.0,55723.0,16260.0,0.15,0.015,0.0027397260273972603,-1.0,-2.5,10.0,20,8,0.2,7.75,168
1458.0,21781.0,42199.0,0.15,0.015,0.0027397260273972603,-1.0,-2.5,10.0,20,8,0.2,7.75,175
1459.0,97784.0,4782.0,0.15,0.015,0.0027397260273972603,-1.0,-2.5,10.0,20,8,0.2,7.75,182
1460.0,68135.0,72576.0,0.15,0.015,0.0027397260273972603,-1.0,-2.5,10.0,20,8,0.2,7.75,189
1461.0,9950.0,80751.0,0.15,0.015,0.0027397260273972603,-1.0,-2.5,10.0,20,8,0.2,7.75,196
1462.0,64566.0,69397.0,0.15,0.015,0.0027397260273972603,-1.0,-2.5,10.0,20,8,0.2,7.75,203
1463.0,58791.0,92066.0,0.15,0.015,0.0027397260273972603,-1.0,-2.5,10.0,20,8,0.2,7.75,210
1464.0,65238.0,78913.0,0.15,0.015,0.0027397260273972603,-1.0,-2.5,10.0,20,8,0.2,8.0,7
1465.0,50648.0,12518.0,0.15,0.015,0.0027397260273972603,-1.0,-2.5,10.0,20,8,0.2,8.0,14
1466.0,14775.0,64836.0,0.15,0.015,0.0027397260273972603,-1.0,-2.5,10.0,20,8,0.2,8.0,21
1467.0,38997.0,29566.0,0.15,0.015,0.0027397260273972603,-1.0,-2.5,10.0,20,8,0.2,8.0,28
1468.0,88133.0,27202.0,0.15,0.015,0.0027397260273972603,-1.0,-2.5,10.0,20,8,0.2,8.0,35
1469.0,36430.0,80782.0,0.15,0.015,0.0027397260273972603,-1.0,-2.5,10.0,20,8,0.2,8.0,42
1470.0,22813.0,93757.0,0.15,0.015,0.0027397260273972603,-1.0,-2.5,10.0,20,8,0.2,8.0,49
1471.0,21272.0,20160.0,0.15,0.015,0.0027397260273972603,-1.0,-2.5,10.0,20,8,0.2,8.0,56
1472.0,70095.0,78723.0,0.15,0.015,0.0027397260273972603,-1.0,-2.5,10.0,20,8,0.2,8.0,63
1473.0,63303.0,36146.0,0.15,0.015,0.0027397260273972603,-1.0,-2.5,10.0,20,8,0.2,8.0,70
1474.0,15557.0,47671.0,0.15,0.015,0.0027397260273972603,-1.0,-2.5,10.0,20,8,0.2,8.0,77
1475.0,43338.0,84808.0,0.15,0.015,0.0027397260273972603,-1.0,-2.5,10.0,20,8,0.2,8.0,84
1476.0,24164.0,21407.0,0.15,0.015,0.0027397260273972603,-1.0,-2.5,10.0,20,8,0.2,8.0,91
1477.0,79739.0,29945.0,0.15,0.015,0.0027397260273972603,-1.0,-2.5,10.0,20,8,0.2,8.0,98
1478.0,19965.0,69096.0,0.15,0.015,0.0027397260273972603,-1.0,-2.5,10.0,20,8,0.2,8.0,105
1479.0,55195.0,27222.0,0.15,0.015,0.0027397260273972603,-1.0,-2.5,10.0,20,8,0.2,8.0,112
1480.0,47343.0,17128.0,0.15,0.015,0.0027397260273972603,-1.0,-2.5,10.0,20,8,0.2,8.0,119
1481.0,99236.0,73378.0,0.15,0.015,0.0027397260273972603,-1.0,-2.5,10.0,20,8,0.2,8.0,126
1482.0,56767.0,73833.0,0.15,0.015,0.0027397260273972603,-1.0,-2.5,10.0,20,8,0.2,8.0,133
1483.0,24597.0,59863.0,0.15,0.015,0.0027397260273972603,-1.0,-2.5,10.0,20,8,0.2,8.0,140
1484.0,43274.0,72201.0,0.15,0.015,0.0027397260273972603,-1.0,-2.5,10.0,20,8,0.2,8.0,147
1485.0,48488.0,89031.0,0.15,0.015,0.0027397260273972603,-1.0,-2.5,10.0,20,8,0.2,8.0,154
1486.0,39099.0,85912.0,0.15,0.015,0.0027397260273972603,-1.0,-2.5,10.0,20,8,0.2,8.0,161
1487.0,78806.0,96727.0,0.15,0.015,0.0027397260273972603,-1.0,-2.5,10.0,20,8,0.2,8.0,168
1488.0,13483.0,22439.0,0.15,0.015,0.0027397260273972603,-1.0,-2.5,10.0,20,8,0.2,8.0,175
1489.0,87950.0,86573.0,0.15,0.015,0.0027397260273972603,-1.0,-2.5,10.0,20,8,0.2,8.0,182
1490.0,22895.0,28707.0,0.15,0.015,0.0027397260273972603,-1.0,-2.5,10.0,20,8,0.2,8.0,189
1491.0,37615.0,18935.0,0.15,0.015,0.0027397260273972603,-1.0,-2.5,10.0,20,8,0.2,8.0,196
1492.0,4499.0,72562.0,0.15,0.015,0.0027397260273972603,-1.0,-2.5,10.0,20,8,0.2,8.0,203
1493.0,64777.0,55701.0,0.15,0.015,0.0027397260273972603,-1.0,-2.5,10.0,20,8,0.2,8.0,210
1494.0,62681.0,96529.0,0.15,0.015,0.0027397260273972603,-1.0,-2.5,10.0,20,8,0.2,8.0,217
1495.0,60147.0,58410.0,0.15,0.015,0.0027397260273972603,-1.0,-2.5,10.0,20,8,0.2,8.25,7
1496.0,5732.0,56664.0,0.15,0.015,0.0027397260273972603,-1.0,-2.5,10.0,20,8,0.2,8.25,14
1497.0,37802.0,50766.0,0.15,0.015,0.0027397260273972603,-1.0,-2.5,10.0,20,8,0.2,8.25,21
1498.0,10501.0,93315.0,0.15,0.015,0.0027397260273972603,-1.0,-2.5,10.0,20,8,0.2,8.25,28
1499.0,36038.0,87516.0,0.15,0.015,0.0027397260273972603,-1.0,-2.5,10.0,20,8,0.2,8.25,35
1500.0,78848.0,58454.0,0.15,0.015,0.0027397260273972603,-1.0,-2.5,10.0,20,8,0.2,8.25,42
1501.0,78853.0,51448.0,0.15,0.015,0.0027397260273972603,-1.0,-2.5,10.0,20,8,0.2,8.25,49
1502.0,71940.0,31962.0,0.15,0.015,0.0027397260273972603,-1.0,-2.5,10.0,20,8,0.2,8.25,56
1503.0,65800.0,8880.0,0.15,0.015,0.0027397260273972603,-1.0,-2.5,10.0,20,8,0.2,8.25,63
1504.0,31603.0,27934.0,0.15,0.015,0.0027397260273972603,-1.0,-2.5,10.0,20,8,0.2,8.25,70
1505.0,73393.0,64080.0,0.15,0.015,0.0027397260273972603,-1.0,-2.5,10.0,20,8,0.2,8.25,77
1506.0,87831.0,78545.0,0.15,0.015,0.0027397260273972603,-1.0,-2.5,10.0,20,8,0.2,8.25,84
1507.0,82679.0,69585.0,0.15,0.015,0.0027397260273972603,-1.0,-2.5,10.0,20,8,0.2,8.25,91
1508.0,9114.0,87321.0,0.15,0.015,0.0027397260273972603,-1.0,-2.5,10.0,20,8,0.2,8.25,98
1509.0,97973.0,58067.0,0.15,0.015,0.0027397260273972603,-1.0,-2.5,10.0,20,8,0.2,8.25,105
1510.0,85341.0,24890.0,0.15,0.015,0.0027397260273972603,-1.0,-2.5,10.0,20,8,0.2,8.25,112
1511.0,44512.0,54844.0,0.15,0.015,0.0027397260273972603,-1.0,-2.5,10.0,20,8,0.2,8.25,119
1512.0,28333.0,96525.0,0.15,0.015,0.0027397260273972603,-1.0,-2.5,10.0,20,8,0.2,8.25,126
1513.0,76750.0,6281.0,0.15,0.015,0.0027397260273972603,-1.0,-2.5,10.0,20,8,0.2,8.25,133
1514.0,42317.0,49067.0,0.15,0.015,0.0027397260273972603,-1.0,-2.5,10.0,20,8,0.2,8.25,140
1515.0,54849.0,20412.0,0.15,0.015,0.0027397260273972603,-1.0,-2.5,10.0,20,8,0.2,8.25,147
1516.0,54545.0,82332.0,0.15,0.015,0.0027397260273972603,-1.0,-2.5,10.0,20,8,0.2,8.25,154
1517.0,22899.0,30202.0,0.15,0.015,0.0027397260273972603,-1.0,-2.5,10.0,20,8,0.2,8.25,161
1518.0,22506.0,85445.0,0.15,0.015,0.0027397260273972603,-1.0,-2.5,10.0,20,8,0.2,8.25,168
1519.0,46499.0,62288.0,0.15,0.015,0.0027397260273972603,-1.0,-2.5,10.0,20,8,0.2,8.25,175
1520.0,5857.0,51212.0,0.15,0.015,0.0027397260273972603,-1.0,-2.5,10.0,20,8,0.2,8.25,182
1521.0,23387.0,86340.0,0.15,0.015,0.0027397260273972603,-1.0,-2.5,10.0,20,8,0.2,8.25,189
1522.0,48242.0,94552.0,0.15,0.015,0.0027397260273972603,-1.0,-2.5,10.0,20,8,0.2,8.25,196
1523.0,9705.0,99650.0,0.15,0.015,0.0027397260273972603,-1.0,-2.5,10.0,20,8,0.2,8.25,203
1524.0,68698.0,72760.0,0.15,0.015,0.0027397260273972603,-1.0,-2.5,10.0,20,8,0.2,8.25,210
1525.0,14939.0,24697.0,0.15,0.015,0.0027397260273972603,-1.0,-2.5,10.0,20,8,0.2,8.25,217
1526.0,26694.0,16033.0,0.15,0.015,0.0027397260273972603,-1.0,-2.5,10.0,20,8,0.2,8.25,224
1527.0,33024.0,69830.0,0.15,0.015,0.0027397260273972603,-1.0,-2.5,10.0,20,8,0.2,8.5,7
1528.0,33953.0,32780.0,0.15,0.015,0.0027397260273972603,-1.0,-2.5,10.0,20,8,0.2,8.5,14
1529.0,34062.0,90657.0,0.15,0.015,0.0027397260273972603,-1.0,-2.5,10.0,20,8,0.2,8.5,21
1530.0,74287.0,96160.0,0.15,0.015,0.0027397260273972603,-1.0,-2.5,10.0,20,8,0.2,8.5,28
1531.0,66144.0,55422.0,0.15,0.015,0.0027397260273972603,-1.0,-2.5,10.0,20,8,0.2,8.5,35
1532.0,69456.0,97720.0,0.15,0.015,0.0027397260273972603,-1.0,-2.5,10.0,20,8,0.2,8.5,42
1533.0,47573.0,57955.0,0.15,0.015,0.0027397260273972603,-1.0,-2.5,10.0,20,8,0.2,8.5,49
1534.0,47608.0,92429.0,0.15,0.015,0.0027397260273972603,-1.0,-2.5,10.0,20,8,0.2,8.5,56
1535.0,31966.0,93577.0,0.15,0.015,0.0027397260273972603,-1.0,-2.5,10.0,20,8,0.2,8.5,63
1536.0,64159.0,23691.0,0.15,0.015,0.0027397260273972603,-1.0,-2.5,10.0,20,8,0.2,8.5,70
1537.0,34833.0,4043.0,0.15,0.015,0.0027397260273972603,-1.0,-2.5,10.0,20,8,0.2,8.5,77
1538.0,57798.0,3180.0,0.15,0.015,0.0027397260273972603,-1.0,-2.5,10.0,20,8,0.2,8.5,84
1539.0,54244.0,28350.0,0.15,0.015,0.0027397260273972603,-1.0,-2.5,10.0,20,8,0.2,8.5,91
1540.0,52971.0,49978.0,0.15,0.015,0.0027397260273972603,-1.0,-2.5,10.0,20,8,0.2,8.5,98
1541.0,67612.0,39564.0,0.15,0.015,0.0027397260273972603,-1.0,-2.5,10.0,20,8,0.2,8.5,105
1542.0,96236.0,99247.0,0.15,0.015,0.0027397260273972603,-1.0,-2.5,10.0,20,8,0.2,8.5,112
1543.0,18359.0,66428.0,0.15,0.015,0.0027397260273972603,-1.0,-2.5,10.0,20,8,0.2,8.5,119
1544.0,15313.0,769.0,0.15,0.015,0.0027397260273972603,-1.0,-2.5,10.0,20,8,0.2,8.5,126
1545.0,83711.0,81275.0,0.15,0.015,0.0027397260273972603,-1.0,-2.5,10.0,20,8,0.2,8.5,133
1546.0,76982.0,19876.0,0.15,0.015,0.0027397260273972603,-1.0,-2.5,10.0,20,8,0.2,8.5,140
1547.0,97771.0,47188.0,0.15,0.015,0.0027397260273972603,-1.0,-2.5,10.0,20,8,0.2,8.5,147
1548.0,59476.0,80325.0,0.15,0.015,0.0027397260273972603,-1.0,-2.5,10.0,20,8,0.2,8.5,154
1549.0,15563.0,62134.0,0.15,0.015,0.0027397260273972603,-1.0,-2.5,10.0,20,8,0.2,8.5,161
1550.0,44427.0,57223.0,0.15,0.015,0.0027397260273972603,-1.0,-2.5,10.0,20,8,0.2,8.5,168
1551.0,62330.0,7900.0,0.15,0.015,0.0027397260273972603,-1.0,-2.5,10.0,20,8,0.2,8.5,175
1552.0,60174.0,6227.0,0.15,0.015,0.0027397260273972603,-1.0,-2.5,10.0,20,8,0.2,8.5,182
1553.0,67455.0,78436.0,0.15,0.015,0.0027397260273972603,-1.0,-2.5,10.0,20,8,0.2,8.5,189
1554.0,89782.0,46419.0,0.15,0.015,0.0027397260273972603,-1.0,-2.5,10.0,20,8,0.2,8.5,196
1555.0,57312.0,14981.0,0.15,0.015,0.0027397260273972603,-1.0,-2.5,10.0,20,8,0.2,8.5,203
1556.0,25608.0,53664.0,0.15,0.015,0.0027397260273972603,-1.0,-2.5,10.0,20,8,0.2,8.5,210
1557.0,56149.0,74348.0,0.15,0.015,0.0027397260273972603,-1.0,-2.5,10.0,20,8,0.2,8.5,217
1558.0,9802.0,65299.0,0.15,0.015,0.0027397260273972603,-1.0,-2.5,10.0,20,8,0.2,8.5,224
1559.0,7350.0,12251.0,0.15,0.015,0.0027397260273972603,-1.0,-2.5,10.0,20,8,0.2,8.5,231
1560.0,54280.0,94605.0,0.15,0.015,0.0027397260273972603,-1.0,-2.5,10.0,20,8,0.2,8.75,7
1561.0,86011.0,34311.0,0.15,0.015,0.0027397260273972603,-1.0,-2.5,10.0,20,8,0.2,8.75,14
1562.0,78917.0,69564.0,0.15,0.015,0.0027397260273972603,-1.0,-2.5,10.0,20,8,0.2,8.75,21
1563.0,6046.0,44357.0,0.15,0.015,0.0027397260273972603,-1.0,-2.5,10.0,20,8,0.2,8.75,28
1564.0,25892.0,8922.0,0.15,0.015,0.0027397260273972603,-1.0,-2.5,10.0,20,8,0.2,8.75,35
1565.0,87722.0,67500.0,0.15,0.015,0.0027397260273972603,-1.0,-2.5,10.0,20,8,0.2,8.75,42
1566.0,17838.0,22350.0,0.15,0.015,0.0027397260273972603,-1.0,-2.5,10.0,20,8,0.2,8.75,49
1567.0,75590.0,33255.0,0.15,0.015,0.0027397260273972603,-1.0,-2.5,10.0,20,8,0.2,8.75,56
1568.0,26829.0,63516.0,0.15,0.015,0.0027397260273972603,-1.0,-2.5,10.0,20,8,0.2,8.75,63
1569.0,96777.0,76834.0,0.15,0.015,0.0027397260273972603,-1.0,-2.5,10.0,20,8,0.2,8.75,70
1570.0,17845.0,40724.0,0.15,0.015,0.0027397260273972603,-1.0,-2.5,10.0,20,8,0.2,8.75,77
1571.0,26079.0,59615.0,0.15,0.015,0.0027397260273972603,-1.0,-2.5,10.0,20,8,0.2,8.75,84
1572.0,8551.0,86142.0,0.15,0.015,0.0027397260273972603,-1.0,-2.5,10.0,20,8,0.2,8.75,91
1573.0,22325.0,47003.0,0.15,0.015,0.0027397260273972603,-1.0,-2.5,10.0,20,8,0.2,8.75,98
1574.0,77280.0,35209.0,0.15,0.015,0.0027397260273972603,-1.0,-2.5,10.0,20,8,0.2,8.75,105
1575.0,18614.0,32148.0,0.15,0.015,0.0027397260273972603,-1.0,-2.5,10.0,20,8,0.2,8.75,112
1576.0,58296.0,59041.0,0.15,0.015,0.0027397260273972603,-1.0,-2.5,10.0,20,8,0.2,8.75,119
1577.0,25725.0,19277.0,0.15,0.015,0.0027397260273972603,-1.0,-2.5,10.0,20,8,0.2,8.75,126
1578.0,40545.0,42344.0,0.15,0.015,0.0027397260273972603,-1.0,-2.5,10.0,20,8,0.2,8.75,133
1579.0,34125.0,77252.0,0.15,0.015,0.0027397260273972603,-1.0,-2.5,10.0,20,8,0.2,8.75,140
1580.0,9112.0,46612.0,0.15,0.015,0.0027397260273972603,-1.0,-2.5,10.0,20,8,0.2,8.75,147
1581.0,74012.0,81846.0,0.15,0.015,0.0027397260273972603,-1.0,-2.5,10.0,20,8,0.2,8.75,154
1582.0,47099.0,7553.0,0.15,0.015,0.0027397260273972603,-1.0,-2.5,10.0,20,8,0.2,8.75,161
1583.0,40041.0,88572.0,0.15,0.015,0.0027397260273972603,-1.0,-2.5,10.0,20,8,0.2,8.75,168
1584.0,31486.0,95081.0,0.15,0.015,0.0027397260273972603,-1.0,-2.5,10.0,20,8,0.2,8.75,175
1585.0,27279.0,22330.0,0.15,0.015,0.0027397260273972603,-1.0,-2.5,10.0,20,8,0.2,8.75,182
1586.0,4990.0,14696.0,0.15,0.015,0.0027397260273972603,-1.0,-2.5,10.0,20,8,0.2,8.75,189
1587.0,47634.0,97294.0,0.15,0.015,0.0027397260273972603,-1.0,-2.5,10.0,20,8,0.2,8.75,196
1588.0,22238.0,54158.0,0.15,0.015,0.0027397260273972603,-1.0,-2.5,10.0,20,8,0.2,8.75,203
1589.0,24055.0,84807.0,0.15,0.015,0.0027397260273972603,-1.0,-2.5,10.0,20,8,0.2,8.75,210
1590.0,40221.0,92833.0,0.15,0.015,0.0027397260273972603,-1.0,-2.5,10.0,20,8,0.2,8.75,217
1591.0,76561.0,56733.0,0.15,0.015,0.0027397260273972603,-1.0,-2.5,10.0,20,8,0.2,8.75,224
1592.0,33266.0,85822.0,0.15,0.015,0.0027397260273972603,-1.0,-2.5,10.0,20,8,0.2,8.75,231
1593.0,39076.0,4204.0,0.15,0.015,0.0027397260273972603,-1.0,-2.5,10.0,20,8,0.2,8.75,238
1594.0,31864.0,57901.0,0.15,0.015,0.0027397260273972603,-1.0,-2.5,10.0,20,8,0.2,9.0,7
1595.0,23119.0,72045.0,0.15,0.015,0.0027397260273972603,-1.0,-2.5,10.0,20,8,0.2,9.0,14
1596.0,64527.0,6351.0,0.15,0.015,0.0027397260273972603,-1.0,-2.5,10.0,20,8,0.2,9.0,21
1597.0,40824.0,63650.0,0.15,0.015,0.0027397260273972603,-1.0,-2.5,10.0,20,8,0.2,9.0,28
1598.0,69660.0,50281.0,0.15,0.015,0.0027397260273972603,-1.0,-2.5,10.0,20,8,0.2,9.0,35
1599.0,53258.0,31147.0,0.15,0.015,0.0027397260273972603,-1.0,-2.5,10.0,20,8,0.2,9.0,42
1600.0,67349.0,92184.0,0.15,0.015,0.0027397260273972603,-1.0,-2.5,10.0,20,8,0.2,9.0,49
1601.0,24574.0,76228.0,0.15,0.015,0.0027397260273972603,-1.0,-2.5,10.0,20,8,0.2,9.0,56
1602.0,35487.0,77312.0,0.15,0.015,0.0027397260273972603,-1.0,-2.5,10.0,20,8,0.2,9.0,63
1603.0,75839.0,87375.0,0.15,0.015,0.0027397260273972603,-1.0,-2.5,10.0,20,8,0.2,9.0,70
1604.0,15930.0,70107.0,0.15,0.015,0.0027397260273972603,-1.0,-2.5,10.0,20,8,0.2,9.0,77
1605.0,60985.0,1437.0,0.15,0.015,0.0027397260273972603,-1.0,-2.5,10.0,20,8,0.2,9.0,84
1606.0,37720.0,84618.0,0.15,0.015,0.0027397260273972603,-1.0,-2.5,10.0,20,8,0.2,9.0,91
1607.0,35904.0,40881.0,0.15,0.015,0.0027397260273972603,-1.0,-2.5,10.0,20,8,0.2,9.0,98
1608.0,20654.0,20159.0,0.15,0.015,0.0027397260273972603,-1.0,-2.5,10.0,20,8,0.2,9.0,105
1609.0,66103.0,51578.0,0.15,0.015,0.0027397260273972603,-1.0,-2.5,10.0,20,8,0.2,9.0,112
1610.0,48604.0,154.0,0.15,0.015,0.0027397260273972603,-1.0,-2.5,10.0,20,8,0.2,9.0,119
1611.0,46040.0,53924.0,0.15,0.015,0.0027397260273972603,-1.0,-2.5,10.0,20,8,0.2,9.0,126
1612.0,23909.0,97546.0,0.15,0.015,0.0027397260273972603,-1.0,-2.5,10.0,20,8,0.2,9.0,133
1613.0,56853.0,15152.0,0.15,0.015,0.0027397260273972603,-1.0,-2.5,10.0,20,8,0.2,9.0,140
1614.0,26084.0,60916.0,0.15,0.015,0.0027397260273972603,-1.0,-2.5,10.0,20,8,0.2,9.0,147
1615.0,57624.0,71484.0,0.15,0.015,0.0027397260273972603,-1.0,-2.5,10.0,20,8,0.2,9.0,154
1616.0,14112.0,63610.0,0.15,0.015,0.0027397260273972603,-1.0,-2.5,10.0,20,8,0.2,9.0,161
1617.0,28989.0,93396.0,0.15,0.015,0.0027397260273972603,-1.0,-2.5,10.0,20,8,0.2,9.0,168
1618.0,1766.0,53137.0,0.15,0.015,0.0027397260273972603,-1.0,-2.5,10.0,20,8,0.2,9.0,175
1619.0,83369.0,72322.0,0.15,0.015,0.0027397260273972603,-1.0,-2.5,10.0,20,8,0.2,9.0,182
1620.0,28288.0,87474.0,0.15,0.015,0.0027397260273972603,-1.0,-2.5,10.0,20,8,0.2,9.0,189
1621.0,15751.0,36747.0,0.15,0.015,0.0027397260273972603,-1.0,-2.5,10.0,20,8,0.2,9.0,196
1622.0,28404.0,33914.0,0.15,0.015,0.0027397260273972603,-1.0,-2.5,10.0,20,8,0.2,9.0,203
1623.0,87493.0,82715.0,0.15,0.015,0.0027397260273972603,-1.0,-2.5,10.0,20,8,0.2,9.0,210
1624.0,29632.0,70371.0,0.15,0.015,0.0027397260273972603,-1.0,-2.5,10.0,20,8,0.2,9.0,217
1625.0,63504.0,90755.0,0.15,0.015,0.0027397260273972603,-1.0,-2.5,10.0,20,8,0.2,9.0,224
1626.0,42016.0,58285.0,0.15,0.015,0.0027397260273972603,-1.0,-2.5,10.0,20,8,0.2,9.0,231
1627.0,17351.0,83092.0,0.15,0.015,0.0027397260273972603,-1.0,-2.5,10.0,20,8,0.2,9.0,238
1628.0,51140.0,34834.0,0.15,0.015,0.0027397260273972603,-1.0,-2.5,10.0,20,8,0.2,9.0,245
1629.0,65613.0,92757.0,0.15,0.015,0.0027397260273972603,-1.0,-2.5,10.0,20,8,0.2,9.25,7
1630.0,33524.0,65914.0,0.15,0.015,0.0027397260273972603,-1.0,-2.5,10.0,20,8,0.2,9.25,14
1631.0,78220.0,98970.0,0.15,0.015,0.0027397260273972603,-1.0,-2.5,10.0,20,8,0.2,9.25,21
1632.0,89434.0,89624.0,0.15,0.015,0.0027397260273972603,-1.0,-2.5,10.0,20,8,0.2,9.25,28
1633.0,73877.0,17176.0,0.15,0.015,0.0027397260273972603,-1.0,-2.5,10.0,20,8,0.2,9.25,35
1634.0,77599.0,22055.0,0.15,0.015,0.0027397260273972603,-1.0,-2.5,10.0,20,8,0.2,9.25,42
1635.0,25883.0,38202.0,0.15,0.015,0.0027397260273972603,-1.0,-2.5,10.0,20,8,0.2,9.25,49
1636.0,68544.0,19818.0,0.15,0.015,0.0027397260273972603,-1.0,-2.5,10.0,20,8,0.2,9.25,56
1637.0,88128.0,5387.0,0.15,0.015,0.0027397260273972603,-1.0,-2.5,10.0,20,8,0.2,9.25,63
1638.0,24838.0,94240.0,0.15,0.015,0.0027397260273972603,-1.0,-2.5,10.0,20,8,0.2,9.25,70
1639.0,33755.0,94069.0,0.15,0.015,0.0027397260273972603,-1.0,-2.5,10.0,20,8,0.2,9.25,77
1640.0,55035.0,28419.0,0.15,0.015,0.0027397260273972603,-1.0,-2.5,10.0,20,8,0.2,9.25,84
1641.0,65144.0,88358.0,0.15,0.015,0.0027397260273972603,-1.0,-2.5,10.0,20,8,0.2,9.25,91
1642.0,68182.0,15337.0,0.15,0.015,0.0027397260273972603,-1.0,-2.5,10.0,20,8,0.2,9.25,98
1643.0,77024.0,37874.0,0.15,0.015,0.0027397260273972603,-1.0,-2.5,10.0,20,8,0.2,9.25,105
1644.0,73450.0,27717.0,0.15,0.015,0.0027397260273972603,-1.0,-2.5,10.0,20,8,0.2,9.25,112
1645.0,91111.0,20172.0,0.15,0.015,0.0027397260273972603,-1.0,-2.5,10.0,20,8,0.2,9.25,119
1646.0,59778.0,72639.0,0.15,0.015,0.0027397260273972603,-1.0,-2.5,10.0,20,8,0.2,9.25,126
1647.0,30010.0,36967.0,0.15,0.015,0.0027397260273972603,-1.0,-2.5,10.0,20,8,0.2,9.25,133
1648.0,44261.0,73356.0,0.15,0.015,0.0027397260273972603,-1.0,-2.5,10.0,20,8,0.2,9.25,140
1649.0,17039.0,66311.0,0.15,0.015,0.0027397260273972603,-1.0,-2.5,10.0,20,8,0.2,9.25,147
1650.0,29120.0,97659.0,0.15,0.015,0.0027397260273972603,-1.0,-2.5,10.0,20,8,0.2,9.25,154
1651.0,63424.0,315.0,0.15,0.015,0.0027397260273972603,-1.0,-2.5,10.0,20,8,0.2,9.25,161
1652.0,75439.0,90672.0,0.15,0.015,0.0027397260273972603,-1.0,-2.5,10.0,20,8,0.2,9.25,168
1653.0,58600.0,99737.0,0.15,0.015,0.0027397260273972603,-1.0,-2.5,10.0,20,8,0.2,9.25,175
1654.0,34631.0,13835.0,0.15,0.015,0.0027397260273972603,-1.0,-2.5,10.0,20,8,0.2,9.25,182
1655.0,96202.0,77374.0,0.15,0.015,0.0027397260273972603,-1.0,-2.5,10.0,20,8,0.2,9.25,189
1656.0,48288.0,20620.0,0.15,0.015,0.0027397260273972603,-1.0,-2.5,10.0,20,8,0.2,9.25,196
1657.0,59489.0,68603.0,0.15,0.015,0.0027397260273972603,-1.0,-2.5,10.0,20,8,0.2,9.25,203
1658.0,72194.0,32996.0,0.15,0.015,0.0027397260273972603,-1.0,-2.5,10.0,20,8,0.2,9.25,210
1659.0,12520.0,20057.0,0.15,0.015,0.0027397260273972603,-1.0,-2.5,10.0,20,8,0.2,9.25,217
1660.0,66709.0,62374.0,0.15,0.015,0.0027397260273972603,-1.0,-2.5,10.0,20,8,0.2,9.25,224
1661.0,75231.0,62775.0,0.15,0.015,0.0027397260273972603,-1.0,-2.5,10.0,20,8,0.2,9.25,231
1662.0,5548.0,78862.0,0.15,0.015,0.0027397260273972603,-1.0,-2.5,10.0,20,8,0.2,9.25,238
1663.0,69271.0,87952.0,0.15,0.015,0.0027397260273972603,-1.0,-2.5,10.0,20,8,0.2,9.25,245
1664.0,38458.0,8043.0,0.15,0.015,0.0027397260273972603,-1.0,-2.5,10.0,20,8,0.2,9.25,252
1665.0,80942.0,57499.0,0.15,0.015,0.0027397260273972603,-1.0,-2.5,10.0,20,8,0.2,9.5,7
1666.0,84785.0,47096.0,0.15,0.015,0.0027397260273972603,-1.0,-2.5,10.0,20,8,0.2,9.5,14
1667.0,69006.0,65727.0,0.15,0.015,0.0027397260273972603,-1.0,-2.5,10.0,20,8,0.2,9.5,21
1668.0,60715.0,19481.0,0.15,0.015,0.0027397260273972603,-1.0,-2.5,10.0,20,8,0.2,9.5,28
1669.0,97905.0,9458.0,0.15,0.015,0.0027397260273972603,-1.0,-2.5,10.0,20,8,0.2,9.5,35
1670.0,24550.0,258.0,0.15,0.015,0.0027397260273972603,-1.0,-2.5,10.0,20,8,0.2,9.5,42
1671.0,85447.0,91645.0,0.15,0.015,0.0027397260273972603,-1.0,-2.5,10.0,20,8,0.2,9.5,49
1672.0,21946.0,26514.0,0.15,0.015,0.0027397260273972603,-1.0,-2.5,10.0,20,8,0.2,9.5,56
1673.0,51622.0,96132.0,0.15,0.015,0.0027397260273972603,-1.0,-2.5,10.0,20,8,0.2,9.5,63
1674.0,58902.0,75284.0,0.15,0.015,0.0027397260273972603,-1.0,-2.5,10.0,20,8,0.2,9.5,70
1675.0,12685.0,63482.0,0.15,0.015,0.0027397260273972603,-1.0,-2.5,10.0,20,8,0.2,9.5,77
1676.0,94063.0,91199.0,0.15,0.015,0.0027397260273972603,-1.0,-2.5,10.0,20,8,0.2,9.5,84
1677.0,42933.0,51155.0,0.15,0.015,0.0027397260273972603,-1.0,-2.5,10.0,20,8,0.2,9.5,91
1678.0,66800.0,99742.0,0.15,0.015,0.0027397260273972603,-1.0,-2.5,10.0,20,8,0.2,9.5,98
1679.0,81499.0,13799.0,0.15,0.015,0.0027397260273972603,-1.0,-2.5,10.0,20,8,0.2,9.5,105
1680.0,946.0,39320.0,0.15,0.015,0.0027397260273972603,-1.0,-2.5,10.0,20,8,0.2,9.5,112
1681.0,72503.0,7275.0,0.15,0.015,0.0027397260273972603,-1.0,-2.5,10.0,20,8,0.2,9.5,119
1682.0,11984.0,40708.0,0.15,0.015,0.0027397260273972603,-1.0,-2.5,10.0,20,8,0.2,9.5,126
1683.0,84068.0,56956.0,0.15,0.015,0.0027397260273972603,-1.0,-2.5,10.0,20,8,0.2,9.5,133
1684.0,20273.0,58371.0,0.15,0.015,0.0027397260273972603,-1.0,-2.5,10.0,20,8,0.2,9.5,140
1685.0,24356.0,56877.0,0.15,0.015,0.0027397260273972603,-1.0,-2.5,10.0,20,8,0.2,9.5,147
1686.0,24871.0,18744.0,0.15,0.015,0.0027397260273972603,-1.0,-2.5,10.0,20,8,0.2,9.5,154
1687.0,48854.0,67253.0,0.15,0.015,0.0027397260273972603,-1.0,-2.5,10.0,20,8,0.2,9.5,161
1688.0,739.0,70814.0,0.15,0.015,0.0027397260273972603,-1.0,-2.5,10.0,20,8,0.2,9.5,168
1689.0,64358.0,57451.0,0.15,0.015,0.0027397260273972603,-1.0,-2.5,10.0,20,8,0.2,9.5,175
1690.0,47433.0,96380.0,0.15,0.015,0.0027397260273972603,-1.0,-2.5,10.0,20,8,0.2,9.5,182
1691.0,5492.0,75943.0,0.15,0.015,0.0027397260273972603,-1.0,-2.5,10.0,20,8,0.2,9.5,189
1692.0,26369.0,34200.0,0.15,0.015,0.0027397260273972603,-1.0,-2.5,10.0,20,8,0.2,9.5,196
1693.0,58058.0,1554.0,0.15,0.015,0.0027397260273972603,-1.0,-2.5,10.0,20,8,0.2,9.5,203
1694.0,92152.0,64517.0,0.15,0.015,0.0027397260273972603,-1.0,-2.5,10.0,20,8,0.2,9.5,210
1695.0,6943.0,81231.0,0.15,0.015,0.0027397260273972603,-1.0,-2.5,10.0,20,8,0.2,9.5,217
1696.0,25491.0,22104.0,0.15,0.015,0.0027397260273972603,-1.0,-2.5,10.0,20,8,0.2,9.5,224
1697.0,94888.0,46843.0,0.15,0.015,0.0027397260273972603,-1.0,-2.5,10.0,20,8,0.2,9.5,231
1698.0,38718.0,4687.0,0.15,0.015,0.0027397260273972603,-1.0,-2.5,10.0,20,8,0.2,9.5,238
1699.0,24301.0,16442.0,0.15,0.015,0.0027397260273972603,-1.0,-2.5,10.0,20,8,0.2,9.5,245
1700.0,22646.0,4377.0,0.15,0.015,0.0027397260273972603,-1.0,-2.5,10.0,20,8,0.2,9.5,252
1701.0,70373.0,44137.0,0.15,0.015,0.0027397260273972603,-1.0,-2.5,10.0,20,8,0.2,9.5,259
1702.0,44836.0,71370.0,0.15,0.015,0.0027397260273972603,-1.0,-2.5,10.0,20,8,0.2,9.75,7
1703.0,32341.0,88685.0,0.15,0.015,0.0027397260273972603,-1.0,-2.5,10.0,20,8,0.2,9.75,14
1704.0,62582.0,62496.0,0.15,0.015,0.0027397260273972603,-1.0,-2.5,10.0,20,8,0.2,9.75,21
1705.0,30493.0,88492.0,0.15,0.015,0.0027397260273972603,-1.0,-2.5,10.0,20,8,0.2,9.75,28
1706.0,31904.0,42905.0,0.15,0.015,0.0027397260273972603,-1.0,-2.5,10.0,20,8,0.2,9.75,35
1707.0,91069.0,39582.0,0.15,0.015,0.0027397260273972603,-1.0,-2.5,10.0,20,8,0.2,9.75,42
1708.0,66397.0,22980.0,0.15,0.015,0.0027397260273972603,-1.0,-2.5,10.0,20,8,0.2,9.75,49
1709.0,98994.0,87964.0,0.15,0.015,0.0027397260273972603,-1.0,-2.5,10.0,20,8,0.2,9.75,56
1710.0,66131.0,58909.0,0.15,0.015,0.0027397260273972603,-1.0,-2.5,10.0,20,8,0.2,9.75,63
1711.0,68068.0,252.0,0.15,0.015,0.0027397260273972603,-1.0,-2.5,10.0,20,8,0.2,9.75,70
1712.0,10172.0,79687.0,0.15,0.015,0.0027397260273972603,-1.0,-2.5,10.0,20,8,0.2,9.75,77
1713.0,75086.0,92839.0,0.15,0.015,0.0027397260273972603,-1.0,-2.5,10.0,20,8,0.2,9.75,84
1714.0,9158.0,84857.0,0.15,0.015,0.0027397260273972603,-1.0,-2.5,10.0,20,8,0.2,9.75,91
1715.0,97364.0,39720.0,0.15,0.015,0.0027397260273972603,-1.0,-2.5,10.0,20,8,0.2,9.75,98
1716.0,1346.0,37118.0,0.15,0.015,0.0027397260273972603,-1.0,-2.5,10.0,20,8,0.2,9.75,105
1717.0,91592.0,88680.0,0.15,0.015,0.0027397260273972603,-1.0,-2.5,10.0,20,8,0.2,9.75,112
1718.0,98764.0,32019.0,0.15,0.015,0.0027397260273972603,-1.0,-2.5,10.0,20,8,0.2,9.75,119
1719.0,15713.0,1701.0,0.15,0.015,0.0027397260273972603,-1.0,-2.5,10.0,20,8,0.2,9.75,126
1720.0,54851.0,34587.0,0.15,0.015,0.0027397260273972603,-1.0,-2.5,10.0,20,8,0.2,9.75,133
1721.0,68606.0,24564.0,0.15,0.015,0.0027397260273972603,-1.0,-2.5,10.0,20,8,0.2,9.75,140
1722.0,74111.0,82551.0,0.15,0.015,0.0027397260273972603,-1.0,-2.5,10.0,20,8,0.2,9.75,147
1723.0,4513.0,61327.0,0.15,0.015,0.0027397260273972603,-1.0,-2.5,10.0,20,8,0.2,9.75,154
1724.0,21252.0,26735.0,0.15,0.015,0.0027397260273972603,-1.0,-2.5,10.0,20,8,0.2,9.75,161
1725.0,63118.0,5171.0,0.15,0.015,0.0027397260273972603,-1.0,-2.5,10.0,20,8,0.2,9.75,168
1726.0,53028.0,79350.0,0.15,0.015,0.0027397260273972603,-1.0,-2.5,10.0,20,8,0.2,9.75,175
1727.0,92075.0,90308.0,0.15,0.015,0.0027397260273972603,-1.0,-2.5,10.0,20,8,0.2,9.75,182
1728.0,6276.0,58475.0,0.15,0.015,0.0027397260273972603,-1.0,-2.5,10.0,20,8,0.2,9.75,189
1729.0,29347.0,79216.0,0.15,0.015,0.0027397260273972603,-1.0,-2.5,10.0,20,8,0.2,9.75,196
1730.0,31932.0,60098.0,0.15,0.015,0.0027397260273972603,-1.0,-2.5,10.0,20,8,0.2,9.75,203
1731.0,34379.0,78720.0,0.15,0.015,0.0027397260273972603,-1.0,-2.5,10.0,20,8,0.2,9.75,210
1732.0,24242.0,58424.0,0.15,0.015,0.0027397260273972603,-1.0,-2.5,10.0,20,8,0.2,9.75,217
1733.0,91437.0,25764.0,0.15,0.015,0.0027397260273972603,-1.0,-2.5,10.0,20,8,0.2,9.75,224
1734.0,5672.0,71353.0,0.15,0.015,0.0027397260273972603,-1.0,-2.5,10.0,20,8,0.2,9.75,231
1735.0,27101.0,34766.0,0.15,0.015,0.0027397260273972603,-1.0,-2.5,10.0,20,8,0.2,9.75,238
1736.0,65546.0,87236.0,0.15,0.015,0.0027397260273972603,-1.0,-2.5,10.0,20,8,0.2,9.75,245
1737.0,4609.0,12866.0,0.15,0.015,0.0027397260273972603,-1.0,-2.5,10.0,20,8,0.2,9.75,252
1738.0,72176.0,7645.0,0.15,0.015,0.0027397260273972603,-1.0,-2.5,10.0,20,8,0.2,9.75,259
1739.0,7812.0,96114.0,0.15,0.015,0.0027397260273972603,-1.0,-2.5,10.0,20,8,0.2,9.75,266
1740.0,76278.0,98053.0,0.15,0.015,0.0027397260273972603,-1.0,-2.5,10.0,20,8,0.2,10.0,7
1741.0,80418.0,96017.0,0.15,0.015,0.0027397260273972603,-1.0,-2.5,10.0,20,8,0.2,10.0,14
1742.0,76690.0,2609.0,0.15,0.015,0.0027397260273972603,-1.0,-2.5,10.0,20,8,0.2,10.0,21
1743.0,73437.0,32758.0,0.15,0.015,0.0027397260273972603,-1.0,-2.5,10.0,20,8,0.2,10.0,28
1744.0,91164.0,20386.0,0.15,0.015,0.0027397260273972603,-1.0,-2.5,10.0,20,8,0.2,10.0,35
1745.0,2537.0,45994.0,0.15,0.015,0.0027397260273972603,-1.0,-2.5,10.0,20,8,0.2,10.0,42
1746.0,36216.0,5272.0,0.15,0.015,0.0027397260273972603,-1.0,-2.5,10.0,20,8,0.2,10.0,49
1747.0,4475.0,75223.0,0.15,0.015,0.0027397260273972603,-1.0,-2.5,10.0,20,8,0.2,10.0,56
1748.0,52728.0,98645.0,0.15,0.015,0.0027397260273972603,-1.0,-2.5,10.0,20,8,0.2,10.0,63
1749.0,6001.0,56413.0,0.15,0.015,0.0027397260273972603,-1.0,-2.5,10.0,20,8,0.2,10.0,70
1750.0,62252.0,26527.0,0.15,0.015,0.0027397260273972603,-1.0,-2.5,10.0,20,8,0.2,10.0,77
1751.0,50864.0,20079.0,0.15,0.015,0.0027397260273972603,-1.0,-2.5,10.0,20,8,0.2,10.0,84
1752.0,38132.0,9274.0,0.15,0.015,0.0027397260273972603,-1.0,-2.5,10.0,20,8,0.2,10.0,91
1753.0,27162.0,17127.0,0.15,0.015,0.0027397260273972603,-1.0,-2.5,10.0,20,8,0.2,10.0,98
1754.0,47936.0,79236.0,0.15,0.015,0.0027397260273972603,-1.0,-2.5,10.0,20,8,0.2,10.0,105
1755.0,64427.0,97440.0,0.15,0.015,0.0027397260273972603,-1.0,-2.5,10.0,20,8,0.2,10.0,112
1756.0,21799.0,46271.0,0.15,0.015,0.0027397260273972603,-1.0,-2.5,10.0,20,8,0.2,10.0,119
1757.0,87423.0,16584.0,0.15,0.015,0.0027397260273972603,-1.0,-2.5,10.0,20,8,0.2,10.0,126
1758.0,29367.0,12017.0,0.15,0.015,0.0027397260273972603,-1.0,-2.5,10.0,20,8,0.2,10.0,133
1759.0,87866.0,88120.0,0.15,0.015,0.0027397260273972603,-1.0,-2.5,10.0,20,8,0.2,10.0,140
1760.0,76602.0,45934.0,0.15,0.015,0.0027397260273972603,-1.0,-2.5,10.0,20,8,0.2,10.0,147
1761.0,54708.0,78261.0,0.15,0.015,0.0027397260273972603,-1.0,-2.5,10.0,20,8,0.2,10.0,154
1762.0,52266.0,49741.0,0.15,0.015,0.0027397260273972603,-1.0,-2.5,10.0,20,8,0.2,10.0,161
1763.0,63813.0,30093.0,0.15,0.015,0.0027397260273972603,-1.0,-2.5,10.0,20,8,0.2,10.0,168
1764.0,17785.0,21584.0,0.15,0.015,0.0027397260273972603,-1.0,-2.5,10.0,20,8,0.2,10.0,175
1765.0,84064.0,24049.0,0.15,0.015,0.0027397260273972603,-1.0,-2.5,10.0,20,8,0.2,10.0,182
1766.0,67676.0,62118.0,0.15,0.015,0.0027397260273972603,-1.0,-2.5,10.0,20,8,0.2,10.0,189
1767.0,49633.0,81864.0,0.15,0.015,0.0027397260273972603,-1.0,-2.5,10.0,20,8,0.2,10.0,196
1768.0,78126.0,46438.0,0.15,0.015,0.0027397260273972603,-1.0,-2.5,10.0,20,8,0.2,10.0,203
1769.0,48914.0,36614.0,0.15,0.015,0.0027397260273972603,-1.0,-2.5,10.0,20,8,0.2,10.0,210
1770.0,69130.0,49638.0,0.15,0.015,0.0027397260273972603,-1.0,-2.5,10.0,20,8,0.2,10.0,217
1771.0,9340.0,78285.0,0.15,0.015,0.0027397260273972603,-1.0,-2.5,10.0,20,8,0.2,10.0,224
1772.0,90312.0,42002.0,0.15,0.015,0.0027397260273972603,-1.0,-2.5,10.0,20,8,0.2,10.0,231
1773.0,66812.0,23088.0,0.15,0.015,0.0027397260273972603,-1.0,-2.5,10.0,20,8,0.2,10.0,238
1774.0,58923.0,46915.0,0.15,0.015,0.0027397260273972603,-1.0,-2.5,10.0,20,8,0.2,10.0,245
1775.0,50081.0,28962.0,0.15,0.015,0.0027397260273972603,-1.0,-2.5,10.0,20,8,0.2,10.0,252
1776.0,41373.0,62890.0,0.15,0.015,0.0027397260273972603,-1.0,-2.5,10.0,20,8,0.2,10.0,259
1777.0,55452.0,97821.0,0.15,0.015,0.0027397260273972603,-1.0,-2.5,10.0,20,8,0.2,10.0,266
1778.0,48556.0,2351.0,0.15,0.015,0.0027397260273972603,-1.0,-2.5,10.0,20,8,0.2,10.0,273
