ID,simSEED,sampleSEED,rms,noiseSIGMA,bendfreq,lowalpha,highalpha,sharpness,NightsperWINDOW,NumofWINDOW,OBSperiod,WINDOWwidth,dataLOSSfrac
1000.0,84763.0,42014.0,0.15,0.015,0.0027397260273972603,-1.0,-2.5,10.0,20,8,6,60,0.2
1001.0,84763.0,86897.0,0.15,0.015,0.0027397260273972603,-1.0,-2.5,10.0,20,8,6,60,0.2
1002.0,84763.0,92328.0,0.15,0.015,0.0027397260273972603,-1.0,-2.5,10.0,20,8,6,60,0.2
1003.0,84763.0,57525.0,0.15,0.015,0.0027397260273972603,-1.0,-2.5,10.0,20,8,6,60,0.2
1004.0,84763.0,85802.0,0.15,0.015,0.0027397260273972603,-1.0,-2.5,10.0,20,8,6,60,0.2
1005.0,84763.0,56165.0,0.15,0.015,0.0027397260273972603,-1.0,-2.5,10.0,20,8,6,60,0.2
1006.0,84763.0,745.0,0.15,0.015,0.0027397260273972603,-1.0,-2.5,10.0,20,8,6,60,0.2
1007.0,84763.0,39580.0,0.15,0.015,0.0027397260273972603,-1.0,-2.5,10.0,20,8,6,60,0.2
1008.0,84763.0,22184.0,0.15,0.015,0.0027397260273972603,-1.0,-2.5,10.0,20,8,6,60,0.2
1009.0,84763.0,17158.0,0.15,0.015,0.0027397260273972603,-1.0,-2.5,10.0,20,8,6,60,0.2
1010.0,84763.0,89900.0,0.15,0.015,0.0027397260273972603,-1.0,-2.5,10.0,20,8,6,60,0.2
1011.0,84763.0,70276.0,0.15,0.015,0.0027397260273972603,-1.0,-2.5,10.0,20,8,6,60,0.2
1012.0,84763.0,45028.0,0.15,0.015,0.0027397260273972603,-1.0,-2.5,10.0,20,8,6,60,0.2
1013.0,84763.0,30621.0,0.15,0.015,0.0027397260273972603,-1.0,-2.5,10.0,20,8,6,60,0.2
1014.0,84763.0,89357.0,0.15,0.015,0.0027397260273972603,-1.0,-2.5,10.0,20,8,6,60,0.2
1015.0,84763.0,62272.0,0.15,0.015,0.0027397260273972603,-1.0,-2.5,10.0,20,8,6,60,0.2
1016.0,84763.0,82138.0,0.15,0.015,0.0027397260273972603,-1.0,-2.5,10.0,20,8,6,60,0.2
1017.0,84763.0,34629.0,0.15,0.015,0.0027397260273972603,-1.0,-2.5,10.0,20,8,6,60,0.2
1018.0,84763.0,59369.0,0.15,0.015,0.0027397260273972603,-1.0,-2.5,10.0,20,8,6,60,0.2
1019.0,84763.0,51441.0,0.15,0.015,0.0027397260273972603,-1.0,-2.5,10.0,20,8,6,60,0.2
1020.0,84763.0,90932.0,0.15,0.015,0.0027397260273972603,-1.0,-2.5,10.0,20,8,6,60,0.2
1021.0,84763.0,46272.0,0.15,0.015,0.0027397260273972603,-1.0,-2.5,10.0,20,8,6,60,0.2
1022.0,84763.0,4451.0,0.15,0.015,0.0027397260273972603,-1.0,-2.5,10.0,20,8,6,60,0.2
1023.0,84763.0,18515.0,0.15,0.015,0.0027397260273972603,-1.0,-2.5,10.0,20,8,6,60,0.2
1024.0,84763.0,85255.0,0.15,0.015,0.0027397260273972603,-1.0,-2.5,10.0,20,8,6,60,0.2
1025.0,84763.0,30226.0,0.15,0.015,0.0027397260273972603,-1.0,-2.5,10.0,20,8,6,60,0.2
1026.0,84763.0,54251.0,0.15,0.015,0.0027397260273972603,-1.0,-2.5,10.0,20,8,6,60,0.2
1027.0,84763.0,41875.0,0.15,0.015,0.0027397260273972603,-1.0,-2.5,10.0,20,8,6,60,0.2
1028.0,84763.0,43161.0,0.15,0.015,0.0027397260273972603,-1.0,-2.5,10.0,20,8,6,60,0.2
1029.0,84763.0,587.0,0.15,0.015,0.0027397260273972603,-1.0,-2.5,10.0,20,8,6,60,0.2
1030.0,84763.0,52887.0,0.15,0.015,0.0027397260273972603,-1.0,-2.5,10.0,20,8,6,60,0.2
1031.0,84763.0,71990.0,0.15,0.015,0.0027397260273972603,-1.0,-2.5,10.0,20,8,6,60,0.2
1032.0,84763.0,99238.0,0.15,0.015,0.0027397260273972603,-1.0,-2.5,10.0,20,8,6,60,0.2
1033.0,84763.0,47611.0,0.15,0.015,0.0027397260273972603,-1.0,-2.5,10.0,20,8,6,60,0.2
1034.0,84763.0,30379.0,0.15,0.015,0.0027397260273972603,-1.0,-2.5,10.0,20,8,6,60,0.2
1035.0,84763.0,35650.0,0.15,0.015,0.0027397260273972603,-1.0,-2.5,10.0,20,8,6,60,0.2
1036.0,84763.0,42701.0,0.15,0.015,0.0027397260273972603,-1.0,-2.5,10.0,20,8,6,60,0.2
1037.0,84763.0,57312.0,0.15,0.015,0.0027397260273972603,-1.0,-2.5,10.0,20,8,6,60,0.2
1038.0,84763.0,63540.0,0.15,0.015,0.0027397260273972603,-1.0,-2.5,10.0,20,8,6,60,0.2
1039.0,84763.0,34481.0,0.15,0.015,0.0027397260273972603,-1.0,-2.5,10.0,20,8,6,60,0.2
1040.0,84763.0,65810.0,0.15,0.015,0.0027397260273972603,-1.0,-2.5,10.0,20,8,6,60,0.2
1041.0,84763.0,77158.0,0.15,0.015,0.0027397260273972603,-1.0,-2.5,10.0,20,8,6,60,0.2
1042.0,84763.0,51255.0,0.15,0.015,0.0027397260273972603,-1.0,-2.5,10.0,20,8,6,60,0.2
1043.0,84763.0,9262.0,0.15,0.015,0.0027397260273972603,-1.0,-2.5,10.0,20,8,6,60,0.2
1044.0,84763.0,46502.0,0.15,0.015,0.0027397260273972603,-1.0,-2.5,10.0,20,8,6,60,0.2
1045.0,84763.0,8160.0,0.15,0.015,0.0027397260273972603,-1.0,-2.5,10.0,20,8,6,60,0.2
1046.0,84763.0,48570.0,0.15,0.015,0.0027397260273972603,-1.0,-2.5,10.0,20,8,6,60,0.2
1047.0,84763.0,52674.0,0.15,0.015,0.0027397260273972603,-1.0,-2.5,10.0,20,8,6,60,0.2
1048.0,84763.0,64830.0,0.15,0.015,0.0027397260273972603,-1.0,-2.5,10.0,20,8,6,60,0.2
1049.0,84763.0,9542.0,0.15,0.015,0.0027397260273972603,-1.0,-2.5,10.0,20,8,6,60,0.2
1050.0,84763.0,65554.0,0.15,0.015,0.0027397260273972603,-1.0,-2.5,10.0,20,8,6,60,0.2
1051.0,84763.0,79239.0,0.15,0.015,0.0027397260273972603,-1.0,-2.5,10.0,20,8,6,60,0.2
1052.0,84763.0,66515.0,0.15,0.015,0.0027397260273972603,-1.0,-2.5,10.0,20,8,6,60,0.2
1053.0,84763.0,52959.0,0.15,0.015,0.0027397260273972603,-1.0,-2.5,10.0,20,8,6,60,0.2
1054.0,84763.0,72116.0,0.15,0.015,0.0027397260273972603,-1.0,-2.5,10.0,20,8,6,60,0.2
1055.0,84763.0,7974.0,0.15,0.015,0.0027397260273972603,-1.0,-2.5,10.0,20,8,6,60,0.2
1056.0,84763.0,72786.0,0.15,0.015,0.0027397260273972603,-1.0,-2.5,10.0,20,8,6,60,0.2
1057.0,84763.0,82345.0,0.15,0.015,0.0027397260273972603,-1.0,-2.5,10.0,20,8,6,60,0.2
1058.0,84763.0,19119.0,0.15,0.015,0.0027397260273972603,-1.0,-2.5,10.0,20,8,6,60,0.2
1059.0,84763.0,45732.0,0.15,0.015,0.0027397260273972603,-1.0,-2.5,10.0,20,8,6,60,0.2
1060.0,84763.0,80547.0,0.15,0.015,0.0027397260273972603,-1.0,-2.5,10.0,20,8,6,60,0.2
1061.0,84763.0,3467.0,0.15,0.015,0.0027397260273972603,-1.0,-2.5,10.0,20,8,6,60,0.2
1062.0,84763.0,98867.0,0.15,0.015,0.0027397260273972603,-1.0,-2.5,10.0,20,8,6,60,0.2
1063.0,84763.0,23885.0,0.15,0.015,0.0027397260273972603,-1.0,-2.5,10.0,20,8,6,60,0.2
1064.0,84763.0,24127.0,0.15,0.015,0.0027397260273972603,-1.0,-2.5,10.0,20,8,6,60,0.2
1065.0,84763.0,26535.0,0.15,0.015,0.0027397260273972603,-1.0,-2.5,10.0,20,8,6,60,0.2
1066.0,84763.0,50026.0,0.15,0.015,0.0027397260273972603,-1.0,-2.5,10.0,20,8,6,60,0.2
1067.0,84763.0,12652.0,0.15,0.015,0.0027397260273972603,-1.0,-2.5,10.0,20,8,6,60,0.2
1068.0,84763.0,67721.0,0.15,0.015,0.0027397260273972603,-1.0,-2.5,10.0,20,8,6,60,0.2
1069.0,84763.0,99657.0,0.15,0.015,0.0027397260273972603,-1.0,-2.5,10.0,20,8,6,60,0.2
1070.0,84763.0,48510.0,0.15,0.015,0.0027397260273972603,-1.0,-2.5,10.0,20,8,6,60,0.2
1071.0,84763.0,52979.0,0.15,0.015,0.0027397260273972603,-1.0,-2.5,10.0,20,8,6,60,0.2
1072.0,84763.0,50014.0,0.15,0.015,0.0027397260273972603,-1.0,-2.5,10.0,20,8,6,60,0.2
1073.0,84763.0,31102.0,0.15,0.015,0.0027397260273972603,-1.0,-2.5,10.0,20,8,6,60,0.2
1074.0,84763.0,70832.0,0.15,0.015,0.0027397260273972603,-1.0,-2.5,10.0,20,8,6,60,0.2
1075.0,84763.0,81918.0,0.15,0.015,0.0027397260273972603,-1.0,-2.5,10.0,20,8,6,60,0.2
1076.0,84763.0,27393.0,0.15,0.015,0.0027397260273972603,-1.0,-2.5,10.0,20,8,6,60,0.2
1077.0,84763.0,15728.0,0.15,0.015,0.0027397260273972603,-1.0,-2.5,10.0,20,8,6,60,0.2
1078.0,84763.0,89495.0,0.15,0.015,0.0027397260273972603,-1.0,-2.5,10.0,20,8,6,60,0.2
1079.0,84763.0,9833.0,0.15,0.015,0.0027397260273972603,-1.0,-2.5,10.0,20,8,6,60,0.2
1080.0,84763.0,12997.0,0.15,0.015,0.0027397260273972603,-1.0,-2.5,10.0,20,8,6,60,0.2
1081.0,84763.0,58977.0,0.15,0.015,0.0027397260273972603,-1.0,-2.5,10.0,20,8,6,60,0.2
1082.0,84763.0,11667.0,0.15,0.015,0.0027397260273972603,-1.0,-2.5,10.0,20,8,6,60,0.2
1083.0,84763.0,99583.0,0.15,0.015,0.0027397260273972603,-1.0,-2.5,10.0,20,8,6,60,0.2
1084.0,84763.0,26513.0,0.15,0.015,0.0027397260273972603,-1.0,-2.5,10.0,20,8,6,60,0.2
1085.0,84763.0,32807.0,0.15,0.015,0.0027397260273972603,-1.0,-2.5,10.0,20,8,6,60,0.2
1086.0,84763.0,34953.0,0.15,0.015,0.0027397260273972603,-1.0,-2.5,10.0,20,8,6,60,0.2
1087.0,84763.0,221.0,0.15,0.015,0.0027397260273972603,-1.0,-2.5,10.0,20,8,6,60,0.2
1088.0,84763.0,48451.0,0.15,0.015,0.0027397260273972603,-1.0,-2.5,10.0,20,8,6,60,0.2
1089.0,84763.0,87308.0,0.15,0.015,0.0027397260273972603,-1.0,-2.5,10.0,20,8,6,60,0.2
1090.0,84763.0,39945.0,0.15,0.015,0.0027397260273972603,-1.0,-2.5,10.0,20,8,6,60,0.2
1091.0,84763.0,23902.0,0.15,0.015,0.0027397260273972603,-1.0,-2.5,10.0,20,8,6,60,0.2
1092.0,84763.0,18769.0,0.15,0.015,0.0027397260273972603,-1.0,-2.5,10.0,20,8,6,60,0.2
1093.0,84763.0,38860.0,0.15,0.015,0.0027397260273972603,-1.0,-2.5,10.0,20,8,6,60,0.2
1094.0,84763.0,90585.0,0.15,0.015,0.0027397260273972603,-1.0,-2.5,10.0,20,8,6,60,0.2
1095.0,84763.0,21308.0,0.15,0.015,0.0027397260273972603,-1.0,-2.5,10.0,20,8,6,60,0.2
1096.0,84763.0,81560.0,0.15,0.015,0.0027397260273972603,-1.0,-2.5,10.0,20,8,6,60,0.2
1097.0,84763.0,53118.0,0.15,0.015,0.0027397260273972603,-1.0,-2.5,10.0,20,8,6,60,0.2
1098.0,84763.0,75984.0,0.15,0.015,0.0027397260273972603,-1.0,-2.5,10.0,20,8,6,60,0.2
1099.0,84763.0,84049.0,0.15,0.015,0.0027397260273972603,-1.0,-2.5,10.0,20,8,6,60,0.2
1100.0,84763.0,55772.0,0.15,0.015,0.0027397260273972603,-1.0,-2.5,10.0,20,8,6,60,0.2
1101.0,84763.0,23047.0,0.15,0.015,0.0027397260273972603,-1.0,-2.5,10.0,20,8,6,60,0.2
1102.0,84763.0,15232.0,0.15,0.015,0.0027397260273972603,-1.0,-2.5,10.0,20,8,6,60,0.2
1103.0,84763.0,14167.0,0.15,0.015,0.0027397260273972603,-1.0,-2.5,10.0,20,8,6,60,0.2
1104.0,84763.0,34005.0,0.15,0.015,0.0027397260273972603,-1.0,-2.5,10.0,20,8,6,60,0.2
1105.0,84763.0,28694.0,0.15,0.015,0.0027397260273972603,-1.0,-2.5,10.0,20,8,6,60,0.2
1106.0,84763.0,18284.0,0.15,0.015,0.0027397260273972603,-1.0,-2.5,10.0,20,8,6,60,0.2
1107.0,84763.0,95718.0,0.15,0.015,0.0027397260273972603,-1.0,-2.5,10.0,20,8,6,60,0.2
1108.0,84763.0,34920.0,0.15,0.015,0.0027397260273972603,-1.0,-2.5,10.0,20,8,6,60,0.2
1109.0,84763.0,43042.0,0.15,0.015,0.0027397260273972603,-1.0,-2.5,10.0,20,8,6,60,0.2
1110.0,84763.0,64829.0,0.15,0.015,0.0027397260273972603,-1.0,-2.5,10.0,20,8,6,60,0.2
1111.0,84763.0,7698.0,0.15,0.015,0.0027397260273972603,-1.0,-2.5,10.0,20,8,6,60,0.2
1112.0,84763.0,34040.0,0.15,0.015,0.0027397260273972603,-1.0,-2.5,10.0,20,8,6,60,0.2
1113.0,84763.0,18819.0,0.15,0.015,0.0027397260273972603,-1.0,-2.5,10.0,20,8,6,60,0.2
1114.0,84763.0,18625.0,0.15,0.015,0.0027397260273972603,-1.0,-2.5,10.0,20,8,6,60,0.2
1115.0,84763.0,1753.0,0.15,0.015,0.0027397260273972603,-1.0,-2.5,10.0,20,8,6,60,0.2
1116.0,84763.0,3864.0,0.15,0.015,0.0027397260273972603,-1.0,-2.5,10.0,20,8,6,60,0.2
1117.0,84763.0,33642.0,0.15,0.015,0.0027397260273972603,-1.0,-2.5,10.0,20,8,6,60,0.2
1118.0,84763.0,46190.0,0.15,0.015,0.0027397260273972603,-1.0,-2.5,10.0,20,8,6,60,0.2
1119.0,84763.0,18820.0,0.15,0.015,0.0027397260273972603,-1.0,-2.5,10.0,20,8,6,60,0.2
1120.0,84763.0,77315.0,0.15,0.015,0.0027397260273972603,-1.0,-2.5,10.0,20,8,6,60,0.2
1121.0,84763.0,70524.0,0.15,0.015,0.0027397260273972603,-1.0,-2.5,10.0,20,8,6,60,0.2
1122.0,84763.0,45259.0,0.15,0.015,0.0027397260273972603,-1.0,-2.5,10.0,20,8,6,60,0.2
1123.0,84763.0,94685.0,0.15,0.015,0.0027397260273972603,-1.0,-2.5,10.0,20,8,6,60,0.2
1124.0,84763.0,42807.0,0.15,0.015,0.0027397260273972603,-1.0,-2.5,10.0,20,8,6,60,0.2
1125.0,84763.0,2023.0,0.15,0.015,0.0027397260273972603,-1.0,-2.5,10.0,20,8,6,60,0.2
1126.0,84763.0,80406.0,0.15,0.015,0.0027397260273972603,-1.0,-2.5,10.0,20,8,6,60,0.2
1127.0,84763.0,88179.0,0.15,0.015,0.0027397260273972603,-1.0,-2.5,10.0,20,8,6,60,0.2
1128.0,84763.0,98926.0,0.15,0.015,0.0027397260273972603,-1.0,-2.5,10.0,20,8,6,60,0.2
1129.0,84763.0,85623.0,0.15,0.015,0.0027397260273972603,-1.0,-2.5,10.0,20,8,6,60,0.2
1130.0,84763.0,15744.0,0.15,0.015,0.0027397260273972603,-1.0,-2.5,10.0,20,8,6,60,0.2
1131.0,84763.0,40275.0,0.15,0.015,0.0027397260273972603,-1.0,-2.5,10.0,20,8,6,60,0.2
1132.0,84763.0,27442.0,0.15,0.015,0.0027397260273972603,-1.0,-2.5,10.0,20,8,6,60,0.2
1133.0,84763.0,5172.0,0.15,0.015,0.0027397260273972603,-1.0,-2.5,10.0,20,8,6,60,0.2
1134.0,84763.0,4872.0,0.15,0.015,0.0027397260273972603,-1.0,-2.5,10.0,20,8,6,60,0.2
1135.0,84763.0,54910.0,0.15,0.015,0.0027397260273972603,-1.0,-2.5,10.0,20,8,6,60,0.2
1136.0,84763.0,95771.0,0.15,0.015,0.0027397260273972603,-1.0,-2.5,10.0,20,8,6,60,0.2
1137.0,84763.0,75278.0,0.15,0.015,0.0027397260273972603,-1.0,-2.5,10.0,20,8,6,60,0.2
1138.0,84763.0,96551.0,0.15,0.015,0.0027397260273972603,-1.0,-2.5,10.0,20,8,6,60,0.2
1139.0,84763.0,37639.0,0.15,0.015,0.0027397260273972603,-1.0,-2.5,10.0,20,8,6,60,0.2
1140.0,84763.0,78195.0,0.15,0.015,0.0027397260273972603,-1.0,-2.5,10.0,20,8,6,60,0.2
1141.0,84763.0,62039.0,0.15,0.015,0.0027397260273972603,-1.0,-2.5,10.0,20,8,6,60,0.2
1142.0,84763.0,8165.0,0.15,0.015,0.0027397260273972603,-1.0,-2.5,10.0,20,8,6,60,0.2
1143.0,84763.0,3054.0,0.15,0.015,0.0027397260273972603,-1.0,-2.5,10.0,20,8,6,60,0.2
1144.0,84763.0,24214.0,0.15,0.015,0.0027397260273972603,-1.0,-2.5,10.0,20,8,6,60,0.2
1145.0,84763.0,33160.0,0.15,0.015,0.0027397260273972603,-1.0,-2.5,10.0,20,8,6,60,0.2
1146.0,84763.0,24652.0,0.15,0.015,0.0027397260273972603,-1.0,-2.5,10.0,20,8,6,60,0.2
1147.0,84763.0,83896.0,0.15,0.015,0.0027397260273972603,-1.0,-2.5,10.0,20,8,6,60,0.2
1148.0,84763.0,56839.0,0.15,0.015,0.0027397260273972603,-1.0,-2.5,10.0,20,8,6,60,0.2
1149.0,84763.0,82141.0,0.15,0.015,0.0027397260273972603,-1.0,-2.5,10.0,20,8,6,60,0.2
1150.0,84763.0,93454.0,0.15,0.015,0.0027397260273972603,-1.0,-2.5,10.0,20,8,6,60,0.2
1151.0,84763.0,21689.0,0.15,0.015,0.0027397260273972603,-1.0,-2.5,10.0,20,8,6,60,0.2
1152.0,84763.0,22981.0,0.15,0.015,0.0027397260273972603,-1.0,-2.5,10.0,20,8,6,60,0.2
1153.0,84763.0,48670.0,0.15,0.015,0.0027397260273972603,-1.0,-2.5,10.0,20,8,6,60,0.2
1154.0,84763.0,75906.0,0.15,0.015,0.0027397260273972603,-1.0,-2.5,10.0,20,8,6,60,0.2
1155.0,84763.0,50837.0,0.15,0.015,0.0027397260273972603,-1.0,-2.5,10.0,20,8,6,60,0.2
1156.0,84763.0,50261.0,0.15,0.015,0.0027397260273972603,-1.0,-2.5,10.0,20,8,6,60,0.2
1157.0,84763.0,34531.0,0.15,0.015,0.0027397260273972603,-1.0,-2.5,10.0,20,8,6,60,0.2
1158.0,84763.0,16048.0,0.15,0.015,0.0027397260273972603,-1.0,-2.5,10.0,20,8,6,60,0.2
1159.0,84763.0,11215.0,0.15,0.015,0.0027397260273972603,-1.0,-2.5,10.0,20,8,6,60,0.2
1160.0,84763.0,24972.0,0.15,0.015,0.0027397260273972603,-1.0,-2.5,10.0,20,8,6,60,0.2
1161.0,84763.0,43159.0,0.15,0.015,0.0027397260273972603,-1.0,-2.5,10.0,20,8,6,60,0.2
1162.0,84763.0,3025.0,0.15,0.015,0.0027397260273972603,-1.0,-2.5,10.0,20,8,6,60,0.2
1163.0,84763.0,13008.0,0.15,0.015,0.0027397260273972603,-1.0,-2.5,10.0,20,8,6,60,0.2
1164.0,84763.0,33677.0,0.15,0.015,0.0027397260273972603,-1.0,-2.5,10.0,20,8,6,60,0.2
1165.0,84763.0,87432.0,0.15,0.015,0.0027397260273972603,-1.0,-2.5,10.0,20,8,6,60,0.2
1166.0,84763.0,66982.0,0.15,0.015,0.0027397260273972603,-1.0,-2.5,10.0,20,8,6,60,0.2
1167.0,84763.0,33536.0,0.15,0.015,0.0027397260273972603,-1.0,-2.5,10.0,20,8,6,60,0.2
1168.0,84763.0,59919.0,0.15,0.015,0.0027397260273972603,-1.0,-2.5,10.0,20,8,6,60,0.2
1169.0,84763.0,83591.0,0.15,0.015,0.0027397260273972603,-1.0,-2.5,10.0,20,8,6,60,0.2
1170.0,84763.0,58910.0,0.15,0.015,0.0027397260273972603,-1.0,-2.5,10.0,20,8,6,60,0.2
1171.0,84763.0,68359.0,0.15,0.015,0.0027397260273972603,-1.0,-2.5,10.0,20,8,6,60,0.2
1172.0,84763.0,48715.0,0.15,0.015,0.0027397260273972603,-1.0,-2.5,10.0,20,8,6,60,0.2
1173.0,84763.0,21547.0,0.15,0.015,0.0027397260273972603,-1.0,-2.5,10.0,20,8,6,60,0.2
1174.0,84763.0,64311.0,0.15,0.015,0.0027397260273972603,-1.0,-2.5,10.0,20,8,6,60,0.2
1175.0,84763.0,10656.0,0.15,0.015,0.0027397260273972603,-1.0,-2.5,10.0,20,8,6,60,0.2
1176.0,84763.0,79472.0,0.15,0.015,0.0027397260273972603,-1.0,-2.5,10.0,20,8,6,60,0.2
1177.0,84763.0,27308.0,0.15,0.015,0.0027397260273972603,-1.0,-2.5,10.0,20,8,6,60,0.2
1178.0,84763.0,81537.0,0.15,0.015,0.0027397260273972603,-1.0,-2.5,10.0,20,8,6,60,0.2
1179.0,84763.0,44120.0,0.15,0.015,0.0027397260273972603,-1.0,-2.5,10.0,20,8,6,60,0.2
1180.0,84763.0,83943.0,0.15,0.015,0.0027397260273972603,-1.0,-2.5,10.0,20,8,6,60,0.2
1181.0,84763.0,51361.0,0.15,0.015,0.0027397260273972603,-1.0,-2.5,10.0,20,8,6,60,0.2
1182.0,84763.0,6779.0,0.15,0.015,0.0027397260273972603,-1.0,-2.5,10.0,20,8,6,60,0.2
1183.0,84763.0,66002.0,0.15,0.015,0.0027397260273972603,-1.0,-2.5,10.0,20,8,6,60,0.2
1184.0,84763.0,54222.0,0.15,0.015,0.0027397260273972603,-1.0,-2.5,10.0,20,8,6,60,0.2
1185.0,84763.0,79791.0,0.15,0.015,0.0027397260273972603,-1.0,-2.5,10.0,20,8,6,60,0.2
1186.0,84763.0,44116.0,0.15,0.015,0.0027397260273972603,-1.0,-2.5,10.0,20,8,6,60,0.2
1187.0,84763.0,8518.0,0.15,0.015,0.0027397260273972603,-1.0,-2.5,10.0,20,8,6,60,0.2
1188.0,84763.0,23573.0,0.15,0.015,0.0027397260273972603,-1.0,-2.5,10.0,20,8,6,60,0.2
1189.0,84763.0,90586.0,0.15,0.015,0.0027397260273972603,-1.0,-2.5,10.0,20,8,6,60,0.2
1190.0,84763.0,17770.0,0.15,0.015,0.0027397260273972603,-1.0,-2.5,10.0,20,8,6,60,0.2
1191.0,84763.0,94490.0,0.15,0.015,0.0027397260273972603,-1.0,-2.5,10.0,20,8,6,60,0.2
1192.0,84763.0,81533.0,0.15,0.015,0.0027397260273972603,-1.0,-2.5,10.0,20,8,6,60,0.2
1193.0,84763.0,30998.0,0.15,0.015,0.0027397260273972603,-1.0,-2.5,10.0,20,8,6,60,0.2
1194.0,84763.0,3473.0,0.15,0.015,0.0027397260273972603,-1.0,-2.5,10.0,20,8,6,60,0.2
1195.0,84763.0,10805.0,0.15,0.015,0.0027397260273972603,-1.0,-2.5,10.0,20,8,6,60,0.2
1196.0,84763.0,12915.0,0.15,0.015,0.0027397260273972603,-1.0,-2.5,10.0,20,8,6,60,0.2
1197.0,84763.0,88310.0,0.15,0.015,0.0027397260273972603,-1.0,-2.5,10.0,20,8,6,60,0.2
1198.0,84763.0,74795.0,0.15,0.015,0.0027397260273972603,-1.0,-2.5,10.0,20,8,6,60,0.2
1199.0,84763.0,38832.0,0.15,0.015,0.0027397260273972603,-1.0,-2.5,10.0,20,8,6,60,0.2
1200.0,84763.0,25888.0,0.15,0.015,0.0027397260273972603,-1.0,-2.5,10.0,20,8,6,60,0.2
1201.0,84763.0,45949.0,0.15,0.015,0.0027397260273972603,-1.0,-2.5,10.0,20,8,6,60,0.2
1202.0,84763.0,10866.0,0.15,0.015,0.0027397260273972603,-1.0,-2.5,10.0,20,8,6,60,0.2
1203.0,84763.0,42830.0,0.15,0.015,0.0027397260273972603,-1.0,-2.5,10.0,20,8,6,60,0.2
1204.0,84763.0,7029.0,0.15,0.015,0.0027397260273972603,-1.0,-2.5,10.0,20,8,6,60,0.2
1205.0,84763.0,57987.0,0.15,0.015,0.0027397260273972603,-1.0,-2.5,10.0,20,8,6,60,0.2
1206.0,84763.0,15649.0,0.15,0.015,0.0027397260273972603,-1.0,-2.5,10.0,20,8,6,60,0.2
1207.0,84763.0,42121.0,0.15,0.015,0.0027397260273972603,-1.0,-2.5,10.0,20,8,6,60,0.2
1208.0,84763.0,87717.0,0.15,0.015,0.0027397260273972603,-1.0,-2.5,10.0,20,8,6,60,0.2
1209.0,84763.0,82937.0,0.15,0.015,0.0027397260273972603,-1.0,-2.5,10.0,20,8,6,60,0.2
1210.0,84763.0,89699.0,0.15,0.015,0.0027397260273972603,-1.0,-2.5,10.0,20,8,6,60,0.2
1211.0,84763.0,48121.0,0.15,0.015,0.0027397260273972603,-1.0,-2.5,10.0,20,8,6,60,0.2
1212.0,84763.0,6824.0,0.15,0.015,0.0027397260273972603,-1.0,-2.5,10.0,20,8,6,60,0.2
1213.0,84763.0,8377.0,0.15,0.015,0.0027397260273972603,-1.0,-2.5,10.0,20,8,6,60,0.2
1214.0,84763.0,83781.0,0.15,0.015,0.0027397260273972603,-1.0,-2.5,10.0,20,8,6,60,0.2
1215.0,84763.0,50427.0,0.15,0.015,0.0027397260273972603,-1.0,-2.5,10.0,20,8,6,60,0.2
1216.0,84763.0,23163.0,0.15,0.015,0.0027397260273972603,-1.0,-2.5,10.0,20,8,6,60,0.2
1217.0,84763.0,94500.0,0.15,0.015,0.0027397260273972603,-1.0,-2.5,10.0,20,8,6,60,0.2
1218.0,84763.0,31546.0,0.15,0.015,0.0027397260273972603,-1.0,-2.5,10.0,20,8,6,60,0.2
1219.0,84763.0,80005.0,0.15,0.015,0.0027397260273972603,-1.0,-2.5,10.0,20,8,6,60,0.2
1220.0,84763.0,95156.0,0.15,0.015,0.0027397260273972603,-1.0,-2.5,10.0,20,8,6,60,0.2
1221.0,84763.0,85919.0,0.15,0.015,0.0027397260273972603,-1.0,-2.5,10.0,20,8,6,60,0.2
1222.0,84763.0,19955.0,0.15,0.015,0.0027397260273972603,-1.0,-2.5,10.0,20,8,6,60,0.2
1223.0,84763.0,40367.0,0.15,0.015,0.0027397260273972603,-1.0,-2.5,10.0,20,8,6,60,0.2
1224.0,84763.0,35219.0,0.15,0.015,0.0027397260273972603,-1.0,-2.5,10.0,20,8,6,60,0.2
1225.0,84763.0,94214.0,0.15,0.015,0.0027397260273972603,-1.0,-2.5,10.0,20,8,6,60,0.2
1226.0,84763.0,68249.0,0.15,0.015,0.0027397260273972603,-1.0,-2.5,10.0,20,8,6,60,0.2
1227.0,84763.0,68839.0,0.15,0.015,0.0027397260273972603,-1.0,-2.5,10.0,20,8,6,60,0.2
1228.0,84763.0,915.0,0.15,0.015,0.0027397260273972603,-1.0,-2.5,10.0,20,8,6,60,0.2
1229.0,84763.0,55070.0,0.15,0.015,0.0027397260273972603,-1.0,-2.5,10.0,20,8,6,60,0.2
1230.0,84763.0,28901.0,0.15,0.015,0.0027397260273972603,-1.0,-2.5,10.0,20,8,6,60,0.2
1231.0,84763.0,75207.0,0.15,0.015,0.0027397260273972603,-1.0,-2.5,10.0,20,8,6,60,0.2
1232.0,84763.0,98247.0,0.15,0.015,0.0027397260273972603,-1.0,-2.5,10.0,20,8,6,60,0.2
1233.0,84763.0,44495.0,0.15,0.015,0.0027397260273972603,-1.0,-2.5,10.0,20,8,6,60,0.2
1234.0,84763.0,35573.0,0.15,0.015,0.0027397260273972603,-1.0,-2.5,10.0,20,8,6,60,0.2
1235.0,84763.0,84348.0,0.15,0.015,0.0027397260273972603,-1.0,-2.5,10.0,20,8,6,60,0.2
1236.0,84763.0,59041.0,0.15,0.015,0.0027397260273972603,-1.0,-2.5,10.0,20,8,6,60,0.2
1237.0,84763.0,6062.0,0.15,0.015,0.0027397260273972603,-1.0,-2.5,10.0,20,8,6,60,0.2
1238.0,84763.0,43114.0,0.15,0.015,0.0027397260273972603,-1.0,-2.5,10.0,20,8,6,60,0.2
1239.0,84763.0,5220.0,0.15,0.015,0.0027397260273972603,-1.0,-2.5,10.0,20,8,6,60,0.2
1240.0,84763.0,83846.0,0.15,0.015,0.0027397260273972603,-1.0,-2.5,10.0,20,8,6,60,0.2
1241.0,84763.0,51953.0,0.15,0.015,0.0027397260273972603,-1.0,-2.5,10.0,20,8,6,60,0.2
1242.0,84763.0,54438.0,0.15,0.015,0.0027397260273972603,-1.0,-2.5,10.0,20,8,6,60,0.2
1243.0,84763.0,94481.0,0.15,0.015,0.0027397260273972603,-1.0,-2.5,10.0,20,8,6,60,0.2
1244.0,84763.0,84486.0,0.15,0.015,0.0027397260273972603,-1.0,-2.5,10.0,20,8,6,60,0.2
1245.0,84763.0,27857.0,0.15,0.015,0.0027397260273972603,-1.0,-2.5,10.0,20,8,6,60,0.2
1246.0,84763.0,11092.0,0.15,0.015,0.0027397260273972603,-1.0,-2.5,10.0,20,8,6,60,0.2
1247.0,84763.0,7700.0,0.15,0.015,0.0027397260273972603,-1.0,-2.5,10.0,20,8,6,60,0.2
1248.0,84763.0,66120.0,0.15,0.015,0.0027397260273972603,-1.0,-2.5,10.0,20,8,6,60,0.2
1249.0,84763.0,92095.0,0.15,0.015,0.0027397260273972603,-1.0,-2.5,10.0,20,8,6,60,0.2
1250.0,84763.0,17370.0,0.15,0.015,0.0027397260273972603,-1.0,-2.5,10.0,20,8,6,60,0.2
1251.0,84763.0,93289.0,0.15,0.015,0.0027397260273972603,-1.0,-2.5,10.0,20,8,6,60,0.2
1252.0,84763.0,5766.0,0.15,0.015,0.0027397260273972603,-1.0,-2.5,10.0,20,8,6,60,0.2
1253.0,84763.0,63410.0,0.15,0.015,0.0027397260273972603,-1.0,-2.5,10.0,20,8,6,60,0.2
1254.0,84763.0,82875.0,0.15,0.015,0.0027397260273972603,-1.0,-2.5,10.0,20,8,6,60,0.2
1255.0,84763.0,59980.0,0.15,0.015,0.0027397260273972603,-1.0,-2.5,10.0,20,8,6,60,0.2
1256.0,84763.0,38728.0,0.15,0.015,0.0027397260273972603,-1.0,-2.5,10.0,20,8,6,60,0.2
1257.0,84763.0,64777.0,0.15,0.015,0.0027397260273972603,-1.0,-2.5,10.0,20,8,6,60,0.2
1258.0,84763.0,89371.0,0.15,0.015,0.0027397260273972603,-1.0,-2.5,10.0,20,8,6,60,0.2
1259.0,84763.0,83403.0,0.15,0.015,0.0027397260273972603,-1.0,-2.5,10.0,20,8,6,60,0.2
1260.0,84763.0,71728.0,0.15,0.015,0.0027397260273972603,-1.0,-2.5,10.0,20,8,6,60,0.2
1261.0,84763.0,77286.0,0.15,0.015,0.0027397260273972603,-1.0,-2.5,10.0,20,8,6,60,0.2
1262.0,84763.0,48751.0,0.15,0.015,0.0027397260273972603,-1.0,-2.5,10.0,20,8,6,60,0.2
1263.0,84763.0,24218.0,0.15,0.015,0.0027397260273972603,-1.0,-2.5,10.0,20,8,6,60,0.2
1264.0,84763.0,26113.0,0.15,0.015,0.0027397260273972603,-1.0,-2.5,10.0,20,8,6,60,0.2
1265.0,84763.0,40489.0,0.15,0.015,0.0027397260273972603,-1.0,-2.5,10.0,20,8,6,60,0.2
1266.0,84763.0,66554.0,0.15,0.015,0.0027397260273972603,-1.0,-2.5,10.0,20,8,6,60,0.2
1267.0,84763.0,31188.0,0.15,0.015,0.0027397260273972603,-1.0,-2.5,10.0,20,8,6,60,0.2
1268.0,84763.0,32557.0,0.15,0.015,0.0027397260273972603,-1.0,-2.5,10.0,20,8,6,60,0.2
1269.0,84763.0,46946.0,0.15,0.015,0.0027397260273972603,-1.0,-2.5,10.0,20,8,6,60,0.2
1270.0,84763.0,86846.0,0.15,0.015,0.0027397260273972603,-1.0,-2.5,10.0,20,8,6,60,0.2
1271.0,84763.0,15846.0,0.15,0.015,0.0027397260273972603,-1.0,-2.5,10.0,20,8,6,60,0.2
1272.0,84763.0,499.0,0.15,0.015,0.0027397260273972603,-1.0,-2.5,10.0,20,8,6,60,0.2
1273.0,84763.0,57697.0,0.15,0.015,0.0027397260273972603,-1.0,-2.5,10.0,20,8,6,60,0.2
1274.0,84763.0,93962.0,0.15,0.015,0.0027397260273972603,-1.0,-2.5,10.0,20,8,6,60,0.2
1275.0,84763.0,32399.0,0.15,0.015,0.0027397260273972603,-1.0,-2.5,10.0,20,8,6,60,0.2
1276.0,84763.0,5584.0,0.15,0.015,0.0027397260273972603,-1.0,-2.5,10.0,20,8,6,60,0.2
1277.0,84763.0,5019.0,0.15,0.015,0.0027397260273972603,-1.0,-2.5,10.0,20,8,6,60,0.2
1278.0,84763.0,81687.0,0.15,0.015,0.0027397260273972603,-1.0,-2.5,10.0,20,8,6,60,0.2
1279.0,84763.0,36613.0,0.15,0.015,0.0027397260273972603,-1.0,-2.5,10.0,20,8,6,60,0.2
1280.0,84763.0,39596.0,0.15,0.015,0.0027397260273972603,-1.0,-2.5,10.0,20,8,6,60,0.2
1281.0,84763.0,68375.0,0.15,0.015,0.0027397260273972603,-1.0,-2.5,10.0,20,8,6,60,0.2
1282.0,84763.0,44507.0,0.15,0.015,0.0027397260273972603,-1.0,-2.5,10.0,20,8,6,60,0.2
1283.0,84763.0,85872.0,0.15,0.015,0.0027397260273972603,-1.0,-2.5,10.0,20,8,6,60,0.2
1284.0,84763.0,43394.0,0.15,0.015,0.0027397260273972603,-1.0,-2.5,10.0,20,8,6,60,0.2
1285.0,84763.0,60724.0,0.15,0.015,0.0027397260273972603,-1.0,-2.5,10.0,20,8,6,60,0.2
1286.0,84763.0,45334.0,0.15,0.015,0.0027397260273972603,-1.0,-2.5,10.0,20,8,6,60,0.2
1287.0,84763.0,89454.0,0.15,0.015,0.0027397260273972603,-1.0,-2.5,10.0,20,8,6,60,0.2
1288.0,84763.0,39159.0,0.15,0.015,0.0027397260273972603,-1.0,-2.5,10.0,20,8,6,60,0.2
1289.0,84763.0,24348.0,0.15,0.015,0.0027397260273972603,-1.0,-2.5,10.0,20,8,6,60,0.2
1290.0,84763.0,11761.0,0.15,0.015,0.0027397260273972603,-1.0,-2.5,10.0,20,8,6,60,0.2
1291.0,84763.0,63570.0,0.15,0.015,0.0027397260273972603,-1.0,-2.5,10.0,20,8,6,60,0.2
1292.0,84763.0,83772.0,0.15,0.015,0.0027397260273972603,-1.0,-2.5,10.0,20,8,6,60,0.2
1293.0,84763.0,42032.0,0.15,0.015,0.0027397260273972603,-1.0,-2.5,10.0,20,8,6,60,0.2
1294.0,84763.0,61511.0,0.15,0.015,0.0027397260273972603,-1.0,-2.5,10.0,20,8,6,60,0.2
1295.0,84763.0,40730.0,0.15,0.015,0.0027397260273972603,-1.0,-2.5,10.0,20,8,6,60,0.2
1296.0,84763.0,98032.0,0.15,0.015,0.0027397260273972603,-1.0,-2.5,10.0,20,8,6,60,0.2
1297.0,84763.0,42199.0,0.15,0.015,0.0027397260273972603,-1.0,-2.5,10.0,20,8,6,60,0.2
1298.0,84763.0,37400.0,0.15,0.015,0.0027397260273972603,-1.0,-2.5,10.0,20,8,6,60,0.2
1299.0,84763.0,11704.0,0.15,0.015,0.0027397260273972603,-1.0,-2.5,10.0,20,8,6,60,0.2
1300.0,84763.0,6658.0,0.15,0.015,0.0027397260273972603,-1.0,-2.5,10.0,20,8,6,60,0.2
1301.0,84763.0,99745.0,0.15,0.015,0.0027397260273972603,-1.0,-2.5,10.0,20,8,6,60,0.2
1302.0,84763.0,75749.0,0.15,0.015,0.0027397260273972603,-1.0,-2.5,10.0,20,8,6,60,0.2
1303.0,84763.0,76044.0,0.15,0.015,0.0027397260273972603,-1.0,-2.5,10.0,20,8,6,60,0.2
1304.0,84763.0,71544.0,0.15,0.015,0.0027397260273972603,-1.0,-2.5,10.0,20,8,6,60,0.2
1305.0,84763.0,63982.0,0.15,0.015,0.0027397260273972603,-1.0,-2.5,10.0,20,8,6,60,0.2
1306.0,84763.0,53881.0,0.15,0.015,0.0027397260273972603,-1.0,-2.5,10.0,20,8,6,60,0.2
1307.0,84763.0,13851.0,0.15,0.015,0.0027397260273972603,-1.0,-2.5,10.0,20,8,6,60,0.2
1308.0,84763.0,76494.0,0.15,0.015,0.0027397260273972603,-1.0,-2.5,10.0,20,8,6,60,0.2
1309.0,84763.0,58920.0,0.15,0.015,0.0027397260273972603,-1.0,-2.5,10.0,20,8,6,60,0.2
1310.0,84763.0,12098.0,0.15,0.015,0.0027397260273972603,-1.0,-2.5,10.0,20,8,6,60,0.2
1311.0,84763.0,35078.0,0.15,0.015,0.0027397260273972603,-1.0,-2.5,10.0,20,8,6,60,0.2
1312.0,84763.0,48306.0,0.15,0.015,0.0027397260273972603,-1.0,-2.5,10.0,20,8,6,60,0.2
1313.0,84763.0,22251.0,0.15,0.015,0.0027397260273972603,-1.0,-2.5,10.0,20,8,6,60,0.2
1314.0,84763.0,4246.0,0.15,0.015,0.0027397260273972603,-1.0,-2.5,10.0,20,8,6,60,0.2
1315.0,84763.0,86669.0,0.15,0.015,0.0027397260273972603,-1.0,-2.5,10.0,20,8,6,60,0.2
1316.0,84763.0,63063.0,0.15,0.015,0.0027397260273972603,-1.0,-2.5,10.0,20,8,6,60,0.2
1317.0,84763.0,51937.0,0.15,0.015,0.0027397260273972603,-1.0,-2.5,10.0,20,8,6,60,0.2
1318.0,84763.0,36349.0,0.15,0.015,0.0027397260273972603,-1.0,-2.5,10.0,20,8,6,60,0.2
1319.0,84763.0,41258.0,0.15,0.015,0.0027397260273972603,-1.0,-2.5,10.0,20,8,6,60,0.2
1320.0,84763.0,25759.0,0.15,0.015,0.0027397260273972603,-1.0,-2.5,10.0,20,8,6,60,0.2
1321.0,84763.0,29347.0,0.15,0.015,0.0027397260273972603,-1.0,-2.5,10.0,20,8,6,60,0.2
1322.0,84763.0,63722.0,0.15,0.015,0.0027397260273972603,-1.0,-2.5,10.0,20,8,6,60,0.2
1323.0,84763.0,17819.0,0.15,0.015,0.0027397260273972603,-1.0,-2.5,10.0,20,8,6,60,0.2
1324.0,84763.0,50703.0,0.15,0.015,0.0027397260273972603,-1.0,-2.5,10.0,20,8,6,60,0.2
1325.0,84763.0,85255.0,0.15,0.015,0.0027397260273972603,-1.0,-2.5,10.0,20,8,6,60,0.2
1326.0,84763.0,60212.0,0.15,0.015,0.0027397260273972603,-1.0,-2.5,10.0,20,8,6,60,0.2
1327.0,84763.0,54671.0,0.15,0.015,0.0027397260273972603,-1.0,-2.5,10.0,20,8,6,60,0.2
1328.0,84763.0,9528.0,0.15,0.015,0.0027397260273972603,-1.0,-2.5,10.0,20,8,6,60,0.2
1329.0,84763.0,52966.0,0.15,0.015,0.0027397260273972603,-1.0,-2.5,10.0,20,8,6,60,0.2
1330.0,84763.0,34179.0,0.15,0.015,0.0027397260273972603,-1.0,-2.5,10.0,20,8,6,60,0.2
1331.0,84763.0,67353.0,0.15,0.015,0.0027397260273972603,-1.0,-2.5,10.0,20,8,6,60,0.2
1332.0,84763.0,32030.0,0.15,0.015,0.0027397260273972603,-1.0,-2.5,10.0,20,8,6,60,0.2
1333.0,84763.0,58751.0,0.15,0.015,0.0027397260273972603,-1.0,-2.5,10.0,20,8,6,60,0.2
1334.0,84763.0,41978.0,0.15,0.015,0.0027397260273972603,-1.0,-2.5,10.0,20,8,6,60,0.2
1335.0,84763.0,94096.0,0.15,0.015,0.0027397260273972603,-1.0,-2.5,10.0,20,8,6,60,0.2
1336.0,84763.0,80162.0,0.15,0.015,0.0027397260273972603,-1.0,-2.5,10.0,20,8,6,60,0.2
1337.0,84763.0,69683.0,0.15,0.015,0.0027397260273972603,-1.0,-2.5,10.0,20,8,6,60,0.2
1338.0,84763.0,29669.0,0.15,0.015,0.0027397260273972603,-1.0,-2.5,10.0,20,8,6,60,0.2
1339.0,84763.0,85159.0,0.15,0.015,0.0027397260273972603,-1.0,-2.5,10.0,20,8,6,60,0.2
1340.0,84763.0,86023.0,0.15,0.015,0.0027397260273972603,-1.0,-2.5,10.0,20,8,6,60,0.2
1341.0,84763.0,39316.0,0.15,0.015,0.0027397260273972603,-1.0,-2.5,10.0,20,8,6,60,0.2
1342.0,84763.0,33938.0,0.15,0.015,0.0027397260273972603,-1.0,-2.5,10.0,20,8,6,60,0.2
1343.0,84763.0,56188.0,0.15,0.015,0.0027397260273972603,-1.0,-2.5,10.0,20,8,6,60,0.2
1344.0,84763.0,83072.0,0.15,0.015,0.0027397260273972603,-1.0,-2.5,10.0,20,8,6,60,0.2
1345.0,84763.0,34545.0,0.15,0.015,0.0027397260273972603,-1.0,-2.5,10.0,20,8,6,60,0.2
1346.0,84763.0,86755.0,0.15,0.015,0.0027397260273972603,-1.0,-2.5,10.0,20,8,6,60,0.2
1347.0,84763.0,6592.0,0.15,0.015,0.0027397260273972603,-1.0,-2.5,10.0,20,8,6,60,0.2
1348.0,84763.0,64771.0,0.15,0.015,0.0027397260273972603,-1.0,-2.5,10.0,20,8,6,60,0.2
1349.0,84763.0,82057.0,0.15,0.015,0.0027397260273972603,-1.0,-2.5,10.0,20,8,6,60,0.2
1350.0,84763.0,56314.0,0.15,0.015,0.0027397260273972603,-1.0,-2.5,10.0,20,8,6,60,0.2
1351.0,84763.0,18579.0,0.15,0.015,0.0027397260273972603,-1.0,-2.5,10.0,20,8,6,60,0.2
1352.0,84763.0,32099.0,0.15,0.015,0.0027397260273972603,-1.0,-2.5,10.0,20,8,6,60,0.2
1353.0,84763.0,33064.0,0.15,0.015,0.0027397260273972603,-1.0,-2.5,10.0,20,8,6,60,0.2
1354.0,84763.0,35103.0,0.15,0.015,0.0027397260273972603,-1.0,-2.5,10.0,20,8,6,60,0.2
1355.0,84763.0,1405.0,0.15,0.015,0.0027397260273972603,-1.0,-2.5,10.0,20,8,6,60,0.2
1356.0,84763.0,94349.0,0.15,0.015,0.0027397260273972603,-1.0,-2.5,10.0,20,8,6,60,0.2
1357.0,84763.0,51427.0,0.15,0.015,0.0027397260273972603,-1.0,-2.5,10.0,20,8,6,60,0.2
1358.0,84763.0,29847.0,0.15,0.015,0.0027397260273972603,-1.0,-2.5,10.0,20,8,6,60,0.2
1359.0,84763.0,11312.0,0.15,0.015,0.0027397260273972603,-1.0,-2.5,10.0,20,8,6,60,0.2
1360.0,84763.0,3377.0,0.15,0.015,0.0027397260273972603,-1.0,-2.5,10.0,20,8,6,60,0.2
1361.0,84763.0,91107.0,0.15,0.015,0.0027397260273972603,-1.0,-2.5,10.0,20,8,6,60,0.2
1362.0,84763.0,70187.0,0.15,0.015,0.0027397260273972603,-1.0,-2.5,10.0,20,8,6,60,0.2
1363.0,84763.0,16948.0,0.15,0.015,0.0027397260273972603,-1.0,-2.5,10.0,20,8,6,60,0.2
1364.0,84763.0,39022.0,0.15,0.015,0.0027397260273972603,-1.0,-2.5,10.0,20,8,6,60,0.2
1365.0,84763.0,16991.0,0.15,0.015,0.0027397260273972603,-1.0,-2.5,10.0,20,8,6,60,0.2
1366.0,84763.0,69302.0,0.15,0.015,0.0027397260273972603,-1.0,-2.5,10.0,20,8,6,60,0.2
1367.0,84763.0,91100.0,0.15,0.015,0.0027397260273972603,-1.0,-2.5,10.0,20,8,6,60,0.2
1368.0,84763.0,64504.0,0.15,0.015,0.0027397260273972603,-1.0,-2.5,10.0,20,8,6,60,0.2
1369.0,84763.0,17664.0,0.15,0.015,0.0027397260273972603,-1.0,-2.5,10.0,20,8,6,60,0.2
1370.0,84763.0,8250.0,0.15,0.015,0.0027397260273972603,-1.0,-2.5,10.0,20,8,6,60,0.2
1371.0,84763.0,33638.0,0.15,0.015,0.0027397260273972603,-1.0,-2.5,10.0,20,8,6,60,0.2
1372.0,84763.0,96962.0,0.15,0.015,0.0027397260273972603,-1.0,-2.5,10.0,20,8,6,60,0.2
1373.0,84763.0,54522.0,0.15,0.015,0.0027397260273972603,-1.0,-2.5,10.0,20,8,6,60,0.2
1374.0,84763.0,98393.0,0.15,0.015,0.0027397260273972603,-1.0,-2.5,10.0,20,8,6,60,0.2
1375.0,84763.0,90520.0,0.15,0.015,0.0027397260273972603,-1.0,-2.5,10.0,20,8,6,60,0.2
1376.0,84763.0,12201.0,0.15,0.015,0.0027397260273972603,-1.0,-2.5,10.0,20,8,6,60,0.2
1377.0,84763.0,49115.0,0.15,0.015,0.0027397260273972603,-1.0,-2.5,10.0,20,8,6,60,0.2
1378.0,84763.0,469.0,0.15,0.015,0.0027397260273972603,-1.0,-2.5,10.0,20,8,6,60,0.2
1379.0,84763.0,82733.0,0.15,0.015,0.0027397260273972603,-1.0,-2.5,10.0,20,8,6,60,0.2
1380.0,84763.0,68548.0,0.15,0.015,0.0027397260273972603,-1.0,-2.5,10.0,20,8,6,60,0.2
1381.0,84763.0,82821.0,0.15,0.015,0.0027397260273972603,-1.0,-2.5,10.0,20,8,6,60,0.2
1382.0,84763.0,21925.0,0.15,0.015,0.0027397260273972603,-1.0,-2.5,10.0,20,8,6,60,0.2
1383.0,84763.0,69329.0,0.15,0.015,0.0027397260273972603,-1.0,-2.5,10.0,20,8,6,60,0.2
1384.0,84763.0,72114.0,0.15,0.015,0.0027397260273972603,-1.0,-2.5,10.0,20,8,6,60,0.2
1385.0,84763.0,84001.0,0.15,0.015,0.0027397260273972603,-1.0,-2.5,10.0,20,8,6,60,0.2
1386.0,84763.0,98283.0,0.15,0.015,0.0027397260273972603,-1.0,-2.5,10.0,20,8,6,60,0.2
1387.0,84763.0,95380.0,0.15,0.015,0.0027397260273972603,-1.0,-2.5,10.0,20,8,6,60,0.2
1388.0,84763.0,94143.0,0.15,0.015,0.0027397260273972603,-1.0,-2.5,10.0,20,8,6,60,0.2
1389.0,84763.0,18710.0,0.15,0.015,0.0027397260273972603,-1.0,-2.5,10.0,20,8,6,60,0.2
1390.0,84763.0,17349.0,0.15,0.015,0.0027397260273972603,-1.0,-2.5,10.0,20,8,6,60,0.2
1391.0,84763.0,26158.0,0.15,0.015,0.0027397260273972603,-1.0,-2.5,10.0,20,8,6,60,0.2
1392.0,84763.0,21970.0,0.15,0.015,0.0027397260273972603,-1.0,-2.5,10.0,20,8,6,60,0.2
1393.0,84763.0,96035.0,0.15,0.015,0.0027397260273972603,-1.0,-2.5,10.0,20,8,6,60,0.2
1394.0,84763.0,32759.0,0.15,0.015,0.0027397260273972603,-1.0,-2.5,10.0,20,8,6,60,0.2
1395.0,84763.0,19161.0,0.15,0.015,0.0027397260273972603,-1.0,-2.5,10.0,20,8,6,60,0.2
1396.0,84763.0,98177.0,0.15,0.015,0.0027397260273972603,-1.0,-2.5,10.0,20,8,6,60,0.2
1397.0,84763.0,42366.0,0.15,0.015,0.0027397260273972603,-1.0,-2.5,10.0,20,8,6,60,0.2
1398.0,84763.0,99550.0,0.15,0.015,0.0027397260273972603,-1.0,-2.5,10.0,20,8,6,60,0.2
1399.0,84763.0,57826.0,0.15,0.015,0.0027397260273972603,-1.0,-2.5,10.0,20,8,6,60,0.2
1400.0,84763.0,61005.0,0.15,0.015,0.0027397260273972603,-1.0,-2.5,10.0,20,8,6,60,0.2
1401.0,84763.0,15940.0,0.15,0.015,0.0027397260273972603,-1.0,-2.5,10.0,20,8,6,60,0.2
1402.0,84763.0,77643.0,0.15,0.015,0.0027397260273972603,-1.0,-2.5,10.0,20,8,6,60,0.2
1403.0,84763.0,57238.0,0.15,0.015,0.0027397260273972603,-1.0,-2.5,10.0,20,8,6,60,0.2
1404.0,84763.0,1401.0,0.15,0.015,0.0027397260273972603,-1.0,-2.5,10.0,20,8,6,60,0.2
1405.0,84763.0,94554.0,0.15,0.015,0.0027397260273972603,-1.0,-2.5,10.0,20,8,6,60,0.2
1406.0,84763.0,8095.0,0.15,0.015,0.0027397260273972603,-1.0,-2.5,10.0,20,8,6,60,0.2
1407.0,84763.0,9153.0,0.15,0.015,0.0027397260273972603,-1.0,-2.5,10.0,20,8,6,60,0.2
1408.0,84763.0,17781.0,0.15,0.015,0.0027397260273972603,-1.0,-2.5,10.0,20,8,6,60,0.2
1409.0,84763.0,18029.0,0.15,0.015,0.0027397260273972603,-1.0,-2.5,10.0,20,8,6,60,0.2
1410.0,84763.0,26808.0,0.15,0.015,0.0027397260273972603,-1.0,-2.5,10.0,20,8,6,60,0.2
1411.0,84763.0,62586.0,0.15,0.015,0.0027397260273972603,-1.0,-2.5,10.0,20,8,6,60,0.2
1412.0,84763.0,46135.0,0.15,0.015,0.0027397260273972603,-1.0,-2.5,10.0,20,8,6,60,0.2
1413.0,84763.0,1417.0,0.15,0.015,0.0027397260273972603,-1.0,-2.5,10.0,20,8,6,60,0.2
1414.0,84763.0,58374.0,0.15,0.015,0.0027397260273972603,-1.0,-2.5,10.0,20,8,6,60,0.2
1415.0,84763.0,30124.0,0.15,0.015,0.0027397260273972603,-1.0,-2.5,10.0,20,8,6,60,0.2
1416.0,84763.0,7978.0,0.15,0.015,0.0027397260273972603,-1.0,-2.5,10.0,20,8,6,60,0.2
1417.0,84763.0,1281.0,0.15,0.015,0.0027397260273972603,-1.0,-2.5,10.0,20,8,6,60,0.2
1418.0,84763.0,68322.0,0.15,0.015,0.0027397260273972603,-1.0,-2.5,10.0,20,8,6,60,0.2
1419.0,84763.0,97088.0,0.15,0.015,0.0027397260273972603,-1.0,-2.5,10.0,20,8,6,60,0.2
1420.0,84763.0,50031.0,0.15,0.015,0.0027397260273972603,-1.0,-2.5,10.0,20,8,6,60,0.2
1421.0,84763.0,61234.0,0.15,0.015,0.0027397260273972603,-1.0,-2.5,10.0,20,8,6,60,0.2
1422.0,84763.0,72062.0,0.15,0.015,0.0027397260273972603,-1.0,-2.5,10.0,20,8,6,60,0.2
1423.0,84763.0,86577.0,0.15,0.015,0.0027397260273972603,-1.0,-2.5,10.0,20,8,6,60,0.2
1424.0,84763.0,10825.0,0.15,0.015,0.0027397260273972603,-1.0,-2.5,10.0,20,8,6,60,0.2
1425.0,84763.0,39340.0,0.15,0.015,0.0027397260273972603,-1.0,-2.5,10.0,20,8,6,60,0.2
1426.0,84763.0,31810.0,0.15,0.015,0.0027397260273972603,-1.0,-2.5,10.0,20,8,6,60,0.2
1427.0,84763.0,53099.0,0.15,0.015,0.0027397260273972603,-1.0,-2.5,10.0,20,8,6,60,0.2
1428.0,84763.0,89348.0,0.15,0.015,0.0027397260273972603,-1.0,-2.5,10.0,20,8,6,60,0.2
1429.0,84763.0,27733.0,0.15,0.015,0.0027397260273972603,-1.0,-2.5,10.0,20,8,6,60,0.2
1430.0,84763.0,96617.0,0.15,0.015,0.0027397260273972603,-1.0,-2.5,10.0,20,8,6,60,0.2
1431.0,84763.0,68061.0,0.15,0.015,0.0027397260273972603,-1.0,-2.5,10.0,20,8,6,60,0.2
1432.0,84763.0,29898.0,0.15,0.015,0.0027397260273972603,-1.0,-2.5,10.0,20,8,6,60,0.2
1433.0,84763.0,98095.0,0.15,0.015,0.0027397260273972603,-1.0,-2.5,10.0,20,8,6,60,0.2
1434.0,84763.0,34365.0,0.15,0.015,0.0027397260273972603,-1.0,-2.5,10.0,20,8,6,60,0.2
1435.0,84763.0,84049.0,0.15,0.015,0.0027397260273972603,-1.0,-2.5,10.0,20,8,6,60,0.2
1436.0,84763.0,21360.0,0.15,0.015,0.0027397260273972603,-1.0,-2.5,10.0,20,8,6,60,0.2
1437.0,84763.0,14603.0,0.15,0.015,0.0027397260273972603,-1.0,-2.5,10.0,20,8,6,60,0.2
1438.0,84763.0,33608.0,0.15,0.015,0.0027397260273972603,-1.0,-2.5,10.0,20,8,6,60,0.2
1439.0,84763.0,74067.0,0.15,0.015,0.0027397260273972603,-1.0,-2.5,10.0,20,8,6,60,0.2
1440.0,84763.0,25320.0,0.15,0.015,0.0027397260273972603,-1.0,-2.5,10.0,20,8,6,60,0.2
1441.0,84763.0,80446.0,0.15,0.015,0.0027397260273972603,-1.0,-2.5,10.0,20,8,6,60,0.2
1442.0,84763.0,38398.0,0.15,0.015,0.0027397260273972603,-1.0,-2.5,10.0,20,8,6,60,0.2
1443.0,84763.0,81165.0,0.15,0.015,0.0027397260273972603,-1.0,-2.5,10.0,20,8,6,60,0.2
1444.0,84763.0,76097.0,0.15,0.015,0.0027397260273972603,-1.0,-2.5,10.0,20,8,6,60,0.2
1445.0,84763.0,35497.0,0.15,0.015,0.0027397260273972603,-1.0,-2.5,10.0,20,8,6,60,0.2
1446.0,84763.0,36823.0,0.15,0.015,0.0027397260273972603,-1.0,-2.5,10.0,20,8,6,60,0.2
1447.0,84763.0,48635.0,0.15,0.015,0.0027397260273972603,-1.0,-2.5,10.0,20,8,6,60,0.2
1448.0,84763.0,63830.0,0.15,0.015,0.0027397260273972603,-1.0,-2.5,10.0,20,8,6,60,0.2
1449.0,84763.0,27378.0,0.15,0.015,0.0027397260273972603,-1.0,-2.5,10.0,20,8,6,60,0.2
1450.0,84763.0,40167.0,0.15,0.015,0.0027397260273972603,-1.0,-2.5,10.0,20,8,6,60,0.2
1451.0,84763.0,39035.0,0.15,0.015,0.0027397260273972603,-1.0,-2.5,10.0,20,8,6,60,0.2
1452.0,84763.0,84199.0,0.15,0.015,0.0027397260273972603,-1.0,-2.5,10.0,20,8,6,60,0.2
1453.0,84763.0,56361.0,0.15,0.015,0.0027397260273972603,-1.0,-2.5,10.0,20,8,6,60,0.2
1454.0,84763.0,14265.0,0.15,0.015,0.0027397260273972603,-1.0,-2.5,10.0,20,8,6,60,0.2
1455.0,84763.0,14719.0,0.15,0.015,0.0027397260273972603,-1.0,-2.5,10.0,20,8,6,60,0.2
1456.0,84763.0,33209.0,0.15,0.015,0.0027397260273972603,-1.0,-2.5,10.0,20,8,6,60,0.2
1457.0,84763.0,14081.0,0.15,0.015,0.0027397260273972603,-1.0,-2.5,10.0,20,8,6,60,0.2
1458.0,84763.0,13662.0,0.15,0.015,0.0027397260273972603,-1.0,-2.5,10.0,20,8,6,60,0.2
1459.0,84763.0,90205.0,0.15,0.015,0.0027397260273972603,-1.0,-2.5,10.0,20,8,6,60,0.2
1460.0,84763.0,97627.0,0.15,0.015,0.0027397260273972603,-1.0,-2.5,10.0,20,8,6,60,0.2
1461.0,84763.0,57069.0,0.15,0.015,0.0027397260273972603,-1.0,-2.5,10.0,20,8,6,60,0.2
1462.0,84763.0,50477.0,0.15,0.015,0.0027397260273972603,-1.0,-2.5,10.0,20,8,6,60,0.2
1463.0,84763.0,87882.0,0.15,0.015,0.0027397260273972603,-1.0,-2.5,10.0,20,8,6,60,0.2
1464.0,84763.0,74320.0,0.15,0.015,0.0027397260273972603,-1.0,-2.5,10.0,20,8,6,60,0.2
1465.0,84763.0,65462.0,0.15,0.015,0.0027397260273972603,-1.0,-2.5,10.0,20,8,6,60,0.2
1466.0,84763.0,19183.0,0.15,0.015,0.0027397260273972603,-1.0,-2.5,10.0,20,8,6,60,0.2
1467.0,84763.0,25039.0,0.15,0.015,0.0027397260273972603,-1.0,-2.5,10.0,20,8,6,60,0.2
1468.0,84763.0,69235.0,0.15,0.015,0.0027397260273972603,-1.0,-2.5,10.0,20,8,6,60,0.2
1469.0,84763.0,50026.0,0.15,0.015,0.0027397260273972603,-1.0,-2.5,10.0,20,8,6,60,0.2
1470.0,84763.0,3263.0,0.15,0.015,0.0027397260273972603,-1.0,-2.5,10.0,20,8,6,60,0.2
1471.0,84763.0,29685.0,0.15,0.015,0.0027397260273972603,-1.0,-2.5,10.0,20,8,6,60,0.2
1472.0,84763.0,34445.0,0.15,0.015,0.0027397260273972603,-1.0,-2.5,10.0,20,8,6,60,0.2
1473.0,84763.0,72137.0,0.15,0.015,0.0027397260273972603,-1.0,-2.5,10.0,20,8,6,60,0.2
1474.0,84763.0,33830.0,0.15,0.015,0.0027397260273972603,-1.0,-2.5,10.0,20,8,6,60,0.2
1475.0,84763.0,85208.0,0.15,0.015,0.0027397260273972603,-1.0,-2.5,10.0,20,8,6,60,0.2
1476.0,84763.0,46090.0,0.15,0.015,0.0027397260273972603,-1.0,-2.5,10.0,20,8,6,60,0.2
1477.0,84763.0,58927.0,0.15,0.015,0.0027397260273972603,-1.0,-2.5,10.0,20,8,6,60,0.2
1478.0,84763.0,59754.0,0.15,0.015,0.0027397260273972603,-1.0,-2.5,10.0,20,8,6,60,0.2
1479.0,84763.0,78903.0,0.15,0.015,0.0027397260273972603,-1.0,-2.5,10.0,20,8,6,60,0.2
1480.0,84763.0,98875.0,0.15,0.015,0.0027397260273972603,-1.0,-2.5,10.0,20,8,6,60,0.2
1481.0,84763.0,33232.0,0.15,0.015,0.0027397260273972603,-1.0,-2.5,10.0,20,8,6,60,0.2
1482.0,84763.0,19514.0,0.15,0.015,0.0027397260273972603,-1.0,-2.5,10.0,20,8,6,60,0.2
1483.0,84763.0,77498.0,0.15,0.015,0.0027397260273972603,-1.0,-2.5,10.0,20,8,6,60,0.2
1484.0,84763.0,30378.0,0.15,0.015,0.0027397260273972603,-1.0,-2.5,10.0,20,8,6,60,0.2
1485.0,84763.0,43635.0,0.15,0.015,0.0027397260273972603,-1.0,-2.5,10.0,20,8,6,60,0.2
1486.0,84763.0,46003.0,0.15,0.015,0.0027397260273972603,-1.0,-2.5,10.0,20,8,6,60,0.2
1487.0,84763.0,14817.0,0.15,0.015,0.0027397260273972603,-1.0,-2.5,10.0,20,8,6,60,0.2
1488.0,84763.0,48500.0,0.15,0.015,0.0027397260273972603,-1.0,-2.5,10.0,20,8,6,60,0.2
1489.0,84763.0,70105.0,0.15,0.015,0.0027397260273972603,-1.0,-2.5,10.0,20,8,6,60,0.2
1490.0,84763.0,79328.0,0.15,0.015,0.0027397260273972603,-1.0,-2.5,10.0,20,8,6,60,0.2
1491.0,84763.0,87152.0,0.15,0.015,0.0027397260273972603,-1.0,-2.5,10.0,20,8,6,60,0.2
1492.0,84763.0,83750.0,0.15,0.015,0.0027397260273972603,-1.0,-2.5,10.0,20,8,6,60,0.2
1493.0,84763.0,92023.0,0.15,0.015,0.0027397260273972603,-1.0,-2.5,10.0,20,8,6,60,0.2
1494.0,84763.0,35006.0,0.15,0.015,0.0027397260273972603,-1.0,-2.5,10.0,20,8,6,60,0.2
1495.0,84763.0,71166.0,0.15,0.015,0.0027397260273972603,-1.0,-2.5,10.0,20,8,6,60,0.2
1496.0,84763.0,23086.0,0.15,0.015,0.0027397260273972603,-1.0,-2.5,10.0,20,8,6,60,0.2
1497.0,84763.0,19939.0,0.15,0.015,0.0027397260273972603,-1.0,-2.5,10.0,20,8,6,60,0.2
1498.0,84763.0,53455.0,0.15,0.015,0.0027397260273972603,-1.0,-2.5,10.0,20,8,6,60,0.2
1499.0,84763.0,42750.0,0.15,0.015,0.0027397260273972603,-1.0,-2.5,10.0,20,8,6,60,0.2
1500.0,84763.0,81656.0,0.15,0.015,0.0027397260273972603,-1.0,-2.5,10.0,20,8,6,60,0.2
1501.0,84763.0,30562.0,0.15,0.015,0.0027397260273972603,-1.0,-2.5,10.0,20,8,6,60,0.2
1502.0,84763.0,72473.0,0.15,0.015,0.0027397260273972603,-1.0,-2.5,10.0,20,8,6,60,0.2
1503.0,84763.0,99271.0,0.15,0.015,0.0027397260273972603,-1.0,-2.5,10.0,20,8,6,60,0.2
1504.0,84763.0,35552.0,0.15,0.015,0.0027397260273972603,-1.0,-2.5,10.0,20,8,6,60,0.2
1505.0,84763.0,65839.0,0.15,0.015,0.0027397260273972603,-1.0,-2.5,10.0,20,8,6,60,0.2
1506.0,84763.0,70037.0,0.15,0.015,0.0027397260273972603,-1.0,-2.5,10.0,20,8,6,60,0.2
1507.0,84763.0,25828.0,0.15,0.015,0.0027397260273972603,-1.0,-2.5,10.0,20,8,6,60,0.2
1508.0,84763.0,86937.0,0.15,0.015,0.0027397260273972603,-1.0,-2.5,10.0,20,8,6,60,0.2
1509.0,84763.0,16181.0,0.15,0.015,0.0027397260273972603,-1.0,-2.5,10.0,20,8,6,60,0.2
1510.0,84763.0,53592.0,0.15,0.015,0.0027397260273972603,-1.0,-2.5,10.0,20,8,6,60,0.2
1511.0,84763.0,48955.0,0.15,0.015,0.0027397260273972603,-1.0,-2.5,10.0,20,8,6,60,0.2
1512.0,84763.0,84379.0,0.15,0.015,0.0027397260273972603,-1.0,-2.5,10.0,20,8,6,60,0.2
1513.0,84763.0,92685.0,0.15,0.015,0.0027397260273972603,-1.0,-2.5,10.0,20,8,6,60,0.2
1514.0,84763.0,38922.0,0.15,0.015,0.0027397260273972603,-1.0,-2.5,10.0,20,8,6,60,0.2
1515.0,84763.0,19366.0,0.15,0.015,0.0027397260273972603,-1.0,-2.5,10.0,20,8,6,60,0.2
1516.0,84763.0,18285.0,0.15,0.015,0.0027397260273972603,-1.0,-2.5,10.0,20,8,6,60,0.2
1517.0,84763.0,86752.0,0.15,0.015,0.0027397260273972603,-1.0,-2.5,10.0,20,8,6,60,0.2
1518.0,84763.0,86511.0,0.15,0.015,0.0027397260273972603,-1.0,-2.5,10.0,20,8,6,60,0.2
1519.0,84763.0,83253.0,0.15,0.015,0.0027397260273972603,-1.0,-2.5,10.0,20,8,6,60,0.2
1520.0,84763.0,75819.0,0.15,0.015,0.0027397260273972603,-1.0,-2.5,10.0,20,8,6,60,0.2
1521.0,84763.0,99051.0,0.15,0.015,0.0027397260273972603,-1.0,-2.5,10.0,20,8,6,60,0.2
1522.0,84763.0,96835.0,0.15,0.015,0.0027397260273972603,-1.0,-2.5,10.0,20,8,6,60,0.2
1523.0,84763.0,96555.0,0.15,0.015,0.0027397260273972603,-1.0,-2.5,10.0,20,8,6,60,0.2
1524.0,84763.0,60175.0,0.15,0.015,0.0027397260273972603,-1.0,-2.5,10.0,20,8,6,60,0.2
1525.0,84763.0,39719.0,0.15,0.015,0.0027397260273972603,-1.0,-2.5,10.0,20,8,6,60,0.2
1526.0,84763.0,23709.0,0.15,0.015,0.0027397260273972603,-1.0,-2.5,10.0,20,8,6,60,0.2
1527.0,84763.0,51662.0,0.15,0.015,0.0027397260273972603,-1.0,-2.5,10.0,20,8,6,60,0.2
1528.0,84763.0,50172.0,0.15,0.015,0.0027397260273972603,-1.0,-2.5,10.0,20,8,6,60,0.2
1529.0,84763.0,20653.0,0.15,0.015,0.0027397260273972603,-1.0,-2.5,10.0,20,8,6,60,0.2
1530.0,84763.0,25764.0,0.15,0.015,0.0027397260273972603,-1.0,-2.5,10.0,20,8,6,60,0.2
1531.0,84763.0,80527.0,0.15,0.015,0.0027397260273972603,-1.0,-2.5,10.0,20,8,6,60,0.2
1532.0,84763.0,3438.0,0.15,0.015,0.0027397260273972603,-1.0,-2.5,10.0,20,8,6,60,0.2
1533.0,84763.0,15590.0,0.15,0.015,0.0027397260273972603,-1.0,-2.5,10.0,20,8,6,60,0.2
1534.0,84763.0,83951.0,0.15,0.015,0.0027397260273972603,-1.0,-2.5,10.0,20,8,6,60,0.2
1535.0,84763.0,14214.0,0.15,0.015,0.0027397260273972603,-1.0,-2.5,10.0,20,8,6,60,0.2
1536.0,84763.0,7653.0,0.15,0.015,0.0027397260273972603,-1.0,-2.5,10.0,20,8,6,60,0.2
1537.0,84763.0,7570.0,0.15,0.015,0.0027397260273972603,-1.0,-2.5,10.0,20,8,6,60,0.2
1538.0,84763.0,67773.0,0.15,0.015,0.0027397260273972603,-1.0,-2.5,10.0,20,8,6,60,0.2
1539.0,84763.0,54224.0,0.15,0.015,0.0027397260273972603,-1.0,-2.5,10.0,20,8,6,60,0.2
1540.0,84763.0,97673.0,0.15,0.015,0.0027397260273972603,-1.0,-2.5,10.0,20,8,6,60,0.2
1541.0,84763.0,19269.0,0.15,0.015,0.0027397260273972603,-1.0,-2.5,10.0,20,8,6,60,0.2
1542.0,84763.0,3918.0,0.15,0.015,0.0027397260273972603,-1.0,-2.5,10.0,20,8,6,60,0.2
1543.0,84763.0,27945.0,0.15,0.015,0.0027397260273972603,-1.0,-2.5,10.0,20,8,6,60,0.2
1544.0,84763.0,81079.0,0.15,0.015,0.0027397260273972603,-1.0,-2.5,10.0,20,8,6,60,0.2
1545.0,84763.0,92867.0,0.15,0.015,0.0027397260273972603,-1.0,-2.5,10.0,20,8,6,60,0.2
1546.0,84763.0,62456.0,0.15,0.015,0.0027397260273972603,-1.0,-2.5,10.0,20,8,6,60,0.2
1547.0,84763.0,59194.0,0.15,0.015,0.0027397260273972603,-1.0,-2.5,10.0,20,8,6,60,0.2
1548.0,84763.0,87313.0,0.15,0.015,0.0027397260273972603,-1.0,-2.5,10.0,20,8,6,60,0.2
1549.0,84763.0,36239.0,0.15,0.015,0.0027397260273972603,-1.0,-2.5,10.0,20,8,6,60,0.2
1550.0,84763.0,81207.0,0.15,0.015,0.0027397260273972603,-1.0,-2.5,10.0,20,8,6,60,0.2
1551.0,84763.0,22513.0,0.15,0.015,0.0027397260273972603,-1.0,-2.5,10.0,20,8,6,60,0.2
1552.0,84763.0,28538.0,0.15,0.015,0.0027397260273972603,-1.0,-2.5,10.0,20,8,6,60,0.2
1553.0,84763.0,39760.0,0.15,0.015,0.0027397260273972603,-1.0,-2.5,10.0,20,8,6,60,0.2
1554.0,84763.0,31465.0,0.15,0.015,0.0027397260273972603,-1.0,-2.5,10.0,20,8,6,60,0.2
1555.0,84763.0,87571.0,0.15,0.015,0.0027397260273972603,-1.0,-2.5,10.0,20,8,6,60,0.2
1556.0,84763.0,85479.0,0.15,0.015,0.0027397260273972603,-1.0,-2.5,10.0,20,8,6,60,0.2
1557.0,84763.0,9070.0,0.15,0.015,0.0027397260273972603,-1.0,-2.5,10.0,20,8,6,60,0.2
1558.0,84763.0,47341.0,0.15,0.015,0.0027397260273972603,-1.0,-2.5,10.0,20,8,6,60,0.2
1559.0,84763.0,34927.0,0.15,0.015,0.0027397260273972603,-1.0,-2.5,10.0,20,8,6,60,0.2
1560.0,84763.0,72032.0,0.15,0.015,0.0027397260273972603,-1.0,-2.5,10.0,20,8,6,60,0.2
1561.0,84763.0,1095.0,0.15,0.015,0.0027397260273972603,-1.0,-2.5,10.0,20,8,6,60,0.2
1562.0,84763.0,94914.0,0.15,0.015,0.0027397260273972603,-1.0,-2.5,10.0,20,8,6,60,0.2
1563.0,84763.0,98023.0,0.15,0.015,0.0027397260273972603,-1.0,-2.5,10.0,20,8,6,60,0.2
1564.0,84763.0,69104.0,0.15,0.015,0.0027397260273972603,-1.0,-2.5,10.0,20,8,6,60,0.2
1565.0,84763.0,89221.0,0.15,0.015,0.0027397260273972603,-1.0,-2.5,10.0,20,8,6,60,0.2
1566.0,84763.0,60205.0,0.15,0.015,0.0027397260273972603,-1.0,-2.5,10.0,20,8,6,60,0.2
1567.0,84763.0,52963.0,0.15,0.015,0.0027397260273972603,-1.0,-2.5,10.0,20,8,6,60,0.2
1568.0,84763.0,7814.0,0.15,0.015,0.0027397260273972603,-1.0,-2.5,10.0,20,8,6,60,0.2
1569.0,84763.0,6093.0,0.15,0.015,0.0027397260273972603,-1.0,-2.5,10.0,20,8,6,60,0.2
1570.0,84763.0,76018.0,0.15,0.015,0.0027397260273972603,-1.0,-2.5,10.0,20,8,6,60,0.2
1571.0,84763.0,52940.0,0.15,0.015,0.0027397260273972603,-1.0,-2.5,10.0,20,8,6,60,0.2
1572.0,84763.0,98499.0,0.15,0.015,0.0027397260273972603,-1.0,-2.5,10.0,20,8,6,60,0.2
1573.0,84763.0,39347.0,0.15,0.015,0.0027397260273972603,-1.0,-2.5,10.0,20,8,6,60,0.2
1574.0,84763.0,24002.0,0.15,0.015,0.0027397260273972603,-1.0,-2.5,10.0,20,8,6,60,0.2
1575.0,84763.0,48925.0,0.15,0.015,0.0027397260273972603,-1.0,-2.5,10.0,20,8,6,60,0.2
1576.0,84763.0,84852.0,0.15,0.015,0.0027397260273972603,-1.0,-2.5,10.0,20,8,6,60,0.2
1577.0,84763.0,38770.0,0.15,0.015,0.0027397260273972603,-1.0,-2.5,10.0,20,8,6,60,0.2
1578.0,84763.0,18691.0,0.15,0.015,0.0027397260273972603,-1.0,-2.5,10.0,20,8,6,60,0.2
1579.0,84763.0,29354.0,0.15,0.015,0.0027397260273972603,-1.0,-2.5,10.0,20,8,6,60,0.2
1580.0,84763.0,54878.0,0.15,0.015,0.0027397260273972603,-1.0,-2.5,10.0,20,8,6,60,0.2
1581.0,84763.0,2085.0,0.15,0.015,0.0027397260273972603,-1.0,-2.5,10.0,20,8,6,60,0.2
1582.0,84763.0,54406.0,0.15,0.015,0.0027397260273972603,-1.0,-2.5,10.0,20,8,6,60,0.2
1583.0,84763.0,87556.0,0.15,0.015,0.0027397260273972603,-1.0,-2.5,10.0,20,8,6,60,0.2
1584.0,84763.0,68181.0,0.15,0.015,0.0027397260273972603,-1.0,-2.5,10.0,20,8,6,60,0.2
1585.0,84763.0,5524.0,0.15,0.015,0.0027397260273972603,-1.0,-2.5,10.0,20,8,6,60,0.2
1586.0,84763.0,77102.0,0.15,0.015,0.0027397260273972603,-1.0,-2.5,10.0,20,8,6,60,0.2
1587.0,84763.0,47064.0,0.15,0.015,0.0027397260273972603,-1.0,-2.5,10.0,20,8,6,60,0.2
1588.0,84763.0,24974.0,0.15,0.015,0.0027397260273972603,-1.0,-2.5,10.0,20,8,6,60,0.2
1589.0,84763.0,94563.0,0.15,0.015,0.0027397260273972603,-1.0,-2.5,10.0,20,8,6,60,0.2
1590.0,84763.0,14394.0,0.15,0.015,0.0027397260273972603,-1.0,-2.5,10.0,20,8,6,60,0.2
1591.0,84763.0,66429.0,0.15,0.015,0.0027397260273972603,-1.0,-2.5,10.0,20,8,6,60,0.2
1592.0,84763.0,17367.0,0.15,0.015,0.0027397260273972603,-1.0,-2.5,10.0,20,8,6,60,0.2
1593.0,84763.0,16920.0,0.15,0.015,0.0027397260273972603,-1.0,-2.5,10.0,20,8,6,60,0.2
1594.0,84763.0,88566.0,0.15,0.015,0.0027397260273972603,-1.0,-2.5,10.0,20,8,6,60,0.2
1595.0,84763.0,2104.0,0.15,0.015,0.0027397260273972603,-1.0,-2.5,10.0,20,8,6,60,0.2
1596.0,84763.0,243.0,0.15,0.015,0.0027397260273972603,-1.0,-2.5,10.0,20,8,6,60,0.2
1597.0,84763.0,91774.0,0.15,0.015,0.0027397260273972603,-1.0,-2.5,10.0,20,8,6,60,0.2
1598.0,84763.0,57078.0,0.15,0.015,0.0027397260273972603,-1.0,-2.5,10.0,20,8,6,60,0.2
1599.0,84763.0,29647.0,0.15,0.015,0.0027397260273972603,-1.0,-2.5,10.0,20,8,6,60,0.2
1600.0,84763.0,99517.0,0.15,0.015,0.0027397260273972603,-1.0,-2.5,10.0,20,8,6,60,0.2
1601.0,84763.0,24148.0,0.15,0.015,0.0027397260273972603,-1.0,-2.5,10.0,20,8,6,60,0.2
1602.0,84763.0,2480.0,0.15,0.015,0.0027397260273972603,-1.0,-2.5,10.0,20,8,6,60,0.2
1603.0,84763.0,58926.0,0.15,0.015,0.0027397260273972603,-1.0,-2.5,10.0,20,8,6,60,0.2
1604.0,84763.0,28877.0,0.15,0.015,0.0027397260273972603,-1.0,-2.5,10.0,20,8,6,60,0.2
1605.0,84763.0,11169.0,0.15,0.015,0.0027397260273972603,-1.0,-2.5,10.0,20,8,6,60,0.2
1606.0,84763.0,25091.0,0.15,0.015,0.0027397260273972603,-1.0,-2.5,10.0,20,8,6,60,0.2
1607.0,84763.0,19453.0,0.15,0.015,0.0027397260273972603,-1.0,-2.5,10.0,20,8,6,60,0.2
1608.0,84763.0,36541.0,0.15,0.015,0.0027397260273972603,-1.0,-2.5,10.0,20,8,6,60,0.2
1609.0,84763.0,21732.0,0.15,0.015,0.0027397260273972603,-1.0,-2.5,10.0,20,8,6,60,0.2
1610.0,84763.0,53946.0,0.15,0.015,0.0027397260273972603,-1.0,-2.5,10.0,20,8,6,60,0.2
1611.0,84763.0,21626.0,0.15,0.015,0.0027397260273972603,-1.0,-2.5,10.0,20,8,6,60,0.2
1612.0,84763.0,32354.0,0.15,0.015,0.0027397260273972603,-1.0,-2.5,10.0,20,8,6,60,0.2
1613.0,84763.0,19515.0,0.15,0.015,0.0027397260273972603,-1.0,-2.5,10.0,20,8,6,60,0.2
1614.0,84763.0,37891.0,0.15,0.015,0.0027397260273972603,-1.0,-2.5,10.0,20,8,6,60,0.2
1615.0,84763.0,13663.0,0.15,0.015,0.0027397260273972603,-1.0,-2.5,10.0,20,8,6,60,0.2
1616.0,84763.0,7822.0,0.15,0.015,0.0027397260273972603,-1.0,-2.5,10.0,20,8,6,60,0.2
1617.0,84763.0,73542.0,0.15,0.015,0.0027397260273972603,-1.0,-2.5,10.0,20,8,6,60,0.2
1618.0,84763.0,68990.0,0.15,0.015,0.0027397260273972603,-1.0,-2.5,10.0,20,8,6,60,0.2
1619.0,84763.0,77125.0,0.15,0.015,0.0027397260273972603,-1.0,-2.5,10.0,20,8,6,60,0.2
1620.0,84763.0,63489.0,0.15,0.015,0.0027397260273972603,-1.0,-2.5,10.0,20,8,6,60,0.2
1621.0,84763.0,31304.0,0.15,0.015,0.0027397260273972603,-1.0,-2.5,10.0,20,8,6,60,0.2
1622.0,84763.0,77974.0,0.15,0.015,0.0027397260273972603,-1.0,-2.5,10.0,20,8,6,60,0.2
1623.0,84763.0,69826.0,0.15,0.015,0.0027397260273972603,-1.0,-2.5,10.0,20,8,6,60,0.2
1624.0,84763.0,23753.0,0.15,0.015,0.0027397260273972603,-1.0,-2.5,10.0,20,8,6,60,0.2
1625.0,84763.0,359.0,0.15,0.015,0.0027397260273972603,-1.0,-2.5,10.0,20,8,6,60,0.2
1626.0,84763.0,12950.0,0.15,0.015,0.0027397260273972603,-1.0,-2.5,10.0,20,8,6,60,0.2
1627.0,84763.0,35964.0,0.15,0.015,0.0027397260273972603,-1.0,-2.5,10.0,20,8,6,60,0.2
1628.0,84763.0,91013.0,0.15,0.015,0.0027397260273972603,-1.0,-2.5,10.0,20,8,6,60,0.2
1629.0,84763.0,65911.0,0.15,0.015,0.0027397260273972603,-1.0,-2.5,10.0,20,8,6,60,0.2
1630.0,84763.0,95814.0,0.15,0.015,0.0027397260273972603,-1.0,-2.5,10.0,20,8,6,60,0.2
1631.0,84763.0,84027.0,0.15,0.015,0.0027397260273972603,-1.0,-2.5,10.0,20,8,6,60,0.2
1632.0,84763.0,87026.0,0.15,0.015,0.0027397260273972603,-1.0,-2.5,10.0,20,8,6,60,0.2
1633.0,84763.0,54143.0,0.15,0.015,0.0027397260273972603,-1.0,-2.5,10.0,20,8,6,60,0.2
1634.0,84763.0,27037.0,0.15,0.015,0.0027397260273972603,-1.0,-2.5,10.0,20,8,6,60,0.2
1635.0,84763.0,97101.0,0.15,0.015,0.0027397260273972603,-1.0,-2.5,10.0,20,8,6,60,0.2
1636.0,84763.0,90411.0,0.15,0.015,0.0027397260273972603,-1.0,-2.5,10.0,20,8,6,60,0.2
1637.0,84763.0,92694.0,0.15,0.015,0.0027397260273972603,-1.0,-2.5,10.0,20,8,6,60,0.2
1638.0,84763.0,88314.0,0.15,0.015,0.0027397260273972603,-1.0,-2.5,10.0,20,8,6,60,0.2
1639.0,84763.0,98712.0,0.15,0.015,0.0027397260273972603,-1.0,-2.5,10.0,20,8,6,60,0.2
1640.0,84763.0,70165.0,0.15,0.015,0.0027397260273972603,-1.0,-2.5,10.0,20,8,6,60,0.2
1641.0,84763.0,49751.0,0.15,0.015,0.0027397260273972603,-1.0,-2.5,10.0,20,8,6,60,0.2
1642.0,84763.0,39894.0,0.15,0.015,0.0027397260273972603,-1.0,-2.5,10.0,20,8,6,60,0.2
1643.0,84763.0,70773.0,0.15,0.015,0.0027397260273972603,-1.0,-2.5,10.0,20,8,6,60,0.2
1644.0,84763.0,33254.0,0.15,0.015,0.0027397260273972603,-1.0,-2.5,10.0,20,8,6,60,0.2
1645.0,84763.0,31241.0,0.15,0.015,0.0027397260273972603,-1.0,-2.5,10.0,20,8,6,60,0.2
1646.0,84763.0,51114.0,0.15,0.015,0.0027397260273972603,-1.0,-2.5,10.0,20,8,6,60,0.2
1647.0,84763.0,6431.0,0.15,0.015,0.0027397260273972603,-1.0,-2.5,10.0,20,8,6,60,0.2
1648.0,84763.0,2375.0,0.15,0.015,0.0027397260273972603,-1.0,-2.5,10.0,20,8,6,60,0.2
1649.0,84763.0,22288.0,0.15,0.015,0.0027397260273972603,-1.0,-2.5,10.0,20,8,6,60,0.2
1650.0,84763.0,82008.0,0.15,0.015,0.0027397260273972603,-1.0,-2.5,10.0,20,8,6,60,0.2
1651.0,84763.0,10979.0,0.15,0.015,0.0027397260273972603,-1.0,-2.5,10.0,20,8,6,60,0.2
1652.0,84763.0,38398.0,0.15,0.015,0.0027397260273972603,-1.0,-2.5,10.0,20,8,6,60,0.2
1653.0,84763.0,19292.0,0.15,0.015,0.0027397260273972603,-1.0,-2.5,10.0,20,8,6,60,0.2
1654.0,84763.0,54929.0,0.15,0.015,0.0027397260273972603,-1.0,-2.5,10.0,20,8,6,60,0.2
1655.0,84763.0,24655.0,0.15,0.015,0.0027397260273972603,-1.0,-2.5,10.0,20,8,6,60,0.2
1656.0,84763.0,24645.0,0.15,0.015,0.0027397260273972603,-1.0,-2.5,10.0,20,8,6,60,0.2
1657.0,84763.0,59260.0,0.15,0.015,0.0027397260273972603,-1.0,-2.5,10.0,20,8,6,60,0.2
1658.0,84763.0,21947.0,0.15,0.015,0.0027397260273972603,-1.0,-2.5,10.0,20,8,6,60,0.2
1659.0,84763.0,39291.0,0.15,0.015,0.0027397260273972603,-1.0,-2.5,10.0,20,8,6,60,0.2
1660.0,84763.0,75237.0,0.15,0.015,0.0027397260273972603,-1.0,-2.5,10.0,20,8,6,60,0.2
1661.0,84763.0,49304.0,0.15,0.015,0.0027397260273972603,-1.0,-2.5,10.0,20,8,6,60,0.2
1662.0,84763.0,22471.0,0.15,0.015,0.0027397260273972603,-1.0,-2.5,10.0,20,8,6,60,0.2
1663.0,84763.0,96819.0,0.15,0.015,0.0027397260273972603,-1.0,-2.5,10.0,20,8,6,60,0.2
1664.0,84763.0,10790.0,0.15,0.015,0.0027397260273972603,-1.0,-2.5,10.0,20,8,6,60,0.2
1665.0,84763.0,97673.0,0.15,0.015,0.0027397260273972603,-1.0,-2.5,10.0,20,8,6,60,0.2
1666.0,84763.0,89298.0,0.15,0.015,0.0027397260273972603,-1.0,-2.5,10.0,20,8,6,60,0.2
1667.0,84763.0,13616.0,0.15,0.015,0.0027397260273972603,-1.0,-2.5,10.0,20,8,6,60,0.2
1668.0,84763.0,51118.0,0.15,0.015,0.0027397260273972603,-1.0,-2.5,10.0,20,8,6,60,0.2
1669.0,84763.0,74027.0,0.15,0.015,0.0027397260273972603,-1.0,-2.5,10.0,20,8,6,60,0.2
1670.0,84763.0,80044.0,0.15,0.015,0.0027397260273972603,-1.0,-2.5,10.0,20,8,6,60,0.2
1671.0,84763.0,63759.0,0.15,0.015,0.0027397260273972603,-1.0,-2.5,10.0,20,8,6,60,0.2
1672.0,84763.0,65059.0,0.15,0.015,0.0027397260273972603,-1.0,-2.5,10.0,20,8,6,60,0.2
1673.0,84763.0,83655.0,0.15,0.015,0.0027397260273972603,-1.0,-2.5,10.0,20,8,6,60,0.2
1674.0,84763.0,86145.0,0.15,0.015,0.0027397260273972603,-1.0,-2.5,10.0,20,8,6,60,0.2
1675.0,84763.0,3188.0,0.15,0.015,0.0027397260273972603,-1.0,-2.5,10.0,20,8,6,60,0.2
1676.0,84763.0,32575.0,0.15,0.015,0.0027397260273972603,-1.0,-2.5,10.0,20,8,6,60,0.2
1677.0,84763.0,73874.0,0.15,0.015,0.0027397260273972603,-1.0,-2.5,10.0,20,8,6,60,0.2
1678.0,84763.0,30959.0,0.15,0.015,0.0027397260273972603,-1.0,-2.5,10.0,20,8,6,60,0.2
1679.0,84763.0,86239.0,0.15,0.015,0.0027397260273972603,-1.0,-2.5,10.0,20,8,6,60,0.2
1680.0,84763.0,14496.0,0.15,0.015,0.0027397260273972603,-1.0,-2.5,10.0,20,8,6,60,0.2
1681.0,84763.0,29966.0,0.15,0.015,0.0027397260273972603,-1.0,-2.5,10.0,20,8,6,60,0.2
1682.0,84763.0,79579.0,0.15,0.015,0.0027397260273972603,-1.0,-2.5,10.0,20,8,6,60,0.2
1683.0,84763.0,53815.0,0.15,0.015,0.0027397260273972603,-1.0,-2.5,10.0,20,8,6,60,0.2
1684.0,84763.0,63510.0,0.15,0.015,0.0027397260273972603,-1.0,-2.5,10.0,20,8,6,60,0.2
1685.0,84763.0,14872.0,0.15,0.015,0.0027397260273972603,-1.0,-2.5,10.0,20,8,6,60,0.2
1686.0,84763.0,28211.0,0.15,0.015,0.0027397260273972603,-1.0,-2.5,10.0,20,8,6,60,0.2
1687.0,84763.0,41263.0,0.15,0.015,0.0027397260273972603,-1.0,-2.5,10.0,20,8,6,60,0.2
1688.0,84763.0,10887.0,0.15,0.015,0.0027397260273972603,-1.0,-2.5,10.0,20,8,6,60,0.2
1689.0,84763.0,40555.0,0.15,0.015,0.0027397260273972603,-1.0,-2.5,10.0,20,8,6,60,0.2
1690.0,84763.0,70230.0,0.15,0.015,0.0027397260273972603,-1.0,-2.5,10.0,20,8,6,60,0.2
1691.0,84763.0,29235.0,0.15,0.015,0.0027397260273972603,-1.0,-2.5,10.0,20,8,6,60,0.2
1692.0,84763.0,11954.0,0.15,0.015,0.0027397260273972603,-1.0,-2.5,10.0,20,8,6,60,0.2
1693.0,84763.0,42091.0,0.15,0.015,0.0027397260273972603,-1.0,-2.5,10.0,20,8,6,60,0.2
1694.0,84763.0,18468.0,0.15,0.015,0.0027397260273972603,-1.0,-2.5,10.0,20,8,6,60,0.2
1695.0,84763.0,69753.0,0.15,0.015,0.0027397260273972603,-1.0,-2.5,10.0,20,8,6,60,0.2
1696.0,84763.0,33172.0,0.15,0.015,0.0027397260273972603,-1.0,-2.5,10.0,20,8,6,60,0.2
1697.0,84763.0,74476.0,0.15,0.015,0.0027397260273972603,-1.0,-2.5,10.0,20,8,6,60,0.2
1698.0,84763.0,80882.0,0.15,0.015,0.0027397260273972603,-1.0,-2.5,10.0,20,8,6,60,0.2
1699.0,84763.0,70213.0,0.15,0.015,0.0027397260273972603,-1.0,-2.5,10.0,20,8,6,60,0.2
1700.0,84763.0,24429.0,0.15,0.015,0.0027397260273972603,-1.0,-2.5,10.0,20,8,6,60,0.2
1701.0,84763.0,83820.0,0.15,0.015,0.0027397260273972603,-1.0,-2.5,10.0,20,8,6,60,0.2
1702.0,84763.0,48610.0,0.15,0.015,0.0027397260273972603,-1.0,-2.5,10.0,20,8,6,60,0.2
1703.0,84763.0,71582.0,0.15,0.015,0.0027397260273972603,-1.0,-2.5,10.0,20,8,6,60,0.2
1704.0,84763.0,4154.0,0.15,0.015,0.0027397260273972603,-1.0,-2.5,10.0,20,8,6,60,0.2
1705.0,84763.0,31103.0,0.15,0.015,0.0027397260273972603,-1.0,-2.5,10.0,20,8,6,60,0.2
1706.0,84763.0,72588.0,0.15,0.015,0.0027397260273972603,-1.0,-2.5,10.0,20,8,6,60,0.2
1707.0,84763.0,39237.0,0.15,0.015,0.0027397260273972603,-1.0,-2.5,10.0,20,8,6,60,0.2
1708.0,84763.0,62472.0,0.15,0.015,0.0027397260273972603,-1.0,-2.5,10.0,20,8,6,60,0.2
1709.0,84763.0,26148.0,0.15,0.015,0.0027397260273972603,-1.0,-2.5,10.0,20,8,6,60,0.2
1710.0,84763.0,76615.0,0.15,0.015,0.0027397260273972603,-1.0,-2.5,10.0,20,8,6,60,0.2
1711.0,84763.0,13311.0,0.15,0.015,0.0027397260273972603,-1.0,-2.5,10.0,20,8,6,60,0.2
1712.0,84763.0,22388.0,0.15,0.015,0.0027397260273972603,-1.0,-2.5,10.0,20,8,6,60,0.2
1713.0,84763.0,12444.0,0.15,0.015,0.0027397260273972603,-1.0,-2.5,10.0,20,8,6,60,0.2
1714.0,84763.0,97965.0,0.15,0.015,0.0027397260273972603,-1.0,-2.5,10.0,20,8,6,60,0.2
1715.0,84763.0,21643.0,0.15,0.015,0.0027397260273972603,-1.0,-2.5,10.0,20,8,6,60,0.2
1716.0,84763.0,26765.0,0.15,0.015,0.0027397260273972603,-1.0,-2.5,10.0,20,8,6,60,0.2
1717.0,84763.0,39189.0,0.15,0.015,0.0027397260273972603,-1.0,-2.5,10.0,20,8,6,60,0.2
1718.0,84763.0,78672.0,0.15,0.015,0.0027397260273972603,-1.0,-2.5,10.0,20,8,6,60,0.2
1719.0,84763.0,87711.0,0.15,0.015,0.0027397260273972603,-1.0,-2.5,10.0,20,8,6,60,0.2
1720.0,84763.0,46910.0,0.15,0.015,0.0027397260273972603,-1.0,-2.5,10.0,20,8,6,60,0.2
1721.0,84763.0,28716.0,0.15,0.015,0.0027397260273972603,-1.0,-2.5,10.0,20,8,6,60,0.2
1722.0,84763.0,44608.0,0.15,0.015,0.0027397260273972603,-1.0,-2.5,10.0,20,8,6,60,0.2
1723.0,84763.0,85904.0,0.15,0.015,0.0027397260273972603,-1.0,-2.5,10.0,20,8,6,60,0.2
1724.0,84763.0,54907.0,0.15,0.015,0.0027397260273972603,-1.0,-2.5,10.0,20,8,6,60,0.2
1725.0,84763.0,61693.0,0.15,0.015,0.0027397260273972603,-1.0,-2.5,10.0,20,8,6,60,0.2
1726.0,84763.0,72021.0,0.15,0.015,0.0027397260273972603,-1.0,-2.5,10.0,20,8,6,60,0.2
1727.0,84763.0,47697.0,0.15,0.015,0.0027397260273972603,-1.0,-2.5,10.0,20,8,6,60,0.2
1728.0,84763.0,69474.0,0.15,0.015,0.0027397260273972603,-1.0,-2.5,10.0,20,8,6,60,0.2
1729.0,84763.0,85105.0,0.15,0.015,0.0027397260273972603,-1.0,-2.5,10.0,20,8,6,60,0.2
1730.0,84763.0,31862.0,0.15,0.015,0.0027397260273972603,-1.0,-2.5,10.0,20,8,6,60,0.2
1731.0,84763.0,1406.0,0.15,0.015,0.0027397260273972603,-1.0,-2.5,10.0,20,8,6,60,0.2
1732.0,84763.0,64792.0,0.15,0.015,0.0027397260273972603,-1.0,-2.5,10.0,20,8,6,60,0.2
1733.0,84763.0,15248.0,0.15,0.015,0.0027397260273972603,-1.0,-2.5,10.0,20,8,6,60,0.2
1734.0,84763.0,43365.0,0.15,0.015,0.0027397260273972603,-1.0,-2.5,10.0,20,8,6,60,0.2
1735.0,84763.0,33162.0,0.15,0.015,0.0027397260273972603,-1.0,-2.5,10.0,20,8,6,60,0.2
1736.0,84763.0,69001.0,0.15,0.015,0.0027397260273972603,-1.0,-2.5,10.0,20,8,6,60,0.2
1737.0,84763.0,12137.0,0.15,0.015,0.0027397260273972603,-1.0,-2.5,10.0,20,8,6,60,0.2
1738.0,84763.0,71086.0,0.15,0.015,0.0027397260273972603,-1.0,-2.5,10.0,20,8,6,60,0.2
1739.0,84763.0,37196.0,0.15,0.015,0.0027397260273972603,-1.0,-2.5,10.0,20,8,6,60,0.2
1740.0,84763.0,63974.0,0.15,0.015,0.0027397260273972603,-1.0,-2.5,10.0,20,8,6,60,0.2
1741.0,84763.0,13586.0,0.15,0.015,0.0027397260273972603,-1.0,-2.5,10.0,20,8,6,60,0.2
1742.0,84763.0,94097.0,0.15,0.015,0.0027397260273972603,-1.0,-2.5,10.0,20,8,6,60,0.2
1743.0,84763.0,51510.0,0.15,0.015,0.0027397260273972603,-1.0,-2.5,10.0,20,8,6,60,0.2
1744.0,84763.0,84040.0,0.15,0.015,0.0027397260273972603,-1.0,-2.5,10.0,20,8,6,60,0.2
1745.0,84763.0,17270.0,0.15,0.015,0.0027397260273972603,-1.0,-2.5,10.0,20,8,6,60,0.2
1746.0,84763.0,38552.0,0.15,0.015,0.0027397260273972603,-1.0,-2.5,10.0,20,8,6,60,0.2
1747.0,84763.0,35483.0,0.15,0.015,0.0027397260273972603,-1.0,-2.5,10.0,20,8,6,60,0.2
1748.0,84763.0,31625.0,0.15,0.015,0.0027397260273972603,-1.0,-2.5,10.0,20,8,6,60,0.2
1749.0,84763.0,57478.0,0.15,0.015,0.0027397260273972603,-1.0,-2.5,10.0,20,8,6,60,0.2
1750.0,84763.0,8966.0,0.15,0.015,0.0027397260273972603,-1.0,-2.5,10.0,20,8,6,60,0.2
1751.0,84763.0,22297.0,0.15,0.015,0.0027397260273972603,-1.0,-2.5,10.0,20,8,6,60,0.2
1752.0,84763.0,38806.0,0.15,0.015,0.0027397260273972603,-1.0,-2.5,10.0,20,8,6,60,0.2
1753.0,84763.0,93652.0,0.15,0.015,0.0027397260273972603,-1.0,-2.5,10.0,20,8,6,60,0.2
1754.0,84763.0,84889.0,0.15,0.015,0.0027397260273972603,-1.0,-2.5,10.0,20,8,6,60,0.2
1755.0,84763.0,40966.0,0.15,0.015,0.0027397260273972603,-1.0,-2.5,10.0,20,8,6,60,0.2
1756.0,84763.0,70583.0,0.15,0.015,0.0027397260273972603,-1.0,-2.5,10.0,20,8,6,60,0.2
1757.0,84763.0,42386.0,0.15,0.015,0.0027397260273972603,-1.0,-2.5,10.0,20,8,6,60,0.2
1758.0,84763.0,85327.0,0.15,0.015,0.0027397260273972603,-1.0,-2.5,10.0,20,8,6,60,0.2
1759.0,84763.0,67234.0,0.15,0.015,0.0027397260273972603,-1.0,-2.5,10.0,20,8,6,60,0.2
1760.0,84763.0,37215.0,0.15,0.015,0.0027397260273972603,-1.0,-2.5,10.0,20,8,6,60,0.2
1761.0,84763.0,88060.0,0.15,0.015,0.0027397260273972603,-1.0,-2.5,10.0,20,8,6,60,0.2
1762.0,84763.0,12771.0,0.15,0.015,0.0027397260273972603,-1.0,-2.5,10.0,20,8,6,60,0.2
1763.0,84763.0,67091.0,0.15,0.015,0.0027397260273972603,-1.0,-2.5,10.0,20,8,6,60,0.2
1764.0,84763.0,20893.0,0.15,0.015,0.0027397260273972603,-1.0,-2.5,10.0,20,8,6,60,0.2
1765.0,84763.0,98075.0,0.15,0.015,0.0027397260273972603,-1.0,-2.5,10.0,20,8,6,60,0.2
1766.0,84763.0,56729.0,0.15,0.015,0.0027397260273972603,-1.0,-2.5,10.0,20,8,6,60,0.2
1767.0,84763.0,59352.0,0.15,0.015,0.0027397260273972603,-1.0,-2.5,10.0,20,8,6,60,0.2
1768.0,84763.0,22915.0,0.15,0.015,0.0027397260273972603,-1.0,-2.5,10.0,20,8,6,60,0.2
1769.0,84763.0,50946.0,0.15,0.015,0.0027397260273972603,-1.0,-2.5,10.0,20,8,6,60,0.2
1770.0,84763.0,9810.0,0.15,0.015,0.0027397260273972603,-1.0,-2.5,10.0,20,8,6,60,0.2
1771.0,84763.0,26537.0,0.15,0.015,0.0027397260273972603,-1.0,-2.5,10.0,20,8,6,60,0.2
1772.0,84763.0,30282.0,0.15,0.015,0.0027397260273972603,-1.0,-2.5,10.0,20,8,6,60,0.2
1773.0,84763.0,63103.0,0.15,0.015,0.0027397260273972603,-1.0,-2.5,10.0,20,8,6,60,0.2
1774.0,84763.0,61917.0,0.15,0.015,0.0027397260273972603,-1.0,-2.5,10.0,20,8,6,60,0.2
1775.0,84763.0,50910.0,0.15,0.015,0.0027397260273972603,-1.0,-2.5,10.0,20,8,6,60,0.2
1776.0,84763.0,92031.0,0.15,0.015,0.0027397260273972603,-1.0,-2.5,10.0,20,8,6,60,0.2
1777.0,84763.0,12430.0,0.15,0.015,0.0027397260273972603,-1.0,-2.5,10.0,20,8,6,60,0.2
1778.0,84763.0,32627.0,0.15,0.015,0.0027397260273972603,-1.0,-2.5,10.0,20,8,6,60,0.2
1779.0,84763.0,26073.0,0.15,0.015,0.0027397260273972603,-1.0,-2.5,10.0,20,8,6,60,0.2
1780.0,84763.0,76802.0,0.15,0.015,0.0027397260273972603,-1.0,-2.5,10.0,20,8,6,60,0.2
1781.0,84763.0,85919.0,0.15,0.015,0.0027397260273972603,-1.0,-2.5,10.0,20,8,6,60,0.2
1782.0,84763.0,24202.0,0.15,0.015,0.0027397260273972603,-1.0,-2.5,10.0,20,8,6,60,0.2
1783.0,84763.0,18294.0,0.15,0.015,0.0027397260273972603,-1.0,-2.5,10.0,20,8,6,60,0.2
1784.0,84763.0,7700.0,0.15,0.015,0.0027397260273972603,-1.0,-2.5,10.0,20,8,6,60,0.2
1785.0,84763.0,19941.0,0.15,0.015,0.0027397260273972603,-1.0,-2.5,10.0,20,8,6,60,0.2
1786.0,84763.0,86556.0,0.15,0.015,0.0027397260273972603,-1.0,-2.5,10.0,20,8,6,60,0.2
1787.0,84763.0,56256.0,0.15,0.015,0.0027397260273972603,-1.0,-2.5,10.0,20,8,6,60,0.2
1788.0,84763.0,72521.0,0.15,0.015,0.0027397260273972603,-1.0,-2.5,10.0,20,8,6,60,0.2
1789.0,84763.0,11175.0,0.15,0.015,0.0027397260273972603,-1.0,-2.5,10.0,20,8,6,60,0.2
1790.0,84763.0,24932.0,0.15,0.015,0.0027397260273972603,-1.0,-2.5,10.0,20,8,6,60,0.2
1791.0,84763.0,66930.0,0.15,0.015,0.0027397260273972603,-1.0,-2.5,10.0,20,8,6,60,0.2
1792.0,84763.0,43312.0,0.15,0.015,0.0027397260273972603,-1.0,-2.5,10.0,20,8,6,60,0.2
1793.0,84763.0,45261.0,0.15,0.015,0.0027397260273972603,-1.0,-2.5,10.0,20,8,6,60,0.2
1794.0,84763.0,32824.0,0.15,0.015,0.0027397260273972603,-1.0,-2.5,10.0,20,8,6,60,0.2
1795.0,84763.0,21842.0,0.15,0.015,0.0027397260273972603,-1.0,-2.5,10.0,20,8,6,60,0.2
1796.0,84763.0,38250.0,0.15,0.015,0.0027397260273972603,-1.0,-2.5,10.0,20,8,6,60,0.2
1797.0,84763.0,94203.0,0.15,0.015,0.0027397260273972603,-1.0,-2.5,10.0,20,8,6,60,0.2
1798.0,84763.0,83946.0,0.15,0.015,0.0027397260273972603,-1.0,-2.5,10.0,20,8,6,60,0.2
1799.0,84763.0,76617.0,0.15,0.015,0.0027397260273972603,-1.0,-2.5,10.0,20,8,6,60,0.2
1800.0,84763.0,24190.0,0.15,0.015,0.0027397260273972603,-1.0,-2.5,10.0,20,8,6,60,0.2
1801.0,84763.0,16568.0,0.15,0.015,0.0027397260273972603,-1.0,-2.5,10.0,20,8,6,60,0.2
1802.0,84763.0,45128.0,0.15,0.015,0.0027397260273972603,-1.0,-2.5,10.0,20,8,6,60,0.2
1803.0,84763.0,66983.0,0.15,0.015,0.0027397260273972603,-1.0,-2.5,10.0,20,8,6,60,0.2
1804.0,84763.0,26539.0,0.15,0.015,0.0027397260273972603,-1.0,-2.5,10.0,20,8,6,60,0.2
1805.0,84763.0,21984.0,0.15,0.015,0.0027397260273972603,-1.0,-2.5,10.0,20,8,6,60,0.2
1806.0,84763.0,43548.0,0.15,0.015,0.0027397260273972603,-1.0,-2.5,10.0,20,8,6,60,0.2
1807.0,84763.0,83958.0,0.15,0.015,0.0027397260273972603,-1.0,-2.5,10.0,20,8,6,60,0.2
1808.0,84763.0,14439.0,0.15,0.015,0.0027397260273972603,-1.0,-2.5,10.0,20,8,6,60,0.2
1809.0,84763.0,59630.0,0.15,0.015,0.0027397260273972603,-1.0,-2.5,10.0,20,8,6,60,0.2
1810.0,84763.0,42144.0,0.15,0.015,0.0027397260273972603,-1.0,-2.5,10.0,20,8,6,60,0.2
1811.0,84763.0,15186.0,0.15,0.015,0.0027397260273972603,-1.0,-2.5,10.0,20,8,6,60,0.2
1812.0,84763.0,42577.0,0.15,0.015,0.0027397260273972603,-1.0,-2.5,10.0,20,8,6,60,0.2
1813.0,84763.0,36255.0,0.15,0.015,0.0027397260273972603,-1.0,-2.5,10.0,20,8,6,60,0.2
1814.0,84763.0,86908.0,0.15,0.015,0.0027397260273972603,-1.0,-2.5,10.0,20,8,6,60,0.2
1815.0,84763.0,94986.0,0.15,0.015,0.0027397260273972603,-1.0,-2.5,10.0,20,8,6,60,0.2
1816.0,84763.0,31550.0,0.15,0.015,0.0027397260273972603,-1.0,-2.5,10.0,20,8,6,60,0.2
1817.0,84763.0,60488.0,0.15,0.015,0.0027397260273972603,-1.0,-2.5,10.0,20,8,6,60,0.2
1818.0,84763.0,38909.0,0.15,0.015,0.0027397260273972603,-1.0,-2.5,10.0,20,8,6,60,0.2
1819.0,84763.0,30747.0,0.15,0.015,0.0027397260273972603,-1.0,-2.5,10.0,20,8,6,60,0.2
1820.0,84763.0,33965.0,0.15,0.015,0.0027397260273972603,-1.0,-2.5,10.0,20,8,6,60,0.2
1821.0,84763.0,81441.0,0.15,0.015,0.0027397260273972603,-1.0,-2.5,10.0,20,8,6,60,0.2
1822.0,84763.0,46562.0,0.15,0.015,0.0027397260273972603,-1.0,-2.5,10.0,20,8,6,60,0.2
1823.0,84763.0,58102.0,0.15,0.015,0.0027397260273972603,-1.0,-2.5,10.0,20,8,6,60,0.2
1824.0,84763.0,97527.0,0.15,0.015,0.0027397260273972603,-1.0,-2.5,10.0,20,8,6,60,0.2
1825.0,84763.0,50354.0,0.15,0.015,0.0027397260273972603,-1.0,-2.5,10.0,20,8,6,60,0.2
1826.0,84763.0,98730.0,0.15,0.015,0.0027397260273972603,-1.0,-2.5,10.0,20,8,6,60,0.2
1827.0,84763.0,25514.0,0.15,0.015,0.0027397260273972603,-1.0,-2.5,10.0,20,8,6,60,0.2
1828.0,84763.0,13800.0,0.15,0.015,0.0027397260273972603,-1.0,-2.5,10.0,20,8,6,60,0.2
1829.0,84763.0,59645.0,0.15,0.015,0.0027397260273972603,-1.0,-2.5,10.0,20,8,6,60,0.2
1830.0,84763.0,17773.0,0.15,0.015,0.0027397260273972603,-1.0,-2.5,10.0,20,8,6,60,0.2
1831.0,84763.0,24560.0,0.15,0.015,0.0027397260273972603,-1.0,-2.5,10.0,20,8,6,60,0.2
1832.0,84763.0,49757.0,0.15,0.015,0.0027397260273972603,-1.0,-2.5,10.0,20,8,6,60,0.2
1833.0,84763.0,36044.0,0.15,0.015,0.0027397260273972603,-1.0,-2.5,10.0,20,8,6,60,0.2
1834.0,84763.0,11349.0,0.15,0.015,0.0027397260273972603,-1.0,-2.5,10.0,20,8,6,60,0.2
1835.0,84763.0,72761.0,0.15,0.015,0.0027397260273972603,-1.0,-2.5,10.0,20,8,6,60,0.2
1836.0,84763.0,18260.0,0.15,0.015,0.0027397260273972603,-1.0,-2.5,10.0,20,8,6,60,0.2
1837.0,84763.0,80303.0,0.15,0.015,0.0027397260273972603,-1.0,-2.5,10.0,20,8,6,60,0.2
1838.0,84763.0,85830.0,0.15,0.015,0.0027397260273972603,-1.0,-2.5,10.0,20,8,6,60,0.2
1839.0,84763.0,46860.0,0.15,0.015,0.0027397260273972603,-1.0,-2.5,10.0,20,8,6,60,0.2
1840.0,84763.0,1110.0,0.15,0.015,0.0027397260273972603,-1.0,-2.5,10.0,20,8,6,60,0.2
1841.0,84763.0,71598.0,0.15,0.015,0.0027397260273972603,-1.0,-2.5,10.0,20,8,6,60,0.2
1842.0,84763.0,79405.0,0.15,0.015,0.0027397260273972603,-1.0,-2.5,10.0,20,8,6,60,0.2
1843.0,84763.0,52099.0,0.15,0.015,0.0027397260273972603,-1.0,-2.5,10.0,20,8,6,60,0.2
1844.0,84763.0,25898.0,0.15,0.015,0.0027397260273972603,-1.0,-2.5,10.0,20,8,6,60,0.2
1845.0,84763.0,54743.0,0.15,0.015,0.0027397260273972603,-1.0,-2.5,10.0,20,8,6,60,0.2
1846.0,84763.0,55873.0,0.15,0.015,0.0027397260273972603,-1.0,-2.5,10.0,20,8,6,60,0.2
1847.0,84763.0,50689.0,0.15,0.015,0.0027397260273972603,-1.0,-2.5,10.0,20,8,6,60,0.2
1848.0,84763.0,13108.0,0.15,0.015,0.0027397260273972603,-1.0,-2.5,10.0,20,8,6,60,0.2
1849.0,84763.0,3712.0,0.15,0.015,0.0027397260273972603,-1.0,-2.5,10.0,20,8,6,60,0.2
1850.0,84763.0,85002.0,0.15,0.015,0.0027397260273972603,-1.0,-2.5,10.0,20,8,6,60,0.2
1851.0,84763.0,62794.0,0.15,0.015,0.0027397260273972603,-1.0,-2.5,10.0,20,8,6,60,0.2
1852.0,84763.0,13553.0,0.15,0.015,0.0027397260273972603,-1.0,-2.5,10.0,20,8,6,60,0.2
1853.0,84763.0,51832.0,0.15,0.015,0.0027397260273972603,-1.0,-2.5,10.0,20,8,6,60,0.2
1854.0,84763.0,46951.0,0.15,0.015,0.0027397260273972603,-1.0,-2.5,10.0,20,8,6,60,0.2
1855.0,84763.0,63813.0,0.15,0.015,0.0027397260273972603,-1.0,-2.5,10.0,20,8,6,60,0.2
1856.0,84763.0,70140.0,0.15,0.015,0.0027397260273972603,-1.0,-2.5,10.0,20,8,6,60,0.2
1857.0,84763.0,85444.0,0.15,0.015,0.0027397260273972603,-1.0,-2.5,10.0,20,8,6,60,0.2
1858.0,84763.0,72287.0,0.15,0.015,0.0027397260273972603,-1.0,-2.5,10.0,20,8,6,60,0.2
1859.0,84763.0,54544.0,0.15,0.015,0.0027397260273972603,-1.0,-2.5,10.0,20,8,6,60,0.2
1860.0,84763.0,65093.0,0.15,0.015,0.0027397260273972603,-1.0,-2.5,10.0,20,8,6,60,0.2
1861.0,84763.0,63747.0,0.15,0.015,0.0027397260273972603,-1.0,-2.5,10.0,20,8,6,60,0.2
1862.0,84763.0,59327.0,0.15,0.015,0.0027397260273972603,-1.0,-2.5,10.0,20,8,6,60,0.2
1863.0,84763.0,59180.0,0.15,0.015,0.0027397260273972603,-1.0,-2.5,10.0,20,8,6,60,0.2
1864.0,84763.0,33132.0,0.15,0.015,0.0027397260273972603,-1.0,-2.5,10.0,20,8,6,60,0.2
1865.0,84763.0,78915.0,0.15,0.015,0.0027397260273972603,-1.0,-2.5,10.0,20,8,6,60,0.2
1866.0,84763.0,13505.0,0.15,0.015,0.0027397260273972603,-1.0,-2.5,10.0,20,8,6,60,0.2
1867.0,84763.0,97888.0,0.15,0.015,0.0027397260273972603,-1.0,-2.5,10.0,20,8,6,60,0.2
1868.0,84763.0,36854.0,0.15,0.015,0.0027397260273972603,-1.0,-2.5,10.0,20,8,6,60,0.2
1869.0,84763.0,87471.0,0.15,0.015,0.0027397260273972603,-1.0,-2.5,10.0,20,8,6,60,0.2
1870.0,84763.0,96306.0,0.15,0.015,0.0027397260273972603,-1.0,-2.5,10.0,20,8,6,60,0.2
1871.0,84763.0,2969.0,0.15,0.015,0.0027397260273972603,-1.0,-2.5,10.0,20,8,6,60,0.2
1872.0,84763.0,15108.0,0.15,0.015,0.0027397260273972603,-1.0,-2.5,10.0,20,8,6,60,0.2
1873.0,84763.0,90763.0,0.15,0.015,0.0027397260273972603,-1.0,-2.5,10.0,20,8,6,60,0.2
1874.0,84763.0,22910.0,0.15,0.015,0.0027397260273972603,-1.0,-2.5,10.0,20,8,6,60,0.2
1875.0,84763.0,29748.0,0.15,0.015,0.0027397260273972603,-1.0,-2.5,10.0,20,8,6,60,0.2
1876.0,84763.0,51898.0,0.15,0.015,0.0027397260273972603,-1.0,-2.5,10.0,20,8,6,60,0.2
1877.0,84763.0,14686.0,0.15,0.015,0.0027397260273972603,-1.0,-2.5,10.0,20,8,6,60,0.2
1878.0,84763.0,32715.0,0.15,0.015,0.0027397260273972603,-1.0,-2.5,10.0,20,8,6,60,0.2
1879.0,84763.0,27546.0,0.15,0.015,0.0027397260273972603,-1.0,-2.5,10.0,20,8,6,60,0.2
1880.0,84763.0,44366.0,0.15,0.015,0.0027397260273972603,-1.0,-2.5,10.0,20,8,6,60,0.2
1881.0,84763.0,68747.0,0.15,0.015,0.0027397260273972603,-1.0,-2.5,10.0,20,8,6,60,0.2
1882.0,84763.0,92811.0,0.15,0.015,0.0027397260273972603,-1.0,-2.5,10.0,20,8,6,60,0.2
1883.0,84763.0,61036.0,0.15,0.015,0.0027397260273972603,-1.0,-2.5,10.0,20,8,6,60,0.2
1884.0,84763.0,16416.0,0.15,0.015,0.0027397260273972603,-1.0,-2.5,10.0,20,8,6,60,0.2
1885.0,84763.0,55138.0,0.15,0.015,0.0027397260273972603,-1.0,-2.5,10.0,20,8,6,60,0.2
1886.0,84763.0,19940.0,0.15,0.015,0.0027397260273972603,-1.0,-2.5,10.0,20,8,6,60,0.2
1887.0,84763.0,9500.0,0.15,0.015,0.0027397260273972603,-1.0,-2.5,10.0,20,8,6,60,0.2
1888.0,84763.0,99414.0,0.15,0.015,0.0027397260273972603,-1.0,-2.5,10.0,20,8,6,60,0.2
1889.0,84763.0,18352.0,0.15,0.015,0.0027397260273972603,-1.0,-2.5,10.0,20,8,6,60,0.2
1890.0,84763.0,64370.0,0.15,0.015,0.0027397260273972603,-1.0,-2.5,10.0,20,8,6,60,0.2
1891.0,84763.0,83861.0,0.15,0.015,0.0027397260273972603,-1.0,-2.5,10.0,20,8,6,60,0.2
1892.0,84763.0,66329.0,0.15,0.015,0.0027397260273972603,-1.0,-2.5,10.0,20,8,6,60,0.2
1893.0,84763.0,86119.0,0.15,0.015,0.0027397260273972603,-1.0,-2.5,10.0,20,8,6,60,0.2
1894.0,84763.0,49441.0,0.15,0.015,0.0027397260273972603,-1.0,-2.5,10.0,20,8,6,60,0.2
1895.0,84763.0,48224.0,0.15,0.015,0.0027397260273972603,-1.0,-2.5,10.0,20,8,6,60,0.2
1896.0,84763.0,34239.0,0.15,0.015,0.0027397260273972603,-1.0,-2.5,10.0,20,8,6,60,0.2
1897.0,84763.0,12190.0,0.15,0.015,0.0027397260273972603,-1.0,-2.5,10.0,20,8,6,60,0.2
1898.0,84763.0,57063.0,0.15,0.015,0.0027397260273972603,-1.0,-2.5,10.0,20,8,6,60,0.2
1899.0,84763.0,53824.0,0.15,0.015,0.0027397260273972603,-1.0,-2.5,10.0,20,8,6,60,0.2
1900.0,84763.0,91293.0,0.15,0.015,0.0027397260273972603,-1.0,-2.5,10.0,20,8,6,60,0.2
1901.0,84763.0,59655.0,0.15,0.015,0.0027397260273972603,-1.0,-2.5,10.0,20,8,6,60,0.2
1902.0,84763.0,85087.0,0.15,0.015,0.0027397260273972603,-1.0,-2.5,10.0,20,8,6,60,0.2
1903.0,84763.0,48135.0,0.15,0.015,0.0027397260273972603,-1.0,-2.5,10.0,20,8,6,60,0.2
1904.0,84763.0,31144.0,0.15,0.015,0.0027397260273972603,-1.0,-2.5,10.0,20,8,6,60,0.2
1905.0,84763.0,63632.0,0.15,0.015,0.0027397260273972603,-1.0,-2.5,10.0,20,8,6,60,0.2
1906.0,84763.0,80752.0,0.15,0.015,0.0027397260273972603,-1.0,-2.5,10.0,20,8,6,60,0.2
1907.0,84763.0,5919.0,0.15,0.015,0.0027397260273972603,-1.0,-2.5,10.0,20,8,6,60,0.2
1908.0,84763.0,45499.0,0.15,0.015,0.0027397260273972603,-1.0,-2.5,10.0,20,8,6,60,0.2
1909.0,84763.0,45245.0,0.15,0.015,0.0027397260273972603,-1.0,-2.5,10.0,20,8,6,60,0.2
1910.0,84763.0,67484.0,0.15,0.015,0.0027397260273972603,-1.0,-2.5,10.0,20,8,6,60,0.2
1911.0,84763.0,39970.0,0.15,0.015,0.0027397260273972603,-1.0,-2.5,10.0,20,8,6,60,0.2
1912.0,84763.0,1334.0,0.15,0.015,0.0027397260273972603,-1.0,-2.5,10.0,20,8,6,60,0.2
1913.0,84763.0,55023.0,0.15,0.015,0.0027397260273972603,-1.0,-2.5,10.0,20,8,6,60,0.2
1914.0,84763.0,76461.0,0.15,0.015,0.0027397260273972603,-1.0,-2.5,10.0,20,8,6,60,0.2
1915.0,84763.0,55045.0,0.15,0.015,0.0027397260273972603,-1.0,-2.5,10.0,20,8,6,60,0.2
1916.0,84763.0,22531.0,0.15,0.015,0.0027397260273972603,-1.0,-2.5,10.0,20,8,6,60,0.2
1917.0,84763.0,20525.0,0.15,0.015,0.0027397260273972603,-1.0,-2.5,10.0,20,8,6,60,0.2
1918.0,84763.0,19128.0,0.15,0.015,0.0027397260273972603,-1.0,-2.5,10.0,20,8,6,60,0.2
1919.0,84763.0,98518.0,0.15,0.015,0.0027397260273972603,-1.0,-2.5,10.0,20,8,6,60,0.2
1920.0,84763.0,8662.0,0.15,0.015,0.0027397260273972603,-1.0,-2.5,10.0,20,8,6,60,0.2
1921.0,84763.0,46945.0,0.15,0.015,0.0027397260273972603,-1.0,-2.5,10.0,20,8,6,60,0.2
1922.0,84763.0,70175.0,0.15,0.015,0.0027397260273972603,-1.0,-2.5,10.0,20,8,6,60,0.2
1923.0,84763.0,83271.0,0.15,0.015,0.0027397260273972603,-1.0,-2.5,10.0,20,8,6,60,0.2
1924.0,84763.0,94488.0,0.15,0.015,0.0027397260273972603,-1.0,-2.5,10.0,20,8,6,60,0.2
1925.0,84763.0,48501.0,0.15,0.015,0.0027397260273972603,-1.0,-2.5,10.0,20,8,6,60,0.2
1926.0,84763.0,46455.0,0.15,0.015,0.0027397260273972603,-1.0,-2.5,10.0,20,8,6,60,0.2
1927.0,84763.0,8037.0,0.15,0.015,0.0027397260273972603,-1.0,-2.5,10.0,20,8,6,60,0.2
1928.0,84763.0,66704.0,0.15,0.015,0.0027397260273972603,-1.0,-2.5,10.0,20,8,6,60,0.2
1929.0,84763.0,60874.0,0.15,0.015,0.0027397260273972603,-1.0,-2.5,10.0,20,8,6,60,0.2
1930.0,84763.0,68486.0,0.15,0.015,0.0027397260273972603,-1.0,-2.5,10.0,20,8,6,60,0.2
1931.0,84763.0,41912.0,0.15,0.015,0.0027397260273972603,-1.0,-2.5,10.0,20,8,6,60,0.2
1932.0,84763.0,51245.0,0.15,0.015,0.0027397260273972603,-1.0,-2.5,10.0,20,8,6,60,0.2
1933.0,84763.0,33591.0,0.15,0.015,0.0027397260273972603,-1.0,-2.5,10.0,20,8,6,60,0.2
1934.0,84763.0,9586.0,0.15,0.015,0.0027397260273972603,-1.0,-2.5,10.0,20,8,6,60,0.2
1935.0,84763.0,86938.0,0.15,0.015,0.0027397260273972603,-1.0,-2.5,10.0,20,8,6,60,0.2
1936.0,84763.0,89271.0,0.15,0.015,0.0027397260273972603,-1.0,-2.5,10.0,20,8,6,60,0.2
1937.0,84763.0,73727.0,0.15,0.015,0.0027397260273972603,-1.0,-2.5,10.0,20,8,6,60,0.2
1938.0,84763.0,72375.0,0.15,0.015,0.0027397260273972603,-1.0,-2.5,10.0,20,8,6,60,0.2
1939.0,84763.0,32834.0,0.15,0.015,0.0027397260273972603,-1.0,-2.5,10.0,20,8,6,60,0.2
1940.0,84763.0,7523.0,0.15,0.015,0.0027397260273972603,-1.0,-2.5,10.0,20,8,6,60,0.2
1941.0,84763.0,94027.0,0.15,0.015,0.0027397260273972603,-1.0,-2.5,10.0,20,8,6,60,0.2
1942.0,84763.0,69176.0,0.15,0.015,0.0027397260273972603,-1.0,-2.5,10.0,20,8,6,60,0.2
1943.0,84763.0,42633.0,0.15,0.015,0.0027397260273972603,-1.0,-2.5,10.0,20,8,6,60,0.2
1944.0,84763.0,94407.0,0.15,0.015,0.0027397260273972603,-1.0,-2.5,10.0,20,8,6,60,0.2
1945.0,84763.0,67759.0,0.15,0.015,0.0027397260273972603,-1.0,-2.5,10.0,20,8,6,60,0.2
1946.0,84763.0,34831.0,0.15,0.015,0.0027397260273972603,-1.0,-2.5,10.0,20,8,6,60,0.2
1947.0,84763.0,15205.0,0.15,0.015,0.0027397260273972603,-1.0,-2.5,10.0,20,8,6,60,0.2
1948.0,84763.0,62719.0,0.15,0.015,0.0027397260273972603,-1.0,-2.5,10.0,20,8,6,60,0.2
1949.0,84763.0,76061.0,0.15,0.015,0.0027397260273972603,-1.0,-2.5,10.0,20,8,6,60,0.2
1950.0,84763.0,64901.0,0.15,0.015,0.0027397260273972603,-1.0,-2.5,10.0,20,8,6,60,0.2
1951.0,84763.0,99204.0,0.15,0.015,0.0027397260273972603,-1.0,-2.5,10.0,20,8,6,60,0.2
1952.0,84763.0,64848.0,0.15,0.015,0.0027397260273972603,-1.0,-2.5,10.0,20,8,6,60,0.2
1953.0,84763.0,68476.0,0.15,0.015,0.0027397260273972603,-1.0,-2.5,10.0,20,8,6,60,0.2
1954.0,84763.0,57587.0,0.15,0.015,0.0027397260273972603,-1.0,-2.5,10.0,20,8,6,60,0.2
1955.0,84763.0,98688.0,0.15,0.015,0.0027397260273972603,-1.0,-2.5,10.0,20,8,6,60,0.2
1956.0,84763.0,12552.0,0.15,0.015,0.0027397260273972603,-1.0,-2.5,10.0,20,8,6,60,0.2
1957.0,84763.0,24879.0,0.15,0.015,0.0027397260273972603,-1.0,-2.5,10.0,20,8,6,60,0.2
1958.0,84763.0,90427.0,0.15,0.015,0.0027397260273972603,-1.0,-2.5,10.0,20,8,6,60,0.2
1959.0,84763.0,74589.0,0.15,0.015,0.0027397260273972603,-1.0,-2.5,10.0,20,8,6,60,0.2
1960.0,84763.0,70031.0,0.15,0.015,0.0027397260273972603,-1.0,-2.5,10.0,20,8,6,60,0.2
1961.0,84763.0,99465.0,0.15,0.015,0.0027397260273972603,-1.0,-2.5,10.0,20,8,6,60,0.2
1962.0,84763.0,83533.0,0.15,0.015,0.0027397260273972603,-1.0,-2.5,10.0,20,8,6,60,0.2
1963.0,84763.0,81060.0,0.15,0.015,0.0027397260273972603,-1.0,-2.5,10.0,20,8,6,60,0.2
1964.0,84763.0,13393.0,0.15,0.015,0.0027397260273972603,-1.0,-2.5,10.0,20,8,6,60,0.2
1965.0,84763.0,79991.0,0.15,0.015,0.0027397260273972603,-1.0,-2.5,10.0,20,8,6,60,0.2
1966.0,84763.0,37303.0,0.15,0.015,0.0027397260273972603,-1.0,-2.5,10.0,20,8,6,60,0.2
1967.0,84763.0,70977.0,0.15,0.015,0.0027397260273972603,-1.0,-2.5,10.0,20,8,6,60,0.2
1968.0,84763.0,57205.0,0.15,0.015,0.0027397260273972603,-1.0,-2.5,10.0,20,8,6,60,0.2
1969.0,84763.0,51552.0,0.15,0.015,0.0027397260273972603,-1.0,-2.5,10.0,20,8,6,60,0.2
1970.0,84763.0,26776.0,0.15,0.015,0.0027397260273972603,-1.0,-2.5,10.0,20,8,6,60,0.2
1971.0,84763.0,51008.0,0.15,0.015,0.0027397260273972603,-1.0,-2.5,10.0,20,8,6,60,0.2
1972.0,84763.0,93959.0,0.15,0.015,0.0027397260273972603,-1.0,-2.5,10.0,20,8,6,60,0.2
1973.0,84763.0,33603.0,0.15,0.015,0.0027397260273972603,-1.0,-2.5,10.0,20,8,6,60,0.2
1974.0,84763.0,2696.0,0.15,0.015,0.0027397260273972603,-1.0,-2.5,10.0,20,8,6,60,0.2
1975.0,84763.0,1614.0,0.15,0.015,0.0027397260273972603,-1.0,-2.5,10.0,20,8,6,60,0.2
1976.0,84763.0,28594.0,0.15,0.015,0.0027397260273972603,-1.0,-2.5,10.0,20,8,6,60,0.2
1977.0,84763.0,35469.0,0.15,0.015,0.0027397260273972603,-1.0,-2.5,10.0,20,8,6,60,0.2
1978.0,84763.0,62712.0,0.15,0.015,0.0027397260273972603,-1.0,-2.5,10.0,20,8,6,60,0.2
1979.0,84763.0,59417.0,0.15,0.015,0.0027397260273972603,-1.0,-2.5,10.0,20,8,6,60,0.2
1980.0,84763.0,47017.0,0.15,0.015,0.0027397260273972603,-1.0,-2.5,10.0,20,8,6,60,0.2
1981.0,84763.0,64106.0,0.15,0.015,0.0027397260273972603,-1.0,-2.5,10.0,20,8,6,60,0.2
1982.0,84763.0,12598.0,0.15,0.015,0.0027397260273972603,-1.0,-2.5,10.0,20,8,6,60,0.2
1983.0,84763.0,85416.0,0.15,0.015,0.0027397260273972603,-1.0,-2.5,10.0,20,8,6,60,0.2
1984.0,84763.0,86584.0,0.15,0.015,0.0027397260273972603,-1.0,-2.5,10.0,20,8,6,60,0.2
1985.0,84763.0,50709.0,0.15,0.015,0.0027397260273972603,-1.0,-2.5,10.0,20,8,6,60,0.2
1986.0,84763.0,36682.0,0.15,0.015,0.0027397260273972603,-1.0,-2.5,10.0,20,8,6,60,0.2
1987.0,84763.0,88564.0,0.15,0.015,0.0027397260273972603,-1.0,-2.5,10.0,20,8,6,60,0.2
1988.0,84763.0,65309.0,0.15,0.015,0.0027397260273972603,-1.0,-2.5,10.0,20,8,6,60,0.2
1989.0,84763.0,94991.0,0.15,0.015,0.0027397260273972603,-1.0,-2.5,10.0,20,8,6,60,0.2
1990.0,84763.0,75896.0,0.15,0.015,0.0027397260273972603,-1.0,-2.5,10.0,20,8,6,60,0.2
1991.0,84763.0,75398.0,0.15,0.015,0.0027397260273972603,-1.0,-2.5,10.0,20,8,6,60,0.2
1992.0,84763.0,7781.0,0.15,0.015,0.0027397260273972603,-1.0,-2.5,10.0,20,8,6,60,0.2
1993.0,84763.0,47866.0,0.15,0.015,0.0027397260273972603,-1.0,-2.5,10.0,20,8,6,60,0.2
1994.0,84763.0,3105.0,0.15,0.015,0.0027397260273972603,-1.0,-2.5,10.0,20,8,6,60,0.2
1995.0,84763.0,34066.0,0.15,0.015,0.0027397260273972603,-1.0,-2.5,10.0,20,8,6,60,0.2
1996.0,84763.0,37992.0,0.15,0.015,0.0027397260273972603,-1.0,-2.5,10.0,20,8,6,60,0.2
1997.0,84763.0,36128.0,0.15,0.015,0.0027397260273972603,-1.0,-2.5,10.0,20,8,6,60,0.2
1998.0,84763.0,71596.0,0.15,0.015,0.0027397260273972603,-1.0,-2.5,10.0,20,8,6,60,0.2
1999.0,84763.0,76074.0,0.15,0.015,0.0027397260273972603,-1.0,-2.5,10.0,20,8,6,60,0.2
