ID,simSEED,sampleSEED,rms,noiseSIGMA,bendfreq,lowalpha,highalpha,sharpness,NumofWINDOW,NightsperWINDOW,OBSperiod,WINDOWwidth,dataLOSSfrac
1000.0,40808.0,13997.0,0.15,0.015,0.0027397260273972603,-1.0,-3.0,10.0,4.0,20,6,60,0.2
1001.0,80692.0,2866.0,0.15,0.015,0.0027397260273972603,-1.0,-3.0,10.0,4.0,20,6,60,0.2
1002.0,48631.0,96659.0,0.15,0.015,0.0027397260273972603,-1.0,-3.0,10.0,4.0,20,6,60,0.2
1003.0,66383.0,23318.0,0.15,0.015,0.0027397260273972603,-1.0,-3.0,10.0,4.0,20,6,60,0.2
1004.0,15128.0,33393.0,0.15,0.015,0.0027397260273972603,-1.0,-3.0,10.0,4.0,20,6,60,0.2
1005.0,64222.0,24884.0,0.15,0.015,0.0027397260273972603,-1.0,-3.0,10.0,4.0,20,6,60,0.2
1006.0,92351.0,51852.0,0.15,0.015,0.0027397260273972603,-1.0,-3.0,10.0,4.0,20,6,60,0.2
1007.0,39430.0,18645.0,0.15,0.015,0.0027397260273972603,-1.0,-3.0,10.0,4.0,20,6,60,0.2
1008.0,10831.0,21359.0,0.15,0.015,0.0027397260273972603,-1.0,-3.0,10.0,4.0,20,6,60,0.2
1009.0,89767.0,79016.0,0.15,0.015,0.0027397260273972603,-1.0,-3.0,10.0,4.0,20,6,60,0.2
1010.0,26876.0,35628.0,0.15,0.015,0.0027397260273972603,-1.0,-3.0,10.0,4.0,20,6,60,0.2
1011.0,99104.0,10279.0,0.15,0.015,0.0027397260273972603,-1.0,-3.0,10.0,4.0,20,6,60,0.2
1012.0,28930.0,70043.0,0.15,0.015,0.0027397260273972603,-1.0,-3.0,10.0,4.0,20,6,60,0.2
1013.0,48084.0,52567.0,0.15,0.015,0.0027397260273972603,-1.0,-3.0,10.0,4.0,20,6,60,0.2
1014.0,22191.0,96958.0,0.15,0.015,0.0027397260273972603,-1.0,-3.0,10.0,4.0,20,6,60,0.2
1015.0,23649.0,96586.0,0.15,0.015,0.0027397260273972603,-1.0,-3.0,10.0,4.0,20,6,60,0.2
1016.0,92418.0,35495.0,0.15,0.015,0.0027397260273972603,-1.0,-3.0,10.0,4.0,20,6,60,0.2
1017.0,35631.0,27183.0,0.15,0.015,0.0027397260273972603,-1.0,-3.0,10.0,4.0,20,6,60,0.2
1018.0,26820.0,19499.0,0.15,0.015,0.0027397260273972603,-1.0,-3.0,10.0,4.0,20,6,60,0.2
1019.0,37013.0,89786.0,0.15,0.015,0.0027397260273972603,-1.0,-3.0,10.0,4.0,20,6,60,0.2
1020.0,17861.0,91206.0,0.15,0.015,0.0027397260273972603,-1.0,-3.0,10.0,4.0,20,6,60,0.2
1021.0,73434.0,61986.0,0.15,0.015,0.0027397260273972603,-1.0,-3.0,10.0,4.0,20,6,60,0.2
1022.0,41794.0,88494.0,0.15,0.015,0.0027397260273972603,-1.0,-3.0,10.0,4.0,20,6,60,0.2
1023.0,28690.0,48472.0,0.15,0.015,0.0027397260273972603,-1.0,-3.0,10.0,4.0,20,6,60,0.2
1024.0,19391.0,39229.0,0.15,0.015,0.0027397260273972603,-1.0,-3.0,10.0,4.0,20,6,60,0.2
1025.0,74080.0,53073.0,0.15,0.015,0.0027397260273972603,-1.0,-3.0,10.0,4.0,20,6,60,0.2
1026.0,29685.0,25120.0,0.15,0.015,0.0027397260273972603,-1.0,-3.0,10.0,4.0,20,6,60,0.2
1027.0,17554.0,52154.0,0.15,0.015,0.0027397260273972603,-1.0,-3.0,10.0,4.0,20,6,60,0.2
1028.0,82650.0,70225.0,0.15,0.015,0.0027397260273972603,-1.0,-3.0,10.0,4.0,20,6,60,0.2
1029.0,22519.0,53456.0,0.15,0.015,0.0027397260273972603,-1.0,-3.0,10.0,4.0,20,6,60,0.2
1030.0,78615.0,426.0,0.15,0.015,0.0027397260273972603,-1.0,-3.0,10.0,4.0,20,6,60,0.2
1031.0,48966.0,86958.0,0.15,0.015,0.0027397260273972603,-1.0,-3.0,10.0,4.0,20,6,60,0.2
1032.0,96677.0,85075.0,0.15,0.015,0.0027397260273972603,-1.0,-3.0,10.0,4.0,20,6,60,0.2
1033.0,13855.0,55546.0,0.15,0.015,0.0027397260273972603,-1.0,-3.0,10.0,4.0,20,6,60,0.2
1034.0,93825.0,21519.0,0.15,0.015,0.0027397260273972603,-1.0,-3.0,10.0,4.0,20,6,60,0.2
1035.0,57291.0,68061.0,0.15,0.015,0.0027397260273972603,-1.0,-3.0,10.0,4.0,20,6,60,0.2
1036.0,21102.0,9523.0,0.15,0.015,0.0027397260273972603,-1.0,-3.0,10.0,4.0,20,6,60,0.2
1037.0,19666.0,53519.0,0.15,0.015,0.0027397260273972603,-1.0,-3.0,10.0,4.0,20,6,60,0.2
1038.0,56015.0,88481.0,0.15,0.015,0.0027397260273972603,-1.0,-3.0,10.0,4.0,20,6,60,0.2
1039.0,28066.0,9922.0,0.15,0.015,0.0027397260273972603,-1.0,-3.0,10.0,4.0,20,6,60,0.2
1040.0,43795.0,41006.0,0.15,0.015,0.0027397260273972603,-1.0,-3.0,10.0,4.0,20,6,60,0.2
1041.0,13646.0,61029.0,0.15,0.015,0.0027397260273972603,-1.0,-3.0,10.0,4.0,20,6,60,0.2
1042.0,72255.0,86327.0,0.15,0.015,0.0027397260273972603,-1.0,-3.0,10.0,4.0,20,6,60,0.2
1043.0,82152.0,58240.0,0.15,0.015,0.0027397260273972603,-1.0,-3.0,10.0,4.0,20,6,60,0.2
1044.0,79230.0,7371.0,0.15,0.015,0.0027397260273972603,-1.0,-3.0,10.0,4.0,20,6,60,0.2
1045.0,31409.0,71366.0,0.15,0.015,0.0027397260273972603,-1.0,-3.0,10.0,4.0,20,6,60,0.2
1046.0,5843.0,17085.0,0.15,0.015,0.0027397260273972603,-1.0,-3.0,10.0,4.0,20,6,60,0.2
1047.0,31067.0,43703.0,0.15,0.015,0.0027397260273972603,-1.0,-3.0,10.0,4.0,20,6,60,0.2
1048.0,60469.0,18441.0,0.15,0.015,0.0027397260273972603,-1.0,-3.0,10.0,4.0,20,6,60,0.2
1049.0,17850.0,13822.0,0.15,0.015,0.0027397260273972603,-1.0,-3.0,10.0,4.0,20,6,60,0.2
1050.0,98191.0,19910.0,0.15,0.015,0.0027397260273972603,-1.0,-3.0,10.0,4.0,20,6,60,0.2
1051.0,66226.0,36046.0,0.15,0.015,0.0027397260273972603,-1.0,-3.0,10.0,4.0,20,6,60,0.2
1052.0,61759.0,66696.0,0.15,0.015,0.0027397260273972603,-1.0,-3.0,10.0,4.0,20,6,60,0.2
1053.0,74276.0,71195.0,0.15,0.015,0.0027397260273972603,-1.0,-3.0,10.0,4.0,20,6,60,0.2
1054.0,29878.0,88679.0,0.15,0.015,0.0027397260273972603,-1.0,-3.0,10.0,4.0,20,6,60,0.2
1055.0,14930.0,70364.0,0.15,0.015,0.0027397260273972603,-1.0,-3.0,10.0,4.0,20,6,60,0.2
1056.0,49640.0,16758.0,0.15,0.015,0.0027397260273972603,-1.0,-3.0,10.0,4.0,20,6,60,0.2
1057.0,61652.0,65576.0,0.15,0.015,0.0027397260273972603,-1.0,-3.0,10.0,4.0,20,6,60,0.2
1058.0,30755.0,80364.0,0.15,0.015,0.0027397260273972603,-1.0,-3.0,10.0,4.0,20,6,60,0.2
1059.0,73727.0,95092.0,0.15,0.015,0.0027397260273972603,-1.0,-3.0,10.0,4.0,20,6,60,0.2
1060.0,31838.0,14337.0,0.15,0.015,0.0027397260273972603,-1.0,-3.0,10.0,4.0,20,6,60,0.2
1061.0,21781.0,26574.0,0.15,0.015,0.0027397260273972603,-1.0,-3.0,10.0,4.0,20,6,60,0.2
1062.0,93156.0,40519.0,0.15,0.015,0.0027397260273972603,-1.0,-3.0,10.0,4.0,20,6,60,0.2
1063.0,35595.0,54529.0,0.15,0.015,0.0027397260273972603,-1.0,-3.0,10.0,4.0,20,6,60,0.2
1064.0,33839.0,54056.0,0.15,0.015,0.0027397260273972603,-1.0,-3.0,10.0,4.0,20,6,60,0.2
1065.0,80319.0,17785.0,0.15,0.015,0.0027397260273972603,-1.0,-3.0,10.0,4.0,20,6,60,0.2
1066.0,31533.0,85396.0,0.15,0.015,0.0027397260273972603,-1.0,-3.0,10.0,4.0,20,6,60,0.2
1067.0,20823.0,41592.0,0.15,0.015,0.0027397260273972603,-1.0,-3.0,10.0,4.0,20,6,60,0.2
1068.0,39739.0,69816.0,0.15,0.015,0.0027397260273972603,-1.0,-3.0,10.0,4.0,20,6,60,0.2
1069.0,46368.0,18200.0,0.15,0.015,0.0027397260273972603,-1.0,-3.0,10.0,4.0,20,6,60,0.2
1070.0,9618.0,1565.0,0.15,0.015,0.0027397260273972603,-1.0,-3.0,10.0,4.0,20,6,60,0.2
1071.0,46039.0,80010.0,0.15,0.015,0.0027397260273972603,-1.0,-3.0,10.0,4.0,20,6,60,0.2
1072.0,50100.0,14991.0,0.15,0.015,0.0027397260273972603,-1.0,-3.0,10.0,4.0,20,6,60,0.2
1073.0,26284.0,20667.0,0.15,0.015,0.0027397260273972603,-1.0,-3.0,10.0,4.0,20,6,60,0.2
1074.0,167.0,58427.0,0.15,0.015,0.0027397260273972603,-1.0,-3.0,10.0,4.0,20,6,60,0.2
1075.0,77123.0,25965.0,0.15,0.015,0.0027397260273972603,-1.0,-3.0,10.0,4.0,20,6,60,0.2
1076.0,434.0,80938.0,0.15,0.015,0.0027397260273972603,-1.0,-3.0,10.0,4.0,20,6,60,0.2
1077.0,56862.0,76239.0,0.15,0.015,0.0027397260273972603,-1.0,-3.0,10.0,4.0,20,6,60,0.2
1078.0,25887.0,3167.0,0.15,0.015,0.0027397260273972603,-1.0,-3.0,10.0,4.0,20,6,60,0.2
1079.0,13520.0,7280.0,0.15,0.015,0.0027397260273972603,-1.0,-3.0,10.0,4.0,20,6,60,0.2
1080.0,49901.0,11368.0,0.15,0.015,0.0027397260273972603,-1.0,-3.0,10.0,4.0,20,6,60,0.2
1081.0,99381.0,14158.0,0.15,0.015,0.0027397260273972603,-1.0,-3.0,10.0,4.0,20,6,60,0.2
1082.0,73741.0,26915.0,0.15,0.015,0.0027397260273972603,-1.0,-3.0,10.0,4.0,20,6,60,0.2
1083.0,60611.0,5522.0,0.15,0.015,0.0027397260273972603,-1.0,-3.0,10.0,4.0,20,6,60,0.2
1084.0,75959.0,47609.0,0.15,0.015,0.0027397260273972603,-1.0,-3.0,10.0,4.0,20,6,60,0.2
1085.0,52551.0,10930.0,0.15,0.015,0.0027397260273972603,-1.0,-3.0,10.0,4.0,20,6,60,0.2
1086.0,41359.0,95138.0,0.15,0.015,0.0027397260273972603,-1.0,-3.0,10.0,4.0,20,6,60,0.2
1087.0,85929.0,11810.0,0.15,0.015,0.0027397260273972603,-1.0,-3.0,10.0,4.0,20,6,60,0.2
1088.0,88975.0,66390.0,0.15,0.015,0.0027397260273972603,-1.0,-3.0,10.0,4.0,20,6,60,0.2
1089.0,16381.0,40786.0,0.15,0.015,0.0027397260273972603,-1.0,-3.0,10.0,4.0,20,6,60,0.2
1090.0,63305.0,10572.0,0.15,0.015,0.0027397260273972603,-1.0,-3.0,10.0,4.0,20,6,60,0.2
1091.0,2987.0,51586.0,0.15,0.015,0.0027397260273972603,-1.0,-3.0,10.0,4.0,20,6,60,0.2
1092.0,42425.0,45910.0,0.15,0.015,0.0027397260273972603,-1.0,-3.0,10.0,4.0,20,6,60,0.2
1093.0,14227.0,37998.0,0.15,0.015,0.0027397260273972603,-1.0,-3.0,10.0,4.0,20,6,60,0.2
1094.0,80120.0,33518.0,0.15,0.015,0.0027397260273972603,-1.0,-3.0,10.0,4.0,20,6,60,0.2
1095.0,40034.0,72992.0,0.15,0.015,0.0027397260273972603,-1.0,-3.0,10.0,4.0,20,6,60,0.2
1096.0,86219.0,64372.0,0.15,0.015,0.0027397260273972603,-1.0,-3.0,10.0,4.0,20,6,60,0.2
1097.0,39651.0,44002.0,0.15,0.015,0.0027397260273972603,-1.0,-3.0,10.0,4.0,20,6,60,0.2
1098.0,82932.0,96331.0,0.15,0.015,0.0027397260273972603,-1.0,-3.0,10.0,4.0,20,6,60,0.2
1099.0,89599.0,25173.0,0.15,0.015,0.0027397260273972603,-1.0,-3.0,10.0,4.0,20,6,60,0.2
1100.0,40808.0,13997.0,0.15,0.015,0.0027397260273972603,-1.0,-3.0,10.0,6.0,20,6,60,0.2
1101.0,80692.0,2866.0,0.15,0.015,0.0027397260273972603,-1.0,-3.0,10.0,6.0,20,6,60,0.2
1102.0,48631.0,96659.0,0.15,0.015,0.0027397260273972603,-1.0,-3.0,10.0,6.0,20,6,60,0.2
1103.0,66383.0,23318.0,0.15,0.015,0.0027397260273972603,-1.0,-3.0,10.0,6.0,20,6,60,0.2
1104.0,15128.0,33393.0,0.15,0.015,0.0027397260273972603,-1.0,-3.0,10.0,6.0,20,6,60,0.2
1105.0,64222.0,24884.0,0.15,0.015,0.0027397260273972603,-1.0,-3.0,10.0,6.0,20,6,60,0.2
1106.0,92351.0,51852.0,0.15,0.015,0.0027397260273972603,-1.0,-3.0,10.0,6.0,20,6,60,0.2
1107.0,39430.0,18645.0,0.15,0.015,0.0027397260273972603,-1.0,-3.0,10.0,6.0,20,6,60,0.2
1108.0,10831.0,21359.0,0.15,0.015,0.0027397260273972603,-1.0,-3.0,10.0,6.0,20,6,60,0.2
1109.0,89767.0,79016.0,0.15,0.015,0.0027397260273972603,-1.0,-3.0,10.0,6.0,20,6,60,0.2
1110.0,26876.0,35628.0,0.15,0.015,0.0027397260273972603,-1.0,-3.0,10.0,6.0,20,6,60,0.2
1111.0,99104.0,10279.0,0.15,0.015,0.0027397260273972603,-1.0,-3.0,10.0,6.0,20,6,60,0.2
1112.0,28930.0,70043.0,0.15,0.015,0.0027397260273972603,-1.0,-3.0,10.0,6.0,20,6,60,0.2
1113.0,48084.0,52567.0,0.15,0.015,0.0027397260273972603,-1.0,-3.0,10.0,6.0,20,6,60,0.2
1114.0,22191.0,96958.0,0.15,0.015,0.0027397260273972603,-1.0,-3.0,10.0,6.0,20,6,60,0.2
1115.0,23649.0,96586.0,0.15,0.015,0.0027397260273972603,-1.0,-3.0,10.0,6.0,20,6,60,0.2
1116.0,92418.0,35495.0,0.15,0.015,0.0027397260273972603,-1.0,-3.0,10.0,6.0,20,6,60,0.2
1117.0,35631.0,27183.0,0.15,0.015,0.0027397260273972603,-1.0,-3.0,10.0,6.0,20,6,60,0.2
1118.0,26820.0,19499.0,0.15,0.015,0.0027397260273972603,-1.0,-3.0,10.0,6.0,20,6,60,0.2
1119.0,37013.0,89786.0,0.15,0.015,0.0027397260273972603,-1.0,-3.0,10.0,6.0,20,6,60,0.2
1120.0,17861.0,91206.0,0.15,0.015,0.0027397260273972603,-1.0,-3.0,10.0,6.0,20,6,60,0.2
1121.0,73434.0,61986.0,0.15,0.015,0.0027397260273972603,-1.0,-3.0,10.0,6.0,20,6,60,0.2
1122.0,41794.0,88494.0,0.15,0.015,0.0027397260273972603,-1.0,-3.0,10.0,6.0,20,6,60,0.2
1123.0,28690.0,48472.0,0.15,0.015,0.0027397260273972603,-1.0,-3.0,10.0,6.0,20,6,60,0.2
1124.0,19391.0,39229.0,0.15,0.015,0.0027397260273972603,-1.0,-3.0,10.0,6.0,20,6,60,0.2
1125.0,74080.0,53073.0,0.15,0.015,0.0027397260273972603,-1.0,-3.0,10.0,6.0,20,6,60,0.2
1126.0,29685.0,25120.0,0.15,0.015,0.0027397260273972603,-1.0,-3.0,10.0,6.0,20,6,60,0.2
1127.0,17554.0,52154.0,0.15,0.015,0.0027397260273972603,-1.0,-3.0,10.0,6.0,20,6,60,0.2
1128.0,82650.0,70225.0,0.15,0.015,0.0027397260273972603,-1.0,-3.0,10.0,6.0,20,6,60,0.2
1129.0,22519.0,53456.0,0.15,0.015,0.0027397260273972603,-1.0,-3.0,10.0,6.0,20,6,60,0.2
1130.0,78615.0,426.0,0.15,0.015,0.0027397260273972603,-1.0,-3.0,10.0,6.0,20,6,60,0.2
1131.0,48966.0,86958.0,0.15,0.015,0.0027397260273972603,-1.0,-3.0,10.0,6.0,20,6,60,0.2
1132.0,96677.0,85075.0,0.15,0.015,0.0027397260273972603,-1.0,-3.0,10.0,6.0,20,6,60,0.2
1133.0,13855.0,55546.0,0.15,0.015,0.0027397260273972603,-1.0,-3.0,10.0,6.0,20,6,60,0.2
1134.0,93825.0,21519.0,0.15,0.015,0.0027397260273972603,-1.0,-3.0,10.0,6.0,20,6,60,0.2
1135.0,57291.0,68061.0,0.15,0.015,0.0027397260273972603,-1.0,-3.0,10.0,6.0,20,6,60,0.2
1136.0,21102.0,9523.0,0.15,0.015,0.0027397260273972603,-1.0,-3.0,10.0,6.0,20,6,60,0.2
1137.0,19666.0,53519.0,0.15,0.015,0.0027397260273972603,-1.0,-3.0,10.0,6.0,20,6,60,0.2
1138.0,56015.0,88481.0,0.15,0.015,0.0027397260273972603,-1.0,-3.0,10.0,6.0,20,6,60,0.2
1139.0,28066.0,9922.0,0.15,0.015,0.0027397260273972603,-1.0,-3.0,10.0,6.0,20,6,60,0.2
1140.0,43795.0,41006.0,0.15,0.015,0.0027397260273972603,-1.0,-3.0,10.0,6.0,20,6,60,0.2
1141.0,13646.0,61029.0,0.15,0.015,0.0027397260273972603,-1.0,-3.0,10.0,6.0,20,6,60,0.2
1142.0,72255.0,86327.0,0.15,0.015,0.0027397260273972603,-1.0,-3.0,10.0,6.0,20,6,60,0.2
1143.0,82152.0,58240.0,0.15,0.015,0.0027397260273972603,-1.0,-3.0,10.0,6.0,20,6,60,0.2
1144.0,79230.0,7371.0,0.15,0.015,0.0027397260273972603,-1.0,-3.0,10.0,6.0,20,6,60,0.2
1145.0,31409.0,71366.0,0.15,0.015,0.0027397260273972603,-1.0,-3.0,10.0,6.0,20,6,60,0.2
1146.0,5843.0,17085.0,0.15,0.015,0.0027397260273972603,-1.0,-3.0,10.0,6.0,20,6,60,0.2
1147.0,31067.0,43703.0,0.15,0.015,0.0027397260273972603,-1.0,-3.0,10.0,6.0,20,6,60,0.2
1148.0,60469.0,18441.0,0.15,0.015,0.0027397260273972603,-1.0,-3.0,10.0,6.0,20,6,60,0.2
1149.0,17850.0,13822.0,0.15,0.015,0.0027397260273972603,-1.0,-3.0,10.0,6.0,20,6,60,0.2
1150.0,98191.0,19910.0,0.15,0.015,0.0027397260273972603,-1.0,-3.0,10.0,6.0,20,6,60,0.2
1151.0,66226.0,36046.0,0.15,0.015,0.0027397260273972603,-1.0,-3.0,10.0,6.0,20,6,60,0.2
1152.0,61759.0,66696.0,0.15,0.015,0.0027397260273972603,-1.0,-3.0,10.0,6.0,20,6,60,0.2
1153.0,74276.0,71195.0,0.15,0.015,0.0027397260273972603,-1.0,-3.0,10.0,6.0,20,6,60,0.2
1154.0,29878.0,88679.0,0.15,0.015,0.0027397260273972603,-1.0,-3.0,10.0,6.0,20,6,60,0.2
1155.0,14930.0,70364.0,0.15,0.015,0.0027397260273972603,-1.0,-3.0,10.0,6.0,20,6,60,0.2
1156.0,49640.0,16758.0,0.15,0.015,0.0027397260273972603,-1.0,-3.0,10.0,6.0,20,6,60,0.2
1157.0,61652.0,65576.0,0.15,0.015,0.0027397260273972603,-1.0,-3.0,10.0,6.0,20,6,60,0.2
1158.0,30755.0,80364.0,0.15,0.015,0.0027397260273972603,-1.0,-3.0,10.0,6.0,20,6,60,0.2
1159.0,73727.0,95092.0,0.15,0.015,0.0027397260273972603,-1.0,-3.0,10.0,6.0,20,6,60,0.2
1160.0,31838.0,14337.0,0.15,0.015,0.0027397260273972603,-1.0,-3.0,10.0,6.0,20,6,60,0.2
1161.0,21781.0,26574.0,0.15,0.015,0.0027397260273972603,-1.0,-3.0,10.0,6.0,20,6,60,0.2
1162.0,93156.0,40519.0,0.15,0.015,0.0027397260273972603,-1.0,-3.0,10.0,6.0,20,6,60,0.2
1163.0,35595.0,54529.0,0.15,0.015,0.0027397260273972603,-1.0,-3.0,10.0,6.0,20,6,60,0.2
1164.0,33839.0,54056.0,0.15,0.015,0.0027397260273972603,-1.0,-3.0,10.0,6.0,20,6,60,0.2
1165.0,80319.0,17785.0,0.15,0.015,0.0027397260273972603,-1.0,-3.0,10.0,6.0,20,6,60,0.2
1166.0,31533.0,85396.0,0.15,0.015,0.0027397260273972603,-1.0,-3.0,10.0,6.0,20,6,60,0.2
1167.0,20823.0,41592.0,0.15,0.015,0.0027397260273972603,-1.0,-3.0,10.0,6.0,20,6,60,0.2
1168.0,39739.0,69816.0,0.15,0.015,0.0027397260273972603,-1.0,-3.0,10.0,6.0,20,6,60,0.2
1169.0,46368.0,18200.0,0.15,0.015,0.0027397260273972603,-1.0,-3.0,10.0,6.0,20,6,60,0.2
1170.0,9618.0,1565.0,0.15,0.015,0.0027397260273972603,-1.0,-3.0,10.0,6.0,20,6,60,0.2
1171.0,46039.0,80010.0,0.15,0.015,0.0027397260273972603,-1.0,-3.0,10.0,6.0,20,6,60,0.2
1172.0,50100.0,14991.0,0.15,0.015,0.0027397260273972603,-1.0,-3.0,10.0,6.0,20,6,60,0.2
1173.0,26284.0,20667.0,0.15,0.015,0.0027397260273972603,-1.0,-3.0,10.0,6.0,20,6,60,0.2
1174.0,167.0,58427.0,0.15,0.015,0.0027397260273972603,-1.0,-3.0,10.0,6.0,20,6,60,0.2
1175.0,77123.0,25965.0,0.15,0.015,0.0027397260273972603,-1.0,-3.0,10.0,6.0,20,6,60,0.2
1176.0,434.0,80938.0,0.15,0.015,0.0027397260273972603,-1.0,-3.0,10.0,6.0,20,6,60,0.2
1177.0,56862.0,76239.0,0.15,0.015,0.0027397260273972603,-1.0,-3.0,10.0,6.0,20,6,60,0.2
1178.0,25887.0,3167.0,0.15,0.015,0.0027397260273972603,-1.0,-3.0,10.0,6.0,20,6,60,0.2
1179.0,13520.0,7280.0,0.15,0.015,0.0027397260273972603,-1.0,-3.0,10.0,6.0,20,6,60,0.2
1180.0,49901.0,11368.0,0.15,0.015,0.0027397260273972603,-1.0,-3.0,10.0,6.0,20,6,60,0.2
1181.0,99381.0,14158.0,0.15,0.015,0.0027397260273972603,-1.0,-3.0,10.0,6.0,20,6,60,0.2
1182.0,73741.0,26915.0,0.15,0.015,0.0027397260273972603,-1.0,-3.0,10.0,6.0,20,6,60,0.2
1183.0,60611.0,5522.0,0.15,0.015,0.0027397260273972603,-1.0,-3.0,10.0,6.0,20,6,60,0.2
1184.0,75959.0,47609.0,0.15,0.015,0.0027397260273972603,-1.0,-3.0,10.0,6.0,20,6,60,0.2
1185.0,52551.0,10930.0,0.15,0.015,0.0027397260273972603,-1.0,-3.0,10.0,6.0,20,6,60,0.2
1186.0,41359.0,95138.0,0.15,0.015,0.0027397260273972603,-1.0,-3.0,10.0,6.0,20,6,60,0.2
1187.0,85929.0,11810.0,0.15,0.015,0.0027397260273972603,-1.0,-3.0,10.0,6.0,20,6,60,0.2
1188.0,88975.0,66390.0,0.15,0.015,0.0027397260273972603,-1.0,-3.0,10.0,6.0,20,6,60,0.2
1189.0,16381.0,40786.0,0.15,0.015,0.0027397260273972603,-1.0,-3.0,10.0,6.0,20,6,60,0.2
1190.0,63305.0,10572.0,0.15,0.015,0.0027397260273972603,-1.0,-3.0,10.0,6.0,20,6,60,0.2
1191.0,2987.0,51586.0,0.15,0.015,0.0027397260273972603,-1.0,-3.0,10.0,6.0,20,6,60,0.2
1192.0,42425.0,45910.0,0.15,0.015,0.0027397260273972603,-1.0,-3.0,10.0,6.0,20,6,60,0.2
1193.0,14227.0,37998.0,0.15,0.015,0.0027397260273972603,-1.0,-3.0,10.0,6.0,20,6,60,0.2
1194.0,80120.0,33518.0,0.15,0.015,0.0027397260273972603,-1.0,-3.0,10.0,6.0,20,6,60,0.2
1195.0,40034.0,72992.0,0.15,0.015,0.0027397260273972603,-1.0,-3.0,10.0,6.0,20,6,60,0.2
1196.0,86219.0,64372.0,0.15,0.015,0.0027397260273972603,-1.0,-3.0,10.0,6.0,20,6,60,0.2
1197.0,39651.0,44002.0,0.15,0.015,0.0027397260273972603,-1.0,-3.0,10.0,6.0,20,6,60,0.2
1198.0,82932.0,96331.0,0.15,0.015,0.0027397260273972603,-1.0,-3.0,10.0,6.0,20,6,60,0.2
1199.0,89599.0,25173.0,0.15,0.015,0.0027397260273972603,-1.0,-3.0,10.0,6.0,20,6,60,0.2
1200.0,40808.0,13997.0,0.15,0.015,0.0027397260273972603,-1.0,-3.0,10.0,8.0,20,6,60,0.2
1201.0,80692.0,2866.0,0.15,0.015,0.0027397260273972603,-1.0,-3.0,10.0,8.0,20,6,60,0.2
1202.0,48631.0,96659.0,0.15,0.015,0.0027397260273972603,-1.0,-3.0,10.0,8.0,20,6,60,0.2
1203.0,66383.0,23318.0,0.15,0.015,0.0027397260273972603,-1.0,-3.0,10.0,8.0,20,6,60,0.2
1204.0,15128.0,33393.0,0.15,0.015,0.0027397260273972603,-1.0,-3.0,10.0,8.0,20,6,60,0.2
1205.0,64222.0,24884.0,0.15,0.015,0.0027397260273972603,-1.0,-3.0,10.0,8.0,20,6,60,0.2
1206.0,92351.0,51852.0,0.15,0.015,0.0027397260273972603,-1.0,-3.0,10.0,8.0,20,6,60,0.2
1207.0,39430.0,18645.0,0.15,0.015,0.0027397260273972603,-1.0,-3.0,10.0,8.0,20,6,60,0.2
1208.0,10831.0,21359.0,0.15,0.015,0.0027397260273972603,-1.0,-3.0,10.0,8.0,20,6,60,0.2
1209.0,89767.0,79016.0,0.15,0.015,0.0027397260273972603,-1.0,-3.0,10.0,8.0,20,6,60,0.2
1210.0,26876.0,35628.0,0.15,0.015,0.0027397260273972603,-1.0,-3.0,10.0,8.0,20,6,60,0.2
1211.0,99104.0,10279.0,0.15,0.015,0.0027397260273972603,-1.0,-3.0,10.0,8.0,20,6,60,0.2
1212.0,28930.0,70043.0,0.15,0.015,0.0027397260273972603,-1.0,-3.0,10.0,8.0,20,6,60,0.2
1213.0,48084.0,52567.0,0.15,0.015,0.0027397260273972603,-1.0,-3.0,10.0,8.0,20,6,60,0.2
1214.0,22191.0,96958.0,0.15,0.015,0.0027397260273972603,-1.0,-3.0,10.0,8.0,20,6,60,0.2
1215.0,23649.0,96586.0,0.15,0.015,0.0027397260273972603,-1.0,-3.0,10.0,8.0,20,6,60,0.2
1216.0,92418.0,35495.0,0.15,0.015,0.0027397260273972603,-1.0,-3.0,10.0,8.0,20,6,60,0.2
1217.0,35631.0,27183.0,0.15,0.015,0.0027397260273972603,-1.0,-3.0,10.0,8.0,20,6,60,0.2
1218.0,26820.0,19499.0,0.15,0.015,0.0027397260273972603,-1.0,-3.0,10.0,8.0,20,6,60,0.2
1219.0,37013.0,89786.0,0.15,0.015,0.0027397260273972603,-1.0,-3.0,10.0,8.0,20,6,60,0.2
1220.0,17861.0,91206.0,0.15,0.015,0.0027397260273972603,-1.0,-3.0,10.0,8.0,20,6,60,0.2
1221.0,73434.0,61986.0,0.15,0.015,0.0027397260273972603,-1.0,-3.0,10.0,8.0,20,6,60,0.2
1222.0,41794.0,88494.0,0.15,0.015,0.0027397260273972603,-1.0,-3.0,10.0,8.0,20,6,60,0.2
1223.0,28690.0,48472.0,0.15,0.015,0.0027397260273972603,-1.0,-3.0,10.0,8.0,20,6,60,0.2
1224.0,19391.0,39229.0,0.15,0.015,0.0027397260273972603,-1.0,-3.0,10.0,8.0,20,6,60,0.2
1225.0,74080.0,53073.0,0.15,0.015,0.0027397260273972603,-1.0,-3.0,10.0,8.0,20,6,60,0.2
1226.0,29685.0,25120.0,0.15,0.015,0.0027397260273972603,-1.0,-3.0,10.0,8.0,20,6,60,0.2
1227.0,17554.0,52154.0,0.15,0.015,0.0027397260273972603,-1.0,-3.0,10.0,8.0,20,6,60,0.2
1228.0,82650.0,70225.0,0.15,0.015,0.0027397260273972603,-1.0,-3.0,10.0,8.0,20,6,60,0.2
1229.0,22519.0,53456.0,0.15,0.015,0.0027397260273972603,-1.0,-3.0,10.0,8.0,20,6,60,0.2
1230.0,78615.0,426.0,0.15,0.015,0.0027397260273972603,-1.0,-3.0,10.0,8.0,20,6,60,0.2
1231.0,48966.0,86958.0,0.15,0.015,0.0027397260273972603,-1.0,-3.0,10.0,8.0,20,6,60,0.2
1232.0,96677.0,85075.0,0.15,0.015,0.0027397260273972603,-1.0,-3.0,10.0,8.0,20,6,60,0.2
1233.0,13855.0,55546.0,0.15,0.015,0.0027397260273972603,-1.0,-3.0,10.0,8.0,20,6,60,0.2
1234.0,93825.0,21519.0,0.15,0.015,0.0027397260273972603,-1.0,-3.0,10.0,8.0,20,6,60,0.2
1235.0,57291.0,68061.0,0.15,0.015,0.0027397260273972603,-1.0,-3.0,10.0,8.0,20,6,60,0.2
1236.0,21102.0,9523.0,0.15,0.015,0.0027397260273972603,-1.0,-3.0,10.0,8.0,20,6,60,0.2
1237.0,19666.0,53519.0,0.15,0.015,0.0027397260273972603,-1.0,-3.0,10.0,8.0,20,6,60,0.2
1238.0,56015.0,88481.0,0.15,0.015,0.0027397260273972603,-1.0,-3.0,10.0,8.0,20,6,60,0.2
1239.0,28066.0,9922.0,0.15,0.015,0.0027397260273972603,-1.0,-3.0,10.0,8.0,20,6,60,0.2
1240.0,43795.0,41006.0,0.15,0.015,0.0027397260273972603,-1.0,-3.0,10.0,8.0,20,6,60,0.2
1241.0,13646.0,61029.0,0.15,0.015,0.0027397260273972603,-1.0,-3.0,10.0,8.0,20,6,60,0.2
1242.0,72255.0,86327.0,0.15,0.015,0.0027397260273972603,-1.0,-3.0,10.0,8.0,20,6,60,0.2
1243.0,82152.0,58240.0,0.15,0.015,0.0027397260273972603,-1.0,-3.0,10.0,8.0,20,6,60,0.2
1244.0,79230.0,7371.0,0.15,0.015,0.0027397260273972603,-1.0,-3.0,10.0,8.0,20,6,60,0.2
1245.0,31409.0,71366.0,0.15,0.015,0.0027397260273972603,-1.0,-3.0,10.0,8.0,20,6,60,0.2
1246.0,5843.0,17085.0,0.15,0.015,0.0027397260273972603,-1.0,-3.0,10.0,8.0,20,6,60,0.2
1247.0,31067.0,43703.0,0.15,0.015,0.0027397260273972603,-1.0,-3.0,10.0,8.0,20,6,60,0.2
1248.0,60469.0,18441.0,0.15,0.015,0.0027397260273972603,-1.0,-3.0,10.0,8.0,20,6,60,0.2
1249.0,17850.0,13822.0,0.15,0.015,0.0027397260273972603,-1.0,-3.0,10.0,8.0,20,6,60,0.2
1250.0,98191.0,19910.0,0.15,0.015,0.0027397260273972603,-1.0,-3.0,10.0,8.0,20,6,60,0.2
1251.0,66226.0,36046.0,0.15,0.015,0.0027397260273972603,-1.0,-3.0,10.0,8.0,20,6,60,0.2
1252.0,61759.0,66696.0,0.15,0.015,0.0027397260273972603,-1.0,-3.0,10.0,8.0,20,6,60,0.2
1253.0,74276.0,71195.0,0.15,0.015,0.0027397260273972603,-1.0,-3.0,10.0,8.0,20,6,60,0.2
1254.0,29878.0,88679.0,0.15,0.015,0.0027397260273972603,-1.0,-3.0,10.0,8.0,20,6,60,0.2
1255.0,14930.0,70364.0,0.15,0.015,0.0027397260273972603,-1.0,-3.0,10.0,8.0,20,6,60,0.2
1256.0,49640.0,16758.0,0.15,0.015,0.0027397260273972603,-1.0,-3.0,10.0,8.0,20,6,60,0.2
1257.0,61652.0,65576.0,0.15,0.015,0.0027397260273972603,-1.0,-3.0,10.0,8.0,20,6,60,0.2
1258.0,30755.0,80364.0,0.15,0.015,0.0027397260273972603,-1.0,-3.0,10.0,8.0,20,6,60,0.2
1259.0,73727.0,95092.0,0.15,0.015,0.0027397260273972603,-1.0,-3.0,10.0,8.0,20,6,60,0.2
1260.0,31838.0,14337.0,0.15,0.015,0.0027397260273972603,-1.0,-3.0,10.0,8.0,20,6,60,0.2
1261.0,21781.0,26574.0,0.15,0.015,0.0027397260273972603,-1.0,-3.0,10.0,8.0,20,6,60,0.2
1262.0,93156.0,40519.0,0.15,0.015,0.0027397260273972603,-1.0,-3.0,10.0,8.0,20,6,60,0.2
1263.0,35595.0,54529.0,0.15,0.015,0.0027397260273972603,-1.0,-3.0,10.0,8.0,20,6,60,0.2
1264.0,33839.0,54056.0,0.15,0.015,0.0027397260273972603,-1.0,-3.0,10.0,8.0,20,6,60,0.2
1265.0,80319.0,17785.0,0.15,0.015,0.0027397260273972603,-1.0,-3.0,10.0,8.0,20,6,60,0.2
1266.0,31533.0,85396.0,0.15,0.015,0.0027397260273972603,-1.0,-3.0,10.0,8.0,20,6,60,0.2
1267.0,20823.0,41592.0,0.15,0.015,0.0027397260273972603,-1.0,-3.0,10.0,8.0,20,6,60,0.2
1268.0,39739.0,69816.0,0.15,0.015,0.0027397260273972603,-1.0,-3.0,10.0,8.0,20,6,60,0.2
1269.0,46368.0,18200.0,0.15,0.015,0.0027397260273972603,-1.0,-3.0,10.0,8.0,20,6,60,0.2
1270.0,9618.0,1565.0,0.15,0.015,0.0027397260273972603,-1.0,-3.0,10.0,8.0,20,6,60,0.2
1271.0,46039.0,80010.0,0.15,0.015,0.0027397260273972603,-1.0,-3.0,10.0,8.0,20,6,60,0.2
1272.0,50100.0,14991.0,0.15,0.015,0.0027397260273972603,-1.0,-3.0,10.0,8.0,20,6,60,0.2
1273.0,26284.0,20667.0,0.15,0.015,0.0027397260273972603,-1.0,-3.0,10.0,8.0,20,6,60,0.2
1274.0,167.0,58427.0,0.15,0.015,0.0027397260273972603,-1.0,-3.0,10.0,8.0,20,6,60,0.2
1275.0,77123.0,25965.0,0.15,0.015,0.0027397260273972603,-1.0,-3.0,10.0,8.0,20,6,60,0.2
1276.0,434.0,80938.0,0.15,0.015,0.0027397260273972603,-1.0,-3.0,10.0,8.0,20,6,60,0.2
1277.0,56862.0,76239.0,0.15,0.015,0.0027397260273972603,-1.0,-3.0,10.0,8.0,20,6,60,0.2
1278.0,25887.0,3167.0,0.15,0.015,0.0027397260273972603,-1.0,-3.0,10.0,8.0,20,6,60,0.2
1279.0,13520.0,7280.0,0.15,0.015,0.0027397260273972603,-1.0,-3.0,10.0,8.0,20,6,60,0.2
1280.0,49901.0,11368.0,0.15,0.015,0.0027397260273972603,-1.0,-3.0,10.0,8.0,20,6,60,0.2
1281.0,99381.0,14158.0,0.15,0.015,0.0027397260273972603,-1.0,-3.0,10.0,8.0,20,6,60,0.2
1282.0,73741.0,26915.0,0.15,0.015,0.0027397260273972603,-1.0,-3.0,10.0,8.0,20,6,60,0.2
1283.0,60611.0,5522.0,0.15,0.015,0.0027397260273972603,-1.0,-3.0,10.0,8.0,20,6,60,0.2
1284.0,75959.0,47609.0,0.15,0.015,0.0027397260273972603,-1.0,-3.0,10.0,8.0,20,6,60,0.2
1285.0,52551.0,10930.0,0.15,0.015,0.0027397260273972603,-1.0,-3.0,10.0,8.0,20,6,60,0.2
1286.0,41359.0,95138.0,0.15,0.015,0.0027397260273972603,-1.0,-3.0,10.0,8.0,20,6,60,0.2
1287.0,85929.0,11810.0,0.15,0.015,0.0027397260273972603,-1.0,-3.0,10.0,8.0,20,6,60,0.2
1288.0,88975.0,66390.0,0.15,0.015,0.0027397260273972603,-1.0,-3.0,10.0,8.0,20,6,60,0.2
1289.0,16381.0,40786.0,0.15,0.015,0.0027397260273972603,-1.0,-3.0,10.0,8.0,20,6,60,0.2
1290.0,63305.0,10572.0,0.15,0.015,0.0027397260273972603,-1.0,-3.0,10.0,8.0,20,6,60,0.2
1291.0,2987.0,51586.0,0.15,0.015,0.0027397260273972603,-1.0,-3.0,10.0,8.0,20,6,60,0.2
1292.0,42425.0,45910.0,0.15,0.015,0.0027397260273972603,-1.0,-3.0,10.0,8.0,20,6,60,0.2
1293.0,14227.0,37998.0,0.15,0.015,0.0027397260273972603,-1.0,-3.0,10.0,8.0,20,6,60,0.2
1294.0,80120.0,33518.0,0.15,0.015,0.0027397260273972603,-1.0,-3.0,10.0,8.0,20,6,60,0.2
1295.0,40034.0,72992.0,0.15,0.015,0.0027397260273972603,-1.0,-3.0,10.0,8.0,20,6,60,0.2
1296.0,86219.0,64372.0,0.15,0.015,0.0027397260273972603,-1.0,-3.0,10.0,8.0,20,6,60,0.2
1297.0,39651.0,44002.0,0.15,0.015,0.0027397260273972603,-1.0,-3.0,10.0,8.0,20,6,60,0.2
1298.0,82932.0,96331.0,0.15,0.015,0.0027397260273972603,-1.0,-3.0,10.0,8.0,20,6,60,0.2
1299.0,89599.0,25173.0,0.15,0.015,0.0027397260273972603,-1.0,-3.0,10.0,8.0,20,6,60,0.2
1300.0,40808.0,13997.0,0.15,0.015,0.0027397260273972603,-1.0,-3.0,10.0,10.0,20,6,60,0.2
1301.0,80692.0,2866.0,0.15,0.015,0.0027397260273972603,-1.0,-3.0,10.0,10.0,20,6,60,0.2
1302.0,48631.0,96659.0,0.15,0.015,0.0027397260273972603,-1.0,-3.0,10.0,10.0,20,6,60,0.2
1303.0,66383.0,23318.0,0.15,0.015,0.0027397260273972603,-1.0,-3.0,10.0,10.0,20,6,60,0.2
1304.0,15128.0,33393.0,0.15,0.015,0.0027397260273972603,-1.0,-3.0,10.0,10.0,20,6,60,0.2
1305.0,64222.0,24884.0,0.15,0.015,0.0027397260273972603,-1.0,-3.0,10.0,10.0,20,6,60,0.2
1306.0,92351.0,51852.0,0.15,0.015,0.0027397260273972603,-1.0,-3.0,10.0,10.0,20,6,60,0.2
1307.0,39430.0,18645.0,0.15,0.015,0.0027397260273972603,-1.0,-3.0,10.0,10.0,20,6,60,0.2
1308.0,10831.0,21359.0,0.15,0.015,0.0027397260273972603,-1.0,-3.0,10.0,10.0,20,6,60,0.2
1309.0,89767.0,79016.0,0.15,0.015,0.0027397260273972603,-1.0,-3.0,10.0,10.0,20,6,60,0.2
1310.0,26876.0,35628.0,0.15,0.015,0.0027397260273972603,-1.0,-3.0,10.0,10.0,20,6,60,0.2
1311.0,99104.0,10279.0,0.15,0.015,0.0027397260273972603,-1.0,-3.0,10.0,10.0,20,6,60,0.2
1312.0,28930.0,70043.0,0.15,0.015,0.0027397260273972603,-1.0,-3.0,10.0,10.0,20,6,60,0.2
1313.0,48084.0,52567.0,0.15,0.015,0.0027397260273972603,-1.0,-3.0,10.0,10.0,20,6,60,0.2
1314.0,22191.0,96958.0,0.15,0.015,0.0027397260273972603,-1.0,-3.0,10.0,10.0,20,6,60,0.2
1315.0,23649.0,96586.0,0.15,0.015,0.0027397260273972603,-1.0,-3.0,10.0,10.0,20,6,60,0.2
1316.0,92418.0,35495.0,0.15,0.015,0.0027397260273972603,-1.0,-3.0,10.0,10.0,20,6,60,0.2
1317.0,35631.0,27183.0,0.15,0.015,0.0027397260273972603,-1.0,-3.0,10.0,10.0,20,6,60,0.2
1318.0,26820.0,19499.0,0.15,0.015,0.0027397260273972603,-1.0,-3.0,10.0,10.0,20,6,60,0.2
1319.0,37013.0,89786.0,0.15,0.015,0.0027397260273972603,-1.0,-3.0,10.0,10.0,20,6,60,0.2
1320.0,17861.0,91206.0,0.15,0.015,0.0027397260273972603,-1.0,-3.0,10.0,10.0,20,6,60,0.2
1321.0,73434.0,61986.0,0.15,0.015,0.0027397260273972603,-1.0,-3.0,10.0,10.0,20,6,60,0.2
1322.0,41794.0,88494.0,0.15,0.015,0.0027397260273972603,-1.0,-3.0,10.0,10.0,20,6,60,0.2
1323.0,28690.0,48472.0,0.15,0.015,0.0027397260273972603,-1.0,-3.0,10.0,10.0,20,6,60,0.2
1324.0,19391.0,39229.0,0.15,0.015,0.0027397260273972603,-1.0,-3.0,10.0,10.0,20,6,60,0.2
1325.0,74080.0,53073.0,0.15,0.015,0.0027397260273972603,-1.0,-3.0,10.0,10.0,20,6,60,0.2
1326.0,29685.0,25120.0,0.15,0.015,0.0027397260273972603,-1.0,-3.0,10.0,10.0,20,6,60,0.2
1327.0,17554.0,52154.0,0.15,0.015,0.0027397260273972603,-1.0,-3.0,10.0,10.0,20,6,60,0.2
1328.0,82650.0,70225.0,0.15,0.015,0.0027397260273972603,-1.0,-3.0,10.0,10.0,20,6,60,0.2
1329.0,22519.0,53456.0,0.15,0.015,0.0027397260273972603,-1.0,-3.0,10.0,10.0,20,6,60,0.2
1330.0,78615.0,426.0,0.15,0.015,0.0027397260273972603,-1.0,-3.0,10.0,10.0,20,6,60,0.2
1331.0,48966.0,86958.0,0.15,0.015,0.0027397260273972603,-1.0,-3.0,10.0,10.0,20,6,60,0.2
1332.0,96677.0,85075.0,0.15,0.015,0.0027397260273972603,-1.0,-3.0,10.0,10.0,20,6,60,0.2
1333.0,13855.0,55546.0,0.15,0.015,0.0027397260273972603,-1.0,-3.0,10.0,10.0,20,6,60,0.2
1334.0,93825.0,21519.0,0.15,0.015,0.0027397260273972603,-1.0,-3.0,10.0,10.0,20,6,60,0.2
1335.0,57291.0,68061.0,0.15,0.015,0.0027397260273972603,-1.0,-3.0,10.0,10.0,20,6,60,0.2
1336.0,21102.0,9523.0,0.15,0.015,0.0027397260273972603,-1.0,-3.0,10.0,10.0,20,6,60,0.2
1337.0,19666.0,53519.0,0.15,0.015,0.0027397260273972603,-1.0,-3.0,10.0,10.0,20,6,60,0.2
1338.0,56015.0,88481.0,0.15,0.015,0.0027397260273972603,-1.0,-3.0,10.0,10.0,20,6,60,0.2
1339.0,28066.0,9922.0,0.15,0.015,0.0027397260273972603,-1.0,-3.0,10.0,10.0,20,6,60,0.2
1340.0,43795.0,41006.0,0.15,0.015,0.0027397260273972603,-1.0,-3.0,10.0,10.0,20,6,60,0.2
1341.0,13646.0,61029.0,0.15,0.015,0.0027397260273972603,-1.0,-3.0,10.0,10.0,20,6,60,0.2
1342.0,72255.0,86327.0,0.15,0.015,0.0027397260273972603,-1.0,-3.0,10.0,10.0,20,6,60,0.2
1343.0,82152.0,58240.0,0.15,0.015,0.0027397260273972603,-1.0,-3.0,10.0,10.0,20,6,60,0.2
1344.0,79230.0,7371.0,0.15,0.015,0.0027397260273972603,-1.0,-3.0,10.0,10.0,20,6,60,0.2
1345.0,31409.0,71366.0,0.15,0.015,0.0027397260273972603,-1.0,-3.0,10.0,10.0,20,6,60,0.2
1346.0,5843.0,17085.0,0.15,0.015,0.0027397260273972603,-1.0,-3.0,10.0,10.0,20,6,60,0.2
1347.0,31067.0,43703.0,0.15,0.015,0.0027397260273972603,-1.0,-3.0,10.0,10.0,20,6,60,0.2
1348.0,60469.0,18441.0,0.15,0.015,0.0027397260273972603,-1.0,-3.0,10.0,10.0,20,6,60,0.2
1349.0,17850.0,13822.0,0.15,0.015,0.0027397260273972603,-1.0,-3.0,10.0,10.0,20,6,60,0.2
1350.0,98191.0,19910.0,0.15,0.015,0.0027397260273972603,-1.0,-3.0,10.0,10.0,20,6,60,0.2
1351.0,66226.0,36046.0,0.15,0.015,0.0027397260273972603,-1.0,-3.0,10.0,10.0,20,6,60,0.2
1352.0,61759.0,66696.0,0.15,0.015,0.0027397260273972603,-1.0,-3.0,10.0,10.0,20,6,60,0.2
1353.0,74276.0,71195.0,0.15,0.015,0.0027397260273972603,-1.0,-3.0,10.0,10.0,20,6,60,0.2
1354.0,29878.0,88679.0,0.15,0.015,0.0027397260273972603,-1.0,-3.0,10.0,10.0,20,6,60,0.2
1355.0,14930.0,70364.0,0.15,0.015,0.0027397260273972603,-1.0,-3.0,10.0,10.0,20,6,60,0.2
1356.0,49640.0,16758.0,0.15,0.015,0.0027397260273972603,-1.0,-3.0,10.0,10.0,20,6,60,0.2
1357.0,61652.0,65576.0,0.15,0.015,0.0027397260273972603,-1.0,-3.0,10.0,10.0,20,6,60,0.2
1358.0,30755.0,80364.0,0.15,0.015,0.0027397260273972603,-1.0,-3.0,10.0,10.0,20,6,60,0.2
1359.0,73727.0,95092.0,0.15,0.015,0.0027397260273972603,-1.0,-3.0,10.0,10.0,20,6,60,0.2
1360.0,31838.0,14337.0,0.15,0.015,0.0027397260273972603,-1.0,-3.0,10.0,10.0,20,6,60,0.2
1361.0,21781.0,26574.0,0.15,0.015,0.0027397260273972603,-1.0,-3.0,10.0,10.0,20,6,60,0.2
1362.0,93156.0,40519.0,0.15,0.015,0.0027397260273972603,-1.0,-3.0,10.0,10.0,20,6,60,0.2
1363.0,35595.0,54529.0,0.15,0.015,0.0027397260273972603,-1.0,-3.0,10.0,10.0,20,6,60,0.2
1364.0,33839.0,54056.0,0.15,0.015,0.0027397260273972603,-1.0,-3.0,10.0,10.0,20,6,60,0.2
1365.0,80319.0,17785.0,0.15,0.015,0.0027397260273972603,-1.0,-3.0,10.0,10.0,20,6,60,0.2
1366.0,31533.0,85396.0,0.15,0.015,0.0027397260273972603,-1.0,-3.0,10.0,10.0,20,6,60,0.2
1367.0,20823.0,41592.0,0.15,0.015,0.0027397260273972603,-1.0,-3.0,10.0,10.0,20,6,60,0.2
1368.0,39739.0,69816.0,0.15,0.015,0.0027397260273972603,-1.0,-3.0,10.0,10.0,20,6,60,0.2
1369.0,46368.0,18200.0,0.15,0.015,0.0027397260273972603,-1.0,-3.0,10.0,10.0,20,6,60,0.2
1370.0,9618.0,1565.0,0.15,0.015,0.0027397260273972603,-1.0,-3.0,10.0,10.0,20,6,60,0.2
1371.0,46039.0,80010.0,0.15,0.015,0.0027397260273972603,-1.0,-3.0,10.0,10.0,20,6,60,0.2
1372.0,50100.0,14991.0,0.15,0.015,0.0027397260273972603,-1.0,-3.0,10.0,10.0,20,6,60,0.2
1373.0,26284.0,20667.0,0.15,0.015,0.0027397260273972603,-1.0,-3.0,10.0,10.0,20,6,60,0.2
1374.0,167.0,58427.0,0.15,0.015,0.0027397260273972603,-1.0,-3.0,10.0,10.0,20,6,60,0.2
1375.0,77123.0,25965.0,0.15,0.015,0.0027397260273972603,-1.0,-3.0,10.0,10.0,20,6,60,0.2
1376.0,434.0,80938.0,0.15,0.015,0.0027397260273972603,-1.0,-3.0,10.0,10.0,20,6,60,0.2
1377.0,56862.0,76239.0,0.15,0.015,0.0027397260273972603,-1.0,-3.0,10.0,10.0,20,6,60,0.2
1378.0,25887.0,3167.0,0.15,0.015,0.0027397260273972603,-1.0,-3.0,10.0,10.0,20,6,60,0.2
1379.0,13520.0,7280.0,0.15,0.015,0.0027397260273972603,-1.0,-3.0,10.0,10.0,20,6,60,0.2
1380.0,49901.0,11368.0,0.15,0.015,0.0027397260273972603,-1.0,-3.0,10.0,10.0,20,6,60,0.2
1381.0,99381.0,14158.0,0.15,0.015,0.0027397260273972603,-1.0,-3.0,10.0,10.0,20,6,60,0.2
1382.0,73741.0,26915.0,0.15,0.015,0.0027397260273972603,-1.0,-3.0,10.0,10.0,20,6,60,0.2
1383.0,60611.0,5522.0,0.15,0.015,0.0027397260273972603,-1.0,-3.0,10.0,10.0,20,6,60,0.2
1384.0,75959.0,47609.0,0.15,0.015,0.0027397260273972603,-1.0,-3.0,10.0,10.0,20,6,60,0.2
1385.0,52551.0,10930.0,0.15,0.015,0.0027397260273972603,-1.0,-3.0,10.0,10.0,20,6,60,0.2
1386.0,41359.0,95138.0,0.15,0.015,0.0027397260273972603,-1.0,-3.0,10.0,10.0,20,6,60,0.2
1387.0,85929.0,11810.0,0.15,0.015,0.0027397260273972603,-1.0,-3.0,10.0,10.0,20,6,60,0.2
1388.0,88975.0,66390.0,0.15,0.015,0.0027397260273972603,-1.0,-3.0,10.0,10.0,20,6,60,0.2
1389.0,16381.0,40786.0,0.15,0.015,0.0027397260273972603,-1.0,-3.0,10.0,10.0,20,6,60,0.2
1390.0,63305.0,10572.0,0.15,0.015,0.0027397260273972603,-1.0,-3.0,10.0,10.0,20,6,60,0.2
1391.0,2987.0,51586.0,0.15,0.015,0.0027397260273972603,-1.0,-3.0,10.0,10.0,20,6,60,0.2
1392.0,42425.0,45910.0,0.15,0.015,0.0027397260273972603,-1.0,-3.0,10.0,10.0,20,6,60,0.2
1393.0,14227.0,37998.0,0.15,0.015,0.0027397260273972603,-1.0,-3.0,10.0,10.0,20,6,60,0.2
1394.0,80120.0,33518.0,0.15,0.015,0.0027397260273972603,-1.0,-3.0,10.0,10.0,20,6,60,0.2
1395.0,40034.0,72992.0,0.15,0.015,0.0027397260273972603,-1.0,-3.0,10.0,10.0,20,6,60,0.2
1396.0,86219.0,64372.0,0.15,0.015,0.0027397260273972603,-1.0,-3.0,10.0,10.0,20,6,60,0.2
1397.0,39651.0,44002.0,0.15,0.015,0.0027397260273972603,-1.0,-3.0,10.0,10.0,20,6,60,0.2
1398.0,82932.0,96331.0,0.15,0.015,0.0027397260273972603,-1.0,-3.0,10.0,10.0,20,6,60,0.2
1399.0,89599.0,25173.0,0.15,0.015,0.0027397260273972603,-1.0,-3.0,10.0,10.0,20,6,60,0.2
1400.0,40808.0,13997.0,0.15,0.015,0.0027397260273972603,-1.0,-3.0,10.0,12.0,20,6,60,0.2
1401.0,80692.0,2866.0,0.15,0.015,0.0027397260273972603,-1.0,-3.0,10.0,12.0,20,6,60,0.2
1402.0,48631.0,96659.0,0.15,0.015,0.0027397260273972603,-1.0,-3.0,10.0,12.0,20,6,60,0.2
1403.0,66383.0,23318.0,0.15,0.015,0.0027397260273972603,-1.0,-3.0,10.0,12.0,20,6,60,0.2
1404.0,15128.0,33393.0,0.15,0.015,0.0027397260273972603,-1.0,-3.0,10.0,12.0,20,6,60,0.2
1405.0,64222.0,24884.0,0.15,0.015,0.0027397260273972603,-1.0,-3.0,10.0,12.0,20,6,60,0.2
1406.0,92351.0,51852.0,0.15,0.015,0.0027397260273972603,-1.0,-3.0,10.0,12.0,20,6,60,0.2
1407.0,39430.0,18645.0,0.15,0.015,0.0027397260273972603,-1.0,-3.0,10.0,12.0,20,6,60,0.2
1408.0,10831.0,21359.0,0.15,0.015,0.0027397260273972603,-1.0,-3.0,10.0,12.0,20,6,60,0.2
1409.0,89767.0,79016.0,0.15,0.015,0.0027397260273972603,-1.0,-3.0,10.0,12.0,20,6,60,0.2
1410.0,26876.0,35628.0,0.15,0.015,0.0027397260273972603,-1.0,-3.0,10.0,12.0,20,6,60,0.2
1411.0,99104.0,10279.0,0.15,0.015,0.0027397260273972603,-1.0,-3.0,10.0,12.0,20,6,60,0.2
1412.0,28930.0,70043.0,0.15,0.015,0.0027397260273972603,-1.0,-3.0,10.0,12.0,20,6,60,0.2
1413.0,48084.0,52567.0,0.15,0.015,0.0027397260273972603,-1.0,-3.0,10.0,12.0,20,6,60,0.2
1414.0,22191.0,96958.0,0.15,0.015,0.0027397260273972603,-1.0,-3.0,10.0,12.0,20,6,60,0.2
1415.0,23649.0,96586.0,0.15,0.015,0.0027397260273972603,-1.0,-3.0,10.0,12.0,20,6,60,0.2
1416.0,92418.0,35495.0,0.15,0.015,0.0027397260273972603,-1.0,-3.0,10.0,12.0,20,6,60,0.2
1417.0,35631.0,27183.0,0.15,0.015,0.0027397260273972603,-1.0,-3.0,10.0,12.0,20,6,60,0.2
1418.0,26820.0,19499.0,0.15,0.015,0.0027397260273972603,-1.0,-3.0,10.0,12.0,20,6,60,0.2
1419.0,37013.0,89786.0,0.15,0.015,0.0027397260273972603,-1.0,-3.0,10.0,12.0,20,6,60,0.2
1420.0,17861.0,91206.0,0.15,0.015,0.0027397260273972603,-1.0,-3.0,10.0,12.0,20,6,60,0.2
1421.0,73434.0,61986.0,0.15,0.015,0.0027397260273972603,-1.0,-3.0,10.0,12.0,20,6,60,0.2
1422.0,41794.0,88494.0,0.15,0.015,0.0027397260273972603,-1.0,-3.0,10.0,12.0,20,6,60,0.2
1423.0,28690.0,48472.0,0.15,0.015,0.0027397260273972603,-1.0,-3.0,10.0,12.0,20,6,60,0.2
1424.0,19391.0,39229.0,0.15,0.015,0.0027397260273972603,-1.0,-3.0,10.0,12.0,20,6,60,0.2
1425.0,74080.0,53073.0,0.15,0.015,0.0027397260273972603,-1.0,-3.0,10.0,12.0,20,6,60,0.2
1426.0,29685.0,25120.0,0.15,0.015,0.0027397260273972603,-1.0,-3.0,10.0,12.0,20,6,60,0.2
1427.0,17554.0,52154.0,0.15,0.015,0.0027397260273972603,-1.0,-3.0,10.0,12.0,20,6,60,0.2
1428.0,82650.0,70225.0,0.15,0.015,0.0027397260273972603,-1.0,-3.0,10.0,12.0,20,6,60,0.2
1429.0,22519.0,53456.0,0.15,0.015,0.0027397260273972603,-1.0,-3.0,10.0,12.0,20,6,60,0.2
1430.0,78615.0,426.0,0.15,0.015,0.0027397260273972603,-1.0,-3.0,10.0,12.0,20,6,60,0.2
1431.0,48966.0,86958.0,0.15,0.015,0.0027397260273972603,-1.0,-3.0,10.0,12.0,20,6,60,0.2
1432.0,96677.0,85075.0,0.15,0.015,0.0027397260273972603,-1.0,-3.0,10.0,12.0,20,6,60,0.2
1433.0,13855.0,55546.0,0.15,0.015,0.0027397260273972603,-1.0,-3.0,10.0,12.0,20,6,60,0.2
1434.0,93825.0,21519.0,0.15,0.015,0.0027397260273972603,-1.0,-3.0,10.0,12.0,20,6,60,0.2
1435.0,57291.0,68061.0,0.15,0.015,0.0027397260273972603,-1.0,-3.0,10.0,12.0,20,6,60,0.2
1436.0,21102.0,9523.0,0.15,0.015,0.0027397260273972603,-1.0,-3.0,10.0,12.0,20,6,60,0.2
1437.0,19666.0,53519.0,0.15,0.015,0.0027397260273972603,-1.0,-3.0,10.0,12.0,20,6,60,0.2
1438.0,56015.0,88481.0,0.15,0.015,0.0027397260273972603,-1.0,-3.0,10.0,12.0,20,6,60,0.2
1439.0,28066.0,9922.0,0.15,0.015,0.0027397260273972603,-1.0,-3.0,10.0,12.0,20,6,60,0.2
1440.0,43795.0,41006.0,0.15,0.015,0.0027397260273972603,-1.0,-3.0,10.0,12.0,20,6,60,0.2
1441.0,13646.0,61029.0,0.15,0.015,0.0027397260273972603,-1.0,-3.0,10.0,12.0,20,6,60,0.2
1442.0,72255.0,86327.0,0.15,0.015,0.0027397260273972603,-1.0,-3.0,10.0,12.0,20,6,60,0.2
1443.0,82152.0,58240.0,0.15,0.015,0.0027397260273972603,-1.0,-3.0,10.0,12.0,20,6,60,0.2
1444.0,79230.0,7371.0,0.15,0.015,0.0027397260273972603,-1.0,-3.0,10.0,12.0,20,6,60,0.2
1445.0,31409.0,71366.0,0.15,0.015,0.0027397260273972603,-1.0,-3.0,10.0,12.0,20,6,60,0.2
1446.0,5843.0,17085.0,0.15,0.015,0.0027397260273972603,-1.0,-3.0,10.0,12.0,20,6,60,0.2
1447.0,31067.0,43703.0,0.15,0.015,0.0027397260273972603,-1.0,-3.0,10.0,12.0,20,6,60,0.2
1448.0,60469.0,18441.0,0.15,0.015,0.0027397260273972603,-1.0,-3.0,10.0,12.0,20,6,60,0.2
1449.0,17850.0,13822.0,0.15,0.015,0.0027397260273972603,-1.0,-3.0,10.0,12.0,20,6,60,0.2
1450.0,98191.0,19910.0,0.15,0.015,0.0027397260273972603,-1.0,-3.0,10.0,12.0,20,6,60,0.2
1451.0,66226.0,36046.0,0.15,0.015,0.0027397260273972603,-1.0,-3.0,10.0,12.0,20,6,60,0.2
1452.0,61759.0,66696.0,0.15,0.015,0.0027397260273972603,-1.0,-3.0,10.0,12.0,20,6,60,0.2
1453.0,74276.0,71195.0,0.15,0.015,0.0027397260273972603,-1.0,-3.0,10.0,12.0,20,6,60,0.2
1454.0,29878.0,88679.0,0.15,0.015,0.0027397260273972603,-1.0,-3.0,10.0,12.0,20,6,60,0.2
1455.0,14930.0,70364.0,0.15,0.015,0.0027397260273972603,-1.0,-3.0,10.0,12.0,20,6,60,0.2
1456.0,49640.0,16758.0,0.15,0.015,0.0027397260273972603,-1.0,-3.0,10.0,12.0,20,6,60,0.2
1457.0,61652.0,65576.0,0.15,0.015,0.0027397260273972603,-1.0,-3.0,10.0,12.0,20,6,60,0.2
1458.0,30755.0,80364.0,0.15,0.015,0.0027397260273972603,-1.0,-3.0,10.0,12.0,20,6,60,0.2
1459.0,73727.0,95092.0,0.15,0.015,0.0027397260273972603,-1.0,-3.0,10.0,12.0,20,6,60,0.2
1460.0,31838.0,14337.0,0.15,0.015,0.0027397260273972603,-1.0,-3.0,10.0,12.0,20,6,60,0.2
1461.0,21781.0,26574.0,0.15,0.015,0.0027397260273972603,-1.0,-3.0,10.0,12.0,20,6,60,0.2
1462.0,93156.0,40519.0,0.15,0.015,0.0027397260273972603,-1.0,-3.0,10.0,12.0,20,6,60,0.2
1463.0,35595.0,54529.0,0.15,0.015,0.0027397260273972603,-1.0,-3.0,10.0,12.0,20,6,60,0.2
1464.0,33839.0,54056.0,0.15,0.015,0.0027397260273972603,-1.0,-3.0,10.0,12.0,20,6,60,0.2
1465.0,80319.0,17785.0,0.15,0.015,0.0027397260273972603,-1.0,-3.0,10.0,12.0,20,6,60,0.2
1466.0,31533.0,85396.0,0.15,0.015,0.0027397260273972603,-1.0,-3.0,10.0,12.0,20,6,60,0.2
1467.0,20823.0,41592.0,0.15,0.015,0.0027397260273972603,-1.0,-3.0,10.0,12.0,20,6,60,0.2
1468.0,39739.0,69816.0,0.15,0.015,0.0027397260273972603,-1.0,-3.0,10.0,12.0,20,6,60,0.2
1469.0,46368.0,18200.0,0.15,0.015,0.0027397260273972603,-1.0,-3.0,10.0,12.0,20,6,60,0.2
1470.0,9618.0,1565.0,0.15,0.015,0.0027397260273972603,-1.0,-3.0,10.0,12.0,20,6,60,0.2
1471.0,46039.0,80010.0,0.15,0.015,0.0027397260273972603,-1.0,-3.0,10.0,12.0,20,6,60,0.2
1472.0,50100.0,14991.0,0.15,0.015,0.0027397260273972603,-1.0,-3.0,10.0,12.0,20,6,60,0.2
1473.0,26284.0,20667.0,0.15,0.015,0.0027397260273972603,-1.0,-3.0,10.0,12.0,20,6,60,0.2
1474.0,167.0,58427.0,0.15,0.015,0.0027397260273972603,-1.0,-3.0,10.0,12.0,20,6,60,0.2
1475.0,77123.0,25965.0,0.15,0.015,0.0027397260273972603,-1.0,-3.0,10.0,12.0,20,6,60,0.2
1476.0,434.0,80938.0,0.15,0.015,0.0027397260273972603,-1.0,-3.0,10.0,12.0,20,6,60,0.2
1477.0,56862.0,76239.0,0.15,0.015,0.0027397260273972603,-1.0,-3.0,10.0,12.0,20,6,60,0.2
1478.0,25887.0,3167.0,0.15,0.015,0.0027397260273972603,-1.0,-3.0,10.0,12.0,20,6,60,0.2
1479.0,13520.0,7280.0,0.15,0.015,0.0027397260273972603,-1.0,-3.0,10.0,12.0,20,6,60,0.2
1480.0,49901.0,11368.0,0.15,0.015,0.0027397260273972603,-1.0,-3.0,10.0,12.0,20,6,60,0.2
1481.0,99381.0,14158.0,0.15,0.015,0.0027397260273972603,-1.0,-3.0,10.0,12.0,20,6,60,0.2
1482.0,73741.0,26915.0,0.15,0.015,0.0027397260273972603,-1.0,-3.0,10.0,12.0,20,6,60,0.2
1483.0,60611.0,5522.0,0.15,0.015,0.0027397260273972603,-1.0,-3.0,10.0,12.0,20,6,60,0.2
1484.0,75959.0,47609.0,0.15,0.015,0.0027397260273972603,-1.0,-3.0,10.0,12.0,20,6,60,0.2
1485.0,52551.0,10930.0,0.15,0.015,0.0027397260273972603,-1.0,-3.0,10.0,12.0,20,6,60,0.2
1486.0,41359.0,95138.0,0.15,0.015,0.0027397260273972603,-1.0,-3.0,10.0,12.0,20,6,60,0.2
1487.0,85929.0,11810.0,0.15,0.015,0.0027397260273972603,-1.0,-3.0,10.0,12.0,20,6,60,0.2
1488.0,88975.0,66390.0,0.15,0.015,0.0027397260273972603,-1.0,-3.0,10.0,12.0,20,6,60,0.2
1489.0,16381.0,40786.0,0.15,0.015,0.0027397260273972603,-1.0,-3.0,10.0,12.0,20,6,60,0.2
1490.0,63305.0,10572.0,0.15,0.015,0.0027397260273972603,-1.0,-3.0,10.0,12.0,20,6,60,0.2
1491.0,2987.0,51586.0,0.15,0.015,0.0027397260273972603,-1.0,-3.0,10.0,12.0,20,6,60,0.2
1492.0,42425.0,45910.0,0.15,0.015,0.0027397260273972603,-1.0,-3.0,10.0,12.0,20,6,60,0.2
1493.0,14227.0,37998.0,0.15,0.015,0.0027397260273972603,-1.0,-3.0,10.0,12.0,20,6,60,0.2
1494.0,80120.0,33518.0,0.15,0.015,0.0027397260273972603,-1.0,-3.0,10.0,12.0,20,6,60,0.2
1495.0,40034.0,72992.0,0.15,0.015,0.0027397260273972603,-1.0,-3.0,10.0,12.0,20,6,60,0.2
1496.0,86219.0,64372.0,0.15,0.015,0.0027397260273972603,-1.0,-3.0,10.0,12.0,20,6,60,0.2
1497.0,39651.0,44002.0,0.15,0.015,0.0027397260273972603,-1.0,-3.0,10.0,12.0,20,6,60,0.2
1498.0,82932.0,96331.0,0.15,0.015,0.0027397260273972603,-1.0,-3.0,10.0,12.0,20,6,60,0.2
1499.0,89599.0,25173.0,0.15,0.015,0.0027397260273972603,-1.0,-3.0,10.0,12.0,20,6,60,0.2
1500.0,40808.0,13997.0,0.15,0.015,0.0027397260273972603,-1.0,-3.0,10.0,14.0,20,6,60,0.2
1501.0,80692.0,2866.0,0.15,0.015,0.0027397260273972603,-1.0,-3.0,10.0,14.0,20,6,60,0.2
1502.0,48631.0,96659.0,0.15,0.015,0.0027397260273972603,-1.0,-3.0,10.0,14.0,20,6,60,0.2
1503.0,66383.0,23318.0,0.15,0.015,0.0027397260273972603,-1.0,-3.0,10.0,14.0,20,6,60,0.2
1504.0,15128.0,33393.0,0.15,0.015,0.0027397260273972603,-1.0,-3.0,10.0,14.0,20,6,60,0.2
1505.0,64222.0,24884.0,0.15,0.015,0.0027397260273972603,-1.0,-3.0,10.0,14.0,20,6,60,0.2
1506.0,92351.0,51852.0,0.15,0.015,0.0027397260273972603,-1.0,-3.0,10.0,14.0,20,6,60,0.2
1507.0,39430.0,18645.0,0.15,0.015,0.0027397260273972603,-1.0,-3.0,10.0,14.0,20,6,60,0.2
1508.0,10831.0,21359.0,0.15,0.015,0.0027397260273972603,-1.0,-3.0,10.0,14.0,20,6,60,0.2
1509.0,89767.0,79016.0,0.15,0.015,0.0027397260273972603,-1.0,-3.0,10.0,14.0,20,6,60,0.2
1510.0,26876.0,35628.0,0.15,0.015,0.0027397260273972603,-1.0,-3.0,10.0,14.0,20,6,60,0.2
1511.0,99104.0,10279.0,0.15,0.015,0.0027397260273972603,-1.0,-3.0,10.0,14.0,20,6,60,0.2
1512.0,28930.0,70043.0,0.15,0.015,0.0027397260273972603,-1.0,-3.0,10.0,14.0,20,6,60,0.2
1513.0,48084.0,52567.0,0.15,0.015,0.0027397260273972603,-1.0,-3.0,10.0,14.0,20,6,60,0.2
1514.0,22191.0,96958.0,0.15,0.015,0.0027397260273972603,-1.0,-3.0,10.0,14.0,20,6,60,0.2
1515.0,23649.0,96586.0,0.15,0.015,0.0027397260273972603,-1.0,-3.0,10.0,14.0,20,6,60,0.2
1516.0,92418.0,35495.0,0.15,0.015,0.0027397260273972603,-1.0,-3.0,10.0,14.0,20,6,60,0.2
1517.0,35631.0,27183.0,0.15,0.015,0.0027397260273972603,-1.0,-3.0,10.0,14.0,20,6,60,0.2
1518.0,26820.0,19499.0,0.15,0.015,0.0027397260273972603,-1.0,-3.0,10.0,14.0,20,6,60,0.2
1519.0,37013.0,89786.0,0.15,0.015,0.0027397260273972603,-1.0,-3.0,10.0,14.0,20,6,60,0.2
1520.0,17861.0,91206.0,0.15,0.015,0.0027397260273972603,-1.0,-3.0,10.0,14.0,20,6,60,0.2
1521.0,73434.0,61986.0,0.15,0.015,0.0027397260273972603,-1.0,-3.0,10.0,14.0,20,6,60,0.2
1522.0,41794.0,88494.0,0.15,0.015,0.0027397260273972603,-1.0,-3.0,10.0,14.0,20,6,60,0.2
1523.0,28690.0,48472.0,0.15,0.015,0.0027397260273972603,-1.0,-3.0,10.0,14.0,20,6,60,0.2
1524.0,19391.0,39229.0,0.15,0.015,0.0027397260273972603,-1.0,-3.0,10.0,14.0,20,6,60,0.2
1525.0,74080.0,53073.0,0.15,0.015,0.0027397260273972603,-1.0,-3.0,10.0,14.0,20,6,60,0.2
1526.0,29685.0,25120.0,0.15,0.015,0.0027397260273972603,-1.0,-3.0,10.0,14.0,20,6,60,0.2
1527.0,17554.0,52154.0,0.15,0.015,0.0027397260273972603,-1.0,-3.0,10.0,14.0,20,6,60,0.2
1528.0,82650.0,70225.0,0.15,0.015,0.0027397260273972603,-1.0,-3.0,10.0,14.0,20,6,60,0.2
1529.0,22519.0,53456.0,0.15,0.015,0.0027397260273972603,-1.0,-3.0,10.0,14.0,20,6,60,0.2
1530.0,78615.0,426.0,0.15,0.015,0.0027397260273972603,-1.0,-3.0,10.0,14.0,20,6,60,0.2
1531.0,48966.0,86958.0,0.15,0.015,0.0027397260273972603,-1.0,-3.0,10.0,14.0,20,6,60,0.2
1532.0,96677.0,85075.0,0.15,0.015,0.0027397260273972603,-1.0,-3.0,10.0,14.0,20,6,60,0.2
1533.0,13855.0,55546.0,0.15,0.015,0.0027397260273972603,-1.0,-3.0,10.0,14.0,20,6,60,0.2
1534.0,93825.0,21519.0,0.15,0.015,0.0027397260273972603,-1.0,-3.0,10.0,14.0,20,6,60,0.2
1535.0,57291.0,68061.0,0.15,0.015,0.0027397260273972603,-1.0,-3.0,10.0,14.0,20,6,60,0.2
1536.0,21102.0,9523.0,0.15,0.015,0.0027397260273972603,-1.0,-3.0,10.0,14.0,20,6,60,0.2
1537.0,19666.0,53519.0,0.15,0.015,0.0027397260273972603,-1.0,-3.0,10.0,14.0,20,6,60,0.2
1538.0,56015.0,88481.0,0.15,0.015,0.0027397260273972603,-1.0,-3.0,10.0,14.0,20,6,60,0.2
1539.0,28066.0,9922.0,0.15,0.015,0.0027397260273972603,-1.0,-3.0,10.0,14.0,20,6,60,0.2
1540.0,43795.0,41006.0,0.15,0.015,0.0027397260273972603,-1.0,-3.0,10.0,14.0,20,6,60,0.2
1541.0,13646.0,61029.0,0.15,0.015,0.0027397260273972603,-1.0,-3.0,10.0,14.0,20,6,60,0.2
1542.0,72255.0,86327.0,0.15,0.015,0.0027397260273972603,-1.0,-3.0,10.0,14.0,20,6,60,0.2
1543.0,82152.0,58240.0,0.15,0.015,0.0027397260273972603,-1.0,-3.0,10.0,14.0,20,6,60,0.2
1544.0,79230.0,7371.0,0.15,0.015,0.0027397260273972603,-1.0,-3.0,10.0,14.0,20,6,60,0.2
1545.0,31409.0,71366.0,0.15,0.015,0.0027397260273972603,-1.0,-3.0,10.0,14.0,20,6,60,0.2
1546.0,5843.0,17085.0,0.15,0.015,0.0027397260273972603,-1.0,-3.0,10.0,14.0,20,6,60,0.2
1547.0,31067.0,43703.0,0.15,0.015,0.0027397260273972603,-1.0,-3.0,10.0,14.0,20,6,60,0.2
1548.0,60469.0,18441.0,0.15,0.015,0.0027397260273972603,-1.0,-3.0,10.0,14.0,20,6,60,0.2
1549.0,17850.0,13822.0,0.15,0.015,0.0027397260273972603,-1.0,-3.0,10.0,14.0,20,6,60,0.2
1550.0,98191.0,19910.0,0.15,0.015,0.0027397260273972603,-1.0,-3.0,10.0,14.0,20,6,60,0.2
1551.0,66226.0,36046.0,0.15,0.015,0.0027397260273972603,-1.0,-3.0,10.0,14.0,20,6,60,0.2
1552.0,61759.0,66696.0,0.15,0.015,0.0027397260273972603,-1.0,-3.0,10.0,14.0,20,6,60,0.2
1553.0,74276.0,71195.0,0.15,0.015,0.0027397260273972603,-1.0,-3.0,10.0,14.0,20,6,60,0.2
1554.0,29878.0,88679.0,0.15,0.015,0.0027397260273972603,-1.0,-3.0,10.0,14.0,20,6,60,0.2
1555.0,14930.0,70364.0,0.15,0.015,0.0027397260273972603,-1.0,-3.0,10.0,14.0,20,6,60,0.2
1556.0,49640.0,16758.0,0.15,0.015,0.0027397260273972603,-1.0,-3.0,10.0,14.0,20,6,60,0.2
1557.0,61652.0,65576.0,0.15,0.015,0.0027397260273972603,-1.0,-3.0,10.0,14.0,20,6,60,0.2
1558.0,30755.0,80364.0,0.15,0.015,0.0027397260273972603,-1.0,-3.0,10.0,14.0,20,6,60,0.2
1559.0,73727.0,95092.0,0.15,0.015,0.0027397260273972603,-1.0,-3.0,10.0,14.0,20,6,60,0.2
1560.0,31838.0,14337.0,0.15,0.015,0.0027397260273972603,-1.0,-3.0,10.0,14.0,20,6,60,0.2
1561.0,21781.0,26574.0,0.15,0.015,0.0027397260273972603,-1.0,-3.0,10.0,14.0,20,6,60,0.2
1562.0,93156.0,40519.0,0.15,0.015,0.0027397260273972603,-1.0,-3.0,10.0,14.0,20,6,60,0.2
1563.0,35595.0,54529.0,0.15,0.015,0.0027397260273972603,-1.0,-3.0,10.0,14.0,20,6,60,0.2
1564.0,33839.0,54056.0,0.15,0.015,0.0027397260273972603,-1.0,-3.0,10.0,14.0,20,6,60,0.2
1565.0,80319.0,17785.0,0.15,0.015,0.0027397260273972603,-1.0,-3.0,10.0,14.0,20,6,60,0.2
1566.0,31533.0,85396.0,0.15,0.015,0.0027397260273972603,-1.0,-3.0,10.0,14.0,20,6,60,0.2
1567.0,20823.0,41592.0,0.15,0.015,0.0027397260273972603,-1.0,-3.0,10.0,14.0,20,6,60,0.2
1568.0,39739.0,69816.0,0.15,0.015,0.0027397260273972603,-1.0,-3.0,10.0,14.0,20,6,60,0.2
1569.0,46368.0,18200.0,0.15,0.015,0.0027397260273972603,-1.0,-3.0,10.0,14.0,20,6,60,0.2
1570.0,9618.0,1565.0,0.15,0.015,0.0027397260273972603,-1.0,-3.0,10.0,14.0,20,6,60,0.2
1571.0,46039.0,80010.0,0.15,0.015,0.0027397260273972603,-1.0,-3.0,10.0,14.0,20,6,60,0.2
1572.0,50100.0,14991.0,0.15,0.015,0.0027397260273972603,-1.0,-3.0,10.0,14.0,20,6,60,0.2
1573.0,26284.0,20667.0,0.15,0.015,0.0027397260273972603,-1.0,-3.0,10.0,14.0,20,6,60,0.2
1574.0,167.0,58427.0,0.15,0.015,0.0027397260273972603,-1.0,-3.0,10.0,14.0,20,6,60,0.2
1575.0,77123.0,25965.0,0.15,0.015,0.0027397260273972603,-1.0,-3.0,10.0,14.0,20,6,60,0.2
1576.0,434.0,80938.0,0.15,0.015,0.0027397260273972603,-1.0,-3.0,10.0,14.0,20,6,60,0.2
1577.0,56862.0,76239.0,0.15,0.015,0.0027397260273972603,-1.0,-3.0,10.0,14.0,20,6,60,0.2
1578.0,25887.0,3167.0,0.15,0.015,0.0027397260273972603,-1.0,-3.0,10.0,14.0,20,6,60,0.2
1579.0,13520.0,7280.0,0.15,0.015,0.0027397260273972603,-1.0,-3.0,10.0,14.0,20,6,60,0.2
1580.0,49901.0,11368.0,0.15,0.015,0.0027397260273972603,-1.0,-3.0,10.0,14.0,20,6,60,0.2
1581.0,99381.0,14158.0,0.15,0.015,0.0027397260273972603,-1.0,-3.0,10.0,14.0,20,6,60,0.2
1582.0,73741.0,26915.0,0.15,0.015,0.0027397260273972603,-1.0,-3.0,10.0,14.0,20,6,60,0.2
1583.0,60611.0,5522.0,0.15,0.015,0.0027397260273972603,-1.0,-3.0,10.0,14.0,20,6,60,0.2
1584.0,75959.0,47609.0,0.15,0.015,0.0027397260273972603,-1.0,-3.0,10.0,14.0,20,6,60,0.2
1585.0,52551.0,10930.0,0.15,0.015,0.0027397260273972603,-1.0,-3.0,10.0,14.0,20,6,60,0.2
1586.0,41359.0,95138.0,0.15,0.015,0.0027397260273972603,-1.0,-3.0,10.0,14.0,20,6,60,0.2
1587.0,85929.0,11810.0,0.15,0.015,0.0027397260273972603,-1.0,-3.0,10.0,14.0,20,6,60,0.2
1588.0,88975.0,66390.0,0.15,0.015,0.0027397260273972603,-1.0,-3.0,10.0,14.0,20,6,60,0.2
1589.0,16381.0,40786.0,0.15,0.015,0.0027397260273972603,-1.0,-3.0,10.0,14.0,20,6,60,0.2
1590.0,63305.0,10572.0,0.15,0.015,0.0027397260273972603,-1.0,-3.0,10.0,14.0,20,6,60,0.2
1591.0,2987.0,51586.0,0.15,0.015,0.0027397260273972603,-1.0,-3.0,10.0,14.0,20,6,60,0.2
1592.0,42425.0,45910.0,0.15,0.015,0.0027397260273972603,-1.0,-3.0,10.0,14.0,20,6,60,0.2
1593.0,14227.0,37998.0,0.15,0.015,0.0027397260273972603,-1.0,-3.0,10.0,14.0,20,6,60,0.2
1594.0,80120.0,33518.0,0.15,0.015,0.0027397260273972603,-1.0,-3.0,10.0,14.0,20,6,60,0.2
1595.0,40034.0,72992.0,0.15,0.015,0.0027397260273972603,-1.0,-3.0,10.0,14.0,20,6,60,0.2
1596.0,86219.0,64372.0,0.15,0.015,0.0027397260273972603,-1.0,-3.0,10.0,14.0,20,6,60,0.2
1597.0,39651.0,44002.0,0.15,0.015,0.0027397260273972603,-1.0,-3.0,10.0,14.0,20,6,60,0.2
1598.0,82932.0,96331.0,0.15,0.015,0.0027397260273972603,-1.0,-3.0,10.0,14.0,20,6,60,0.2
1599.0,89599.0,25173.0,0.15,0.015,0.0027397260273972603,-1.0,-3.0,10.0,14.0,20,6,60,0.2
1600.0,40808.0,13997.0,0.15,0.015,0.0027397260273972603,-1.0,-3.0,10.0,16.0,20,6,60,0.2
1601.0,80692.0,2866.0,0.15,0.015,0.0027397260273972603,-1.0,-3.0,10.0,16.0,20,6,60,0.2
1602.0,48631.0,96659.0,0.15,0.015,0.0027397260273972603,-1.0,-3.0,10.0,16.0,20,6,60,0.2
1603.0,66383.0,23318.0,0.15,0.015,0.0027397260273972603,-1.0,-3.0,10.0,16.0,20,6,60,0.2
1604.0,15128.0,33393.0,0.15,0.015,0.0027397260273972603,-1.0,-3.0,10.0,16.0,20,6,60,0.2
1605.0,64222.0,24884.0,0.15,0.015,0.0027397260273972603,-1.0,-3.0,10.0,16.0,20,6,60,0.2
1606.0,92351.0,51852.0,0.15,0.015,0.0027397260273972603,-1.0,-3.0,10.0,16.0,20,6,60,0.2
1607.0,39430.0,18645.0,0.15,0.015,0.0027397260273972603,-1.0,-3.0,10.0,16.0,20,6,60,0.2
1608.0,10831.0,21359.0,0.15,0.015,0.0027397260273972603,-1.0,-3.0,10.0,16.0,20,6,60,0.2
1609.0,89767.0,79016.0,0.15,0.015,0.0027397260273972603,-1.0,-3.0,10.0,16.0,20,6,60,0.2
1610.0,26876.0,35628.0,0.15,0.015,0.0027397260273972603,-1.0,-3.0,10.0,16.0,20,6,60,0.2
1611.0,99104.0,10279.0,0.15,0.015,0.0027397260273972603,-1.0,-3.0,10.0,16.0,20,6,60,0.2
1612.0,28930.0,70043.0,0.15,0.015,0.0027397260273972603,-1.0,-3.0,10.0,16.0,20,6,60,0.2
1613.0,48084.0,52567.0,0.15,0.015,0.0027397260273972603,-1.0,-3.0,10.0,16.0,20,6,60,0.2
1614.0,22191.0,96958.0,0.15,0.015,0.0027397260273972603,-1.0,-3.0,10.0,16.0,20,6,60,0.2
1615.0,23649.0,96586.0,0.15,0.015,0.0027397260273972603,-1.0,-3.0,10.0,16.0,20,6,60,0.2
1616.0,92418.0,35495.0,0.15,0.015,0.0027397260273972603,-1.0,-3.0,10.0,16.0,20,6,60,0.2
1617.0,35631.0,27183.0,0.15,0.015,0.0027397260273972603,-1.0,-3.0,10.0,16.0,20,6,60,0.2
1618.0,26820.0,19499.0,0.15,0.015,0.0027397260273972603,-1.0,-3.0,10.0,16.0,20,6,60,0.2
1619.0,37013.0,89786.0,0.15,0.015,0.0027397260273972603,-1.0,-3.0,10.0,16.0,20,6,60,0.2
1620.0,17861.0,91206.0,0.15,0.015,0.0027397260273972603,-1.0,-3.0,10.0,16.0,20,6,60,0.2
1621.0,73434.0,61986.0,0.15,0.015,0.0027397260273972603,-1.0,-3.0,10.0,16.0,20,6,60,0.2
1622.0,41794.0,88494.0,0.15,0.015,0.0027397260273972603,-1.0,-3.0,10.0,16.0,20,6,60,0.2
1623.0,28690.0,48472.0,0.15,0.015,0.0027397260273972603,-1.0,-3.0,10.0,16.0,20,6,60,0.2
1624.0,19391.0,39229.0,0.15,0.015,0.0027397260273972603,-1.0,-3.0,10.0,16.0,20,6,60,0.2
1625.0,74080.0,53073.0,0.15,0.015,0.0027397260273972603,-1.0,-3.0,10.0,16.0,20,6,60,0.2
1626.0,29685.0,25120.0,0.15,0.015,0.0027397260273972603,-1.0,-3.0,10.0,16.0,20,6,60,0.2
1627.0,17554.0,52154.0,0.15,0.015,0.0027397260273972603,-1.0,-3.0,10.0,16.0,20,6,60,0.2
1628.0,82650.0,70225.0,0.15,0.015,0.0027397260273972603,-1.0,-3.0,10.0,16.0,20,6,60,0.2
1629.0,22519.0,53456.0,0.15,0.015,0.0027397260273972603,-1.0,-3.0,10.0,16.0,20,6,60,0.2
1630.0,78615.0,426.0,0.15,0.015,0.0027397260273972603,-1.0,-3.0,10.0,16.0,20,6,60,0.2
1631.0,48966.0,86958.0,0.15,0.015,0.0027397260273972603,-1.0,-3.0,10.0,16.0,20,6,60,0.2
1632.0,96677.0,85075.0,0.15,0.015,0.0027397260273972603,-1.0,-3.0,10.0,16.0,20,6,60,0.2
1633.0,13855.0,55546.0,0.15,0.015,0.0027397260273972603,-1.0,-3.0,10.0,16.0,20,6,60,0.2
1634.0,93825.0,21519.0,0.15,0.015,0.0027397260273972603,-1.0,-3.0,10.0,16.0,20,6,60,0.2
1635.0,57291.0,68061.0,0.15,0.015,0.0027397260273972603,-1.0,-3.0,10.0,16.0,20,6,60,0.2
1636.0,21102.0,9523.0,0.15,0.015,0.0027397260273972603,-1.0,-3.0,10.0,16.0,20,6,60,0.2
1637.0,19666.0,53519.0,0.15,0.015,0.0027397260273972603,-1.0,-3.0,10.0,16.0,20,6,60,0.2
1638.0,56015.0,88481.0,0.15,0.015,0.0027397260273972603,-1.0,-3.0,10.0,16.0,20,6,60,0.2
1639.0,28066.0,9922.0,0.15,0.015,0.0027397260273972603,-1.0,-3.0,10.0,16.0,20,6,60,0.2
1640.0,43795.0,41006.0,0.15,0.015,0.0027397260273972603,-1.0,-3.0,10.0,16.0,20,6,60,0.2
1641.0,13646.0,61029.0,0.15,0.015,0.0027397260273972603,-1.0,-3.0,10.0,16.0,20,6,60,0.2
1642.0,72255.0,86327.0,0.15,0.015,0.0027397260273972603,-1.0,-3.0,10.0,16.0,20,6,60,0.2
1643.0,82152.0,58240.0,0.15,0.015,0.0027397260273972603,-1.0,-3.0,10.0,16.0,20,6,60,0.2
1644.0,79230.0,7371.0,0.15,0.015,0.0027397260273972603,-1.0,-3.0,10.0,16.0,20,6,60,0.2
1645.0,31409.0,71366.0,0.15,0.015,0.0027397260273972603,-1.0,-3.0,10.0,16.0,20,6,60,0.2
1646.0,5843.0,17085.0,0.15,0.015,0.0027397260273972603,-1.0,-3.0,10.0,16.0,20,6,60,0.2
1647.0,31067.0,43703.0,0.15,0.015,0.0027397260273972603,-1.0,-3.0,10.0,16.0,20,6,60,0.2
1648.0,60469.0,18441.0,0.15,0.015,0.0027397260273972603,-1.0,-3.0,10.0,16.0,20,6,60,0.2
1649.0,17850.0,13822.0,0.15,0.015,0.0027397260273972603,-1.0,-3.0,10.0,16.0,20,6,60,0.2
1650.0,98191.0,19910.0,0.15,0.015,0.0027397260273972603,-1.0,-3.0,10.0,16.0,20,6,60,0.2
1651.0,66226.0,36046.0,0.15,0.015,0.0027397260273972603,-1.0,-3.0,10.0,16.0,20,6,60,0.2
1652.0,61759.0,66696.0,0.15,0.015,0.0027397260273972603,-1.0,-3.0,10.0,16.0,20,6,60,0.2
1653.0,74276.0,71195.0,0.15,0.015,0.0027397260273972603,-1.0,-3.0,10.0,16.0,20,6,60,0.2
1654.0,29878.0,88679.0,0.15,0.015,0.0027397260273972603,-1.0,-3.0,10.0,16.0,20,6,60,0.2
1655.0,14930.0,70364.0,0.15,0.015,0.0027397260273972603,-1.0,-3.0,10.0,16.0,20,6,60,0.2
1656.0,49640.0,16758.0,0.15,0.015,0.0027397260273972603,-1.0,-3.0,10.0,16.0,20,6,60,0.2
1657.0,61652.0,65576.0,0.15,0.015,0.0027397260273972603,-1.0,-3.0,10.0,16.0,20,6,60,0.2
1658.0,30755.0,80364.0,0.15,0.015,0.0027397260273972603,-1.0,-3.0,10.0,16.0,20,6,60,0.2
1659.0,73727.0,95092.0,0.15,0.015,0.0027397260273972603,-1.0,-3.0,10.0,16.0,20,6,60,0.2
1660.0,31838.0,14337.0,0.15,0.015,0.0027397260273972603,-1.0,-3.0,10.0,16.0,20,6,60,0.2
1661.0,21781.0,26574.0,0.15,0.015,0.0027397260273972603,-1.0,-3.0,10.0,16.0,20,6,60,0.2
1662.0,93156.0,40519.0,0.15,0.015,0.0027397260273972603,-1.0,-3.0,10.0,16.0,20,6,60,0.2
1663.0,35595.0,54529.0,0.15,0.015,0.0027397260273972603,-1.0,-3.0,10.0,16.0,20,6,60,0.2
1664.0,33839.0,54056.0,0.15,0.015,0.0027397260273972603,-1.0,-3.0,10.0,16.0,20,6,60,0.2
1665.0,80319.0,17785.0,0.15,0.015,0.0027397260273972603,-1.0,-3.0,10.0,16.0,20,6,60,0.2
1666.0,31533.0,85396.0,0.15,0.015,0.0027397260273972603,-1.0,-3.0,10.0,16.0,20,6,60,0.2
1667.0,20823.0,41592.0,0.15,0.015,0.0027397260273972603,-1.0,-3.0,10.0,16.0,20,6,60,0.2
1668.0,39739.0,69816.0,0.15,0.015,0.0027397260273972603,-1.0,-3.0,10.0,16.0,20,6,60,0.2
1669.0,46368.0,18200.0,0.15,0.015,0.0027397260273972603,-1.0,-3.0,10.0,16.0,20,6,60,0.2
1670.0,9618.0,1565.0,0.15,0.015,0.0027397260273972603,-1.0,-3.0,10.0,16.0,20,6,60,0.2
1671.0,46039.0,80010.0,0.15,0.015,0.0027397260273972603,-1.0,-3.0,10.0,16.0,20,6,60,0.2
1672.0,50100.0,14991.0,0.15,0.015,0.0027397260273972603,-1.0,-3.0,10.0,16.0,20,6,60,0.2
1673.0,26284.0,20667.0,0.15,0.015,0.0027397260273972603,-1.0,-3.0,10.0,16.0,20,6,60,0.2
1674.0,167.0,58427.0,0.15,0.015,0.0027397260273972603,-1.0,-3.0,10.0,16.0,20,6,60,0.2
1675.0,77123.0,25965.0,0.15,0.015,0.0027397260273972603,-1.0,-3.0,10.0,16.0,20,6,60,0.2
1676.0,434.0,80938.0,0.15,0.015,0.0027397260273972603,-1.0,-3.0,10.0,16.0,20,6,60,0.2
1677.0,56862.0,76239.0,0.15,0.015,0.0027397260273972603,-1.0,-3.0,10.0,16.0,20,6,60,0.2
1678.0,25887.0,3167.0,0.15,0.015,0.0027397260273972603,-1.0,-3.0,10.0,16.0,20,6,60,0.2
1679.0,13520.0,7280.0,0.15,0.015,0.0027397260273972603,-1.0,-3.0,10.0,16.0,20,6,60,0.2
1680.0,49901.0,11368.0,0.15,0.015,0.0027397260273972603,-1.0,-3.0,10.0,16.0,20,6,60,0.2
1681.0,99381.0,14158.0,0.15,0.015,0.0027397260273972603,-1.0,-3.0,10.0,16.0,20,6,60,0.2
1682.0,73741.0,26915.0,0.15,0.015,0.0027397260273972603,-1.0,-3.0,10.0,16.0,20,6,60,0.2
1683.0,60611.0,5522.0,0.15,0.015,0.0027397260273972603,-1.0,-3.0,10.0,16.0,20,6,60,0.2
1684.0,75959.0,47609.0,0.15,0.015,0.0027397260273972603,-1.0,-3.0,10.0,16.0,20,6,60,0.2
1685.0,52551.0,10930.0,0.15,0.015,0.0027397260273972603,-1.0,-3.0,10.0,16.0,20,6,60,0.2
1686.0,41359.0,95138.0,0.15,0.015,0.0027397260273972603,-1.0,-3.0,10.0,16.0,20,6,60,0.2
1687.0,85929.0,11810.0,0.15,0.015,0.0027397260273972603,-1.0,-3.0,10.0,16.0,20,6,60,0.2
1688.0,88975.0,66390.0,0.15,0.015,0.0027397260273972603,-1.0,-3.0,10.0,16.0,20,6,60,0.2
1689.0,16381.0,40786.0,0.15,0.015,0.0027397260273972603,-1.0,-3.0,10.0,16.0,20,6,60,0.2
1690.0,63305.0,10572.0,0.15,0.015,0.0027397260273972603,-1.0,-3.0,10.0,16.0,20,6,60,0.2
1691.0,2987.0,51586.0,0.15,0.015,0.0027397260273972603,-1.0,-3.0,10.0,16.0,20,6,60,0.2
1692.0,42425.0,45910.0,0.15,0.015,0.0027397260273972603,-1.0,-3.0,10.0,16.0,20,6,60,0.2
1693.0,14227.0,37998.0,0.15,0.015,0.0027397260273972603,-1.0,-3.0,10.0,16.0,20,6,60,0.2
1694.0,80120.0,33518.0,0.15,0.015,0.0027397260273972603,-1.0,-3.0,10.0,16.0,20,6,60,0.2
1695.0,40034.0,72992.0,0.15,0.015,0.0027397260273972603,-1.0,-3.0,10.0,16.0,20,6,60,0.2
1696.0,86219.0,64372.0,0.15,0.015,0.0027397260273972603,-1.0,-3.0,10.0,16.0,20,6,60,0.2
1697.0,39651.0,44002.0,0.15,0.015,0.0027397260273972603,-1.0,-3.0,10.0,16.0,20,6,60,0.2
1698.0,82932.0,96331.0,0.15,0.015,0.0027397260273972603,-1.0,-3.0,10.0,16.0,20,6,60,0.2
1699.0,89599.0,25173.0,0.15,0.015,0.0027397260273972603,-1.0,-3.0,10.0,16.0,20,6,60,0.2
1700.0,40808.0,13997.0,0.15,0.015,0.0027397260273972603,-1.0,-3.0,10.0,18.0,20,6,60,0.2
1701.0,80692.0,2866.0,0.15,0.015,0.0027397260273972603,-1.0,-3.0,10.0,18.0,20,6,60,0.2
1702.0,48631.0,96659.0,0.15,0.015,0.0027397260273972603,-1.0,-3.0,10.0,18.0,20,6,60,0.2
1703.0,66383.0,23318.0,0.15,0.015,0.0027397260273972603,-1.0,-3.0,10.0,18.0,20,6,60,0.2
1704.0,15128.0,33393.0,0.15,0.015,0.0027397260273972603,-1.0,-3.0,10.0,18.0,20,6,60,0.2
1705.0,64222.0,24884.0,0.15,0.015,0.0027397260273972603,-1.0,-3.0,10.0,18.0,20,6,60,0.2
1706.0,92351.0,51852.0,0.15,0.015,0.0027397260273972603,-1.0,-3.0,10.0,18.0,20,6,60,0.2
1707.0,39430.0,18645.0,0.15,0.015,0.0027397260273972603,-1.0,-3.0,10.0,18.0,20,6,60,0.2
1708.0,10831.0,21359.0,0.15,0.015,0.0027397260273972603,-1.0,-3.0,10.0,18.0,20,6,60,0.2
1709.0,89767.0,79016.0,0.15,0.015,0.0027397260273972603,-1.0,-3.0,10.0,18.0,20,6,60,0.2
1710.0,26876.0,35628.0,0.15,0.015,0.0027397260273972603,-1.0,-3.0,10.0,18.0,20,6,60,0.2
1711.0,99104.0,10279.0,0.15,0.015,0.0027397260273972603,-1.0,-3.0,10.0,18.0,20,6,60,0.2
1712.0,28930.0,70043.0,0.15,0.015,0.0027397260273972603,-1.0,-3.0,10.0,18.0,20,6,60,0.2
1713.0,48084.0,52567.0,0.15,0.015,0.0027397260273972603,-1.0,-3.0,10.0,18.0,20,6,60,0.2
1714.0,22191.0,96958.0,0.15,0.015,0.0027397260273972603,-1.0,-3.0,10.0,18.0,20,6,60,0.2
1715.0,23649.0,96586.0,0.15,0.015,0.0027397260273972603,-1.0,-3.0,10.0,18.0,20,6,60,0.2
1716.0,92418.0,35495.0,0.15,0.015,0.0027397260273972603,-1.0,-3.0,10.0,18.0,20,6,60,0.2
1717.0,35631.0,27183.0,0.15,0.015,0.0027397260273972603,-1.0,-3.0,10.0,18.0,20,6,60,0.2
1718.0,26820.0,19499.0,0.15,0.015,0.0027397260273972603,-1.0,-3.0,10.0,18.0,20,6,60,0.2
1719.0,37013.0,89786.0,0.15,0.015,0.0027397260273972603,-1.0,-3.0,10.0,18.0,20,6,60,0.2
1720.0,17861.0,91206.0,0.15,0.015,0.0027397260273972603,-1.0,-3.0,10.0,18.0,20,6,60,0.2
1721.0,73434.0,61986.0,0.15,0.015,0.0027397260273972603,-1.0,-3.0,10.0,18.0,20,6,60,0.2
1722.0,41794.0,88494.0,0.15,0.015,0.0027397260273972603,-1.0,-3.0,10.0,18.0,20,6,60,0.2
1723.0,28690.0,48472.0,0.15,0.015,0.0027397260273972603,-1.0,-3.0,10.0,18.0,20,6,60,0.2
1724.0,19391.0,39229.0,0.15,0.015,0.0027397260273972603,-1.0,-3.0,10.0,18.0,20,6,60,0.2
1725.0,74080.0,53073.0,0.15,0.015,0.0027397260273972603,-1.0,-3.0,10.0,18.0,20,6,60,0.2
1726.0,29685.0,25120.0,0.15,0.015,0.0027397260273972603,-1.0,-3.0,10.0,18.0,20,6,60,0.2
1727.0,17554.0,52154.0,0.15,0.015,0.0027397260273972603,-1.0,-3.0,10.0,18.0,20,6,60,0.2
1728.0,82650.0,70225.0,0.15,0.015,0.0027397260273972603,-1.0,-3.0,10.0,18.0,20,6,60,0.2
1729.0,22519.0,53456.0,0.15,0.015,0.0027397260273972603,-1.0,-3.0,10.0,18.0,20,6,60,0.2
1730.0,78615.0,426.0,0.15,0.015,0.0027397260273972603,-1.0,-3.0,10.0,18.0,20,6,60,0.2
1731.0,48966.0,86958.0,0.15,0.015,0.0027397260273972603,-1.0,-3.0,10.0,18.0,20,6,60,0.2
1732.0,96677.0,85075.0,0.15,0.015,0.0027397260273972603,-1.0,-3.0,10.0,18.0,20,6,60,0.2
1733.0,13855.0,55546.0,0.15,0.015,0.0027397260273972603,-1.0,-3.0,10.0,18.0,20,6,60,0.2
1734.0,93825.0,21519.0,0.15,0.015,0.0027397260273972603,-1.0,-3.0,10.0,18.0,20,6,60,0.2
1735.0,57291.0,68061.0,0.15,0.015,0.0027397260273972603,-1.0,-3.0,10.0,18.0,20,6,60,0.2
1736.0,21102.0,9523.0,0.15,0.015,0.0027397260273972603,-1.0,-3.0,10.0,18.0,20,6,60,0.2
1737.0,19666.0,53519.0,0.15,0.015,0.0027397260273972603,-1.0,-3.0,10.0,18.0,20,6,60,0.2
1738.0,56015.0,88481.0,0.15,0.015,0.0027397260273972603,-1.0,-3.0,10.0,18.0,20,6,60,0.2
1739.0,28066.0,9922.0,0.15,0.015,0.0027397260273972603,-1.0,-3.0,10.0,18.0,20,6,60,0.2
1740.0,43795.0,41006.0,0.15,0.015,0.0027397260273972603,-1.0,-3.0,10.0,18.0,20,6,60,0.2
1741.0,13646.0,61029.0,0.15,0.015,0.0027397260273972603,-1.0,-3.0,10.0,18.0,20,6,60,0.2
1742.0,72255.0,86327.0,0.15,0.015,0.0027397260273972603,-1.0,-3.0,10.0,18.0,20,6,60,0.2
1743.0,82152.0,58240.0,0.15,0.015,0.0027397260273972603,-1.0,-3.0,10.0,18.0,20,6,60,0.2
1744.0,79230.0,7371.0,0.15,0.015,0.0027397260273972603,-1.0,-3.0,10.0,18.0,20,6,60,0.2
1745.0,31409.0,71366.0,0.15,0.015,0.0027397260273972603,-1.0,-3.0,10.0,18.0,20,6,60,0.2
1746.0,5843.0,17085.0,0.15,0.015,0.0027397260273972603,-1.0,-3.0,10.0,18.0,20,6,60,0.2
1747.0,31067.0,43703.0,0.15,0.015,0.0027397260273972603,-1.0,-3.0,10.0,18.0,20,6,60,0.2
1748.0,60469.0,18441.0,0.15,0.015,0.0027397260273972603,-1.0,-3.0,10.0,18.0,20,6,60,0.2
1749.0,17850.0,13822.0,0.15,0.015,0.0027397260273972603,-1.0,-3.0,10.0,18.0,20,6,60,0.2
1750.0,98191.0,19910.0,0.15,0.015,0.0027397260273972603,-1.0,-3.0,10.0,18.0,20,6,60,0.2
1751.0,66226.0,36046.0,0.15,0.015,0.0027397260273972603,-1.0,-3.0,10.0,18.0,20,6,60,0.2
1752.0,61759.0,66696.0,0.15,0.015,0.0027397260273972603,-1.0,-3.0,10.0,18.0,20,6,60,0.2
1753.0,74276.0,71195.0,0.15,0.015,0.0027397260273972603,-1.0,-3.0,10.0,18.0,20,6,60,0.2
1754.0,29878.0,88679.0,0.15,0.015,0.0027397260273972603,-1.0,-3.0,10.0,18.0,20,6,60,0.2
1755.0,14930.0,70364.0,0.15,0.015,0.0027397260273972603,-1.0,-3.0,10.0,18.0,20,6,60,0.2
1756.0,49640.0,16758.0,0.15,0.015,0.0027397260273972603,-1.0,-3.0,10.0,18.0,20,6,60,0.2
1757.0,61652.0,65576.0,0.15,0.015,0.0027397260273972603,-1.0,-3.0,10.0,18.0,20,6,60,0.2
1758.0,30755.0,80364.0,0.15,0.015,0.0027397260273972603,-1.0,-3.0,10.0,18.0,20,6,60,0.2
1759.0,73727.0,95092.0,0.15,0.015,0.0027397260273972603,-1.0,-3.0,10.0,18.0,20,6,60,0.2
1760.0,31838.0,14337.0,0.15,0.015,0.0027397260273972603,-1.0,-3.0,10.0,18.0,20,6,60,0.2
1761.0,21781.0,26574.0,0.15,0.015,0.0027397260273972603,-1.0,-3.0,10.0,18.0,20,6,60,0.2
1762.0,93156.0,40519.0,0.15,0.015,0.0027397260273972603,-1.0,-3.0,10.0,18.0,20,6,60,0.2
1763.0,35595.0,54529.0,0.15,0.015,0.0027397260273972603,-1.0,-3.0,10.0,18.0,20,6,60,0.2
1764.0,33839.0,54056.0,0.15,0.015,0.0027397260273972603,-1.0,-3.0,10.0,18.0,20,6,60,0.2
1765.0,80319.0,17785.0,0.15,0.015,0.0027397260273972603,-1.0,-3.0,10.0,18.0,20,6,60,0.2
1766.0,31533.0,85396.0,0.15,0.015,0.0027397260273972603,-1.0,-3.0,10.0,18.0,20,6,60,0.2
1767.0,20823.0,41592.0,0.15,0.015,0.0027397260273972603,-1.0,-3.0,10.0,18.0,20,6,60,0.2
1768.0,39739.0,69816.0,0.15,0.015,0.0027397260273972603,-1.0,-3.0,10.0,18.0,20,6,60,0.2
1769.0,46368.0,18200.0,0.15,0.015,0.0027397260273972603,-1.0,-3.0,10.0,18.0,20,6,60,0.2
1770.0,9618.0,1565.0,0.15,0.015,0.0027397260273972603,-1.0,-3.0,10.0,18.0,20,6,60,0.2
1771.0,46039.0,80010.0,0.15,0.015,0.0027397260273972603,-1.0,-3.0,10.0,18.0,20,6,60,0.2
1772.0,50100.0,14991.0,0.15,0.015,0.0027397260273972603,-1.0,-3.0,10.0,18.0,20,6,60,0.2
1773.0,26284.0,20667.0,0.15,0.015,0.0027397260273972603,-1.0,-3.0,10.0,18.0,20,6,60,0.2
1774.0,167.0,58427.0,0.15,0.015,0.0027397260273972603,-1.0,-3.0,10.0,18.0,20,6,60,0.2
1775.0,77123.0,25965.0,0.15,0.015,0.0027397260273972603,-1.0,-3.0,10.0,18.0,20,6,60,0.2
1776.0,434.0,80938.0,0.15,0.015,0.0027397260273972603,-1.0,-3.0,10.0,18.0,20,6,60,0.2
1777.0,56862.0,76239.0,0.15,0.015,0.0027397260273972603,-1.0,-3.0,10.0,18.0,20,6,60,0.2
1778.0,25887.0,3167.0,0.15,0.015,0.0027397260273972603,-1.0,-3.0,10.0,18.0,20,6,60,0.2
1779.0,13520.0,7280.0,0.15,0.015,0.0027397260273972603,-1.0,-3.0,10.0,18.0,20,6,60,0.2
1780.0,49901.0,11368.0,0.15,0.015,0.0027397260273972603,-1.0,-3.0,10.0,18.0,20,6,60,0.2
1781.0,99381.0,14158.0,0.15,0.015,0.0027397260273972603,-1.0,-3.0,10.0,18.0,20,6,60,0.2
1782.0,73741.0,26915.0,0.15,0.015,0.0027397260273972603,-1.0,-3.0,10.0,18.0,20,6,60,0.2
1783.0,60611.0,5522.0,0.15,0.015,0.0027397260273972603,-1.0,-3.0,10.0,18.0,20,6,60,0.2
1784.0,75959.0,47609.0,0.15,0.015,0.0027397260273972603,-1.0,-3.0,10.0,18.0,20,6,60,0.2
1785.0,52551.0,10930.0,0.15,0.015,0.0027397260273972603,-1.0,-3.0,10.0,18.0,20,6,60,0.2
1786.0,41359.0,95138.0,0.15,0.015,0.0027397260273972603,-1.0,-3.0,10.0,18.0,20,6,60,0.2
1787.0,85929.0,11810.0,0.15,0.015,0.0027397260273972603,-1.0,-3.0,10.0,18.0,20,6,60,0.2
1788.0,88975.0,66390.0,0.15,0.015,0.0027397260273972603,-1.0,-3.0,10.0,18.0,20,6,60,0.2
1789.0,16381.0,40786.0,0.15,0.015,0.0027397260273972603,-1.0,-3.0,10.0,18.0,20,6,60,0.2
1790.0,63305.0,10572.0,0.15,0.015,0.0027397260273972603,-1.0,-3.0,10.0,18.0,20,6,60,0.2
1791.0,2987.0,51586.0,0.15,0.015,0.0027397260273972603,-1.0,-3.0,10.0,18.0,20,6,60,0.2
1792.0,42425.0,45910.0,0.15,0.015,0.0027397260273972603,-1.0,-3.0,10.0,18.0,20,6,60,0.2
1793.0,14227.0,37998.0,0.15,0.015,0.0027397260273972603,-1.0,-3.0,10.0,18.0,20,6,60,0.2
1794.0,80120.0,33518.0,0.15,0.015,0.0027397260273972603,-1.0,-3.0,10.0,18.0,20,6,60,0.2
1795.0,40034.0,72992.0,0.15,0.015,0.0027397260273972603,-1.0,-3.0,10.0,18.0,20,6,60,0.2
1796.0,86219.0,64372.0,0.15,0.015,0.0027397260273972603,-1.0,-3.0,10.0,18.0,20,6,60,0.2
1797.0,39651.0,44002.0,0.15,0.015,0.0027397260273972603,-1.0,-3.0,10.0,18.0,20,6,60,0.2
1798.0,82932.0,96331.0,0.15,0.015,0.0027397260273972603,-1.0,-3.0,10.0,18.0,20,6,60,0.2
1799.0,89599.0,25173.0,0.15,0.015,0.0027397260273972603,-1.0,-3.0,10.0,18.0,20,6,60,0.2
1800.0,40808.0,13997.0,0.15,0.015,0.0027397260273972603,-1.0,-3.0,10.0,20.0,20,6,60,0.2
1801.0,80692.0,2866.0,0.15,0.015,0.0027397260273972603,-1.0,-3.0,10.0,20.0,20,6,60,0.2
1802.0,48631.0,96659.0,0.15,0.015,0.0027397260273972603,-1.0,-3.0,10.0,20.0,20,6,60,0.2
1803.0,66383.0,23318.0,0.15,0.015,0.0027397260273972603,-1.0,-3.0,10.0,20.0,20,6,60,0.2
1804.0,15128.0,33393.0,0.15,0.015,0.0027397260273972603,-1.0,-3.0,10.0,20.0,20,6,60,0.2
1805.0,64222.0,24884.0,0.15,0.015,0.0027397260273972603,-1.0,-3.0,10.0,20.0,20,6,60,0.2
1806.0,92351.0,51852.0,0.15,0.015,0.0027397260273972603,-1.0,-3.0,10.0,20.0,20,6,60,0.2
1807.0,39430.0,18645.0,0.15,0.015,0.0027397260273972603,-1.0,-3.0,10.0,20.0,20,6,60,0.2
1808.0,10831.0,21359.0,0.15,0.015,0.0027397260273972603,-1.0,-3.0,10.0,20.0,20,6,60,0.2
1809.0,89767.0,79016.0,0.15,0.015,0.0027397260273972603,-1.0,-3.0,10.0,20.0,20,6,60,0.2
1810.0,26876.0,35628.0,0.15,0.015,0.0027397260273972603,-1.0,-3.0,10.0,20.0,20,6,60,0.2
1811.0,99104.0,10279.0,0.15,0.015,0.0027397260273972603,-1.0,-3.0,10.0,20.0,20,6,60,0.2
1812.0,28930.0,70043.0,0.15,0.015,0.0027397260273972603,-1.0,-3.0,10.0,20.0,20,6,60,0.2
1813.0,48084.0,52567.0,0.15,0.015,0.0027397260273972603,-1.0,-3.0,10.0,20.0,20,6,60,0.2
1814.0,22191.0,96958.0,0.15,0.015,0.0027397260273972603,-1.0,-3.0,10.0,20.0,20,6,60,0.2
1815.0,23649.0,96586.0,0.15,0.015,0.0027397260273972603,-1.0,-3.0,10.0,20.0,20,6,60,0.2
1816.0,92418.0,35495.0,0.15,0.015,0.0027397260273972603,-1.0,-3.0,10.0,20.0,20,6,60,0.2
1817.0,35631.0,27183.0,0.15,0.015,0.0027397260273972603,-1.0,-3.0,10.0,20.0,20,6,60,0.2
1818.0,26820.0,19499.0,0.15,0.015,0.0027397260273972603,-1.0,-3.0,10.0,20.0,20,6,60,0.2
1819.0,37013.0,89786.0,0.15,0.015,0.0027397260273972603,-1.0,-3.0,10.0,20.0,20,6,60,0.2
1820.0,17861.0,91206.0,0.15,0.015,0.0027397260273972603,-1.0,-3.0,10.0,20.0,20,6,60,0.2
1821.0,73434.0,61986.0,0.15,0.015,0.0027397260273972603,-1.0,-3.0,10.0,20.0,20,6,60,0.2
1822.0,41794.0,88494.0,0.15,0.015,0.0027397260273972603,-1.0,-3.0,10.0,20.0,20,6,60,0.2
1823.0,28690.0,48472.0,0.15,0.015,0.0027397260273972603,-1.0,-3.0,10.0,20.0,20,6,60,0.2
1824.0,19391.0,39229.0,0.15,0.015,0.0027397260273972603,-1.0,-3.0,10.0,20.0,20,6,60,0.2
1825.0,74080.0,53073.0,0.15,0.015,0.0027397260273972603,-1.0,-3.0,10.0,20.0,20,6,60,0.2
1826.0,29685.0,25120.0,0.15,0.015,0.0027397260273972603,-1.0,-3.0,10.0,20.0,20,6,60,0.2
1827.0,17554.0,52154.0,0.15,0.015,0.0027397260273972603,-1.0,-3.0,10.0,20.0,20,6,60,0.2
1828.0,82650.0,70225.0,0.15,0.015,0.0027397260273972603,-1.0,-3.0,10.0,20.0,20,6,60,0.2
1829.0,22519.0,53456.0,0.15,0.015,0.0027397260273972603,-1.0,-3.0,10.0,20.0,20,6,60,0.2
1830.0,78615.0,426.0,0.15,0.015,0.0027397260273972603,-1.0,-3.0,10.0,20.0,20,6,60,0.2
1831.0,48966.0,86958.0,0.15,0.015,0.0027397260273972603,-1.0,-3.0,10.0,20.0,20,6,60,0.2
1832.0,96677.0,85075.0,0.15,0.015,0.0027397260273972603,-1.0,-3.0,10.0,20.0,20,6,60,0.2
1833.0,13855.0,55546.0,0.15,0.015,0.0027397260273972603,-1.0,-3.0,10.0,20.0,20,6,60,0.2
1834.0,93825.0,21519.0,0.15,0.015,0.0027397260273972603,-1.0,-3.0,10.0,20.0,20,6,60,0.2
1835.0,57291.0,68061.0,0.15,0.015,0.0027397260273972603,-1.0,-3.0,10.0,20.0,20,6,60,0.2
1836.0,21102.0,9523.0,0.15,0.015,0.0027397260273972603,-1.0,-3.0,10.0,20.0,20,6,60,0.2
1837.0,19666.0,53519.0,0.15,0.015,0.0027397260273972603,-1.0,-3.0,10.0,20.0,20,6,60,0.2
1838.0,56015.0,88481.0,0.15,0.015,0.0027397260273972603,-1.0,-3.0,10.0,20.0,20,6,60,0.2
1839.0,28066.0,9922.0,0.15,0.015,0.0027397260273972603,-1.0,-3.0,10.0,20.0,20,6,60,0.2
1840.0,43795.0,41006.0,0.15,0.015,0.0027397260273972603,-1.0,-3.0,10.0,20.0,20,6,60,0.2
1841.0,13646.0,61029.0,0.15,0.015,0.0027397260273972603,-1.0,-3.0,10.0,20.0,20,6,60,0.2
1842.0,72255.0,86327.0,0.15,0.015,0.0027397260273972603,-1.0,-3.0,10.0,20.0,20,6,60,0.2
1843.0,82152.0,58240.0,0.15,0.015,0.0027397260273972603,-1.0,-3.0,10.0,20.0,20,6,60,0.2
1844.0,79230.0,7371.0,0.15,0.015,0.0027397260273972603,-1.0,-3.0,10.0,20.0,20,6,60,0.2
1845.0,31409.0,71366.0,0.15,0.015,0.0027397260273972603,-1.0,-3.0,10.0,20.0,20,6,60,0.2
1846.0,5843.0,17085.0,0.15,0.015,0.0027397260273972603,-1.0,-3.0,10.0,20.0,20,6,60,0.2
1847.0,31067.0,43703.0,0.15,0.015,0.0027397260273972603,-1.0,-3.0,10.0,20.0,20,6,60,0.2
1848.0,60469.0,18441.0,0.15,0.015,0.0027397260273972603,-1.0,-3.0,10.0,20.0,20,6,60,0.2
1849.0,17850.0,13822.0,0.15,0.015,0.0027397260273972603,-1.0,-3.0,10.0,20.0,20,6,60,0.2
1850.0,98191.0,19910.0,0.15,0.015,0.0027397260273972603,-1.0,-3.0,10.0,20.0,20,6,60,0.2
1851.0,66226.0,36046.0,0.15,0.015,0.0027397260273972603,-1.0,-3.0,10.0,20.0,20,6,60,0.2
1852.0,61759.0,66696.0,0.15,0.015,0.0027397260273972603,-1.0,-3.0,10.0,20.0,20,6,60,0.2
1853.0,74276.0,71195.0,0.15,0.015,0.0027397260273972603,-1.0,-3.0,10.0,20.0,20,6,60,0.2
1854.0,29878.0,88679.0,0.15,0.015,0.0027397260273972603,-1.0,-3.0,10.0,20.0,20,6,60,0.2
1855.0,14930.0,70364.0,0.15,0.015,0.0027397260273972603,-1.0,-3.0,10.0,20.0,20,6,60,0.2
1856.0,49640.0,16758.0,0.15,0.015,0.0027397260273972603,-1.0,-3.0,10.0,20.0,20,6,60,0.2
1857.0,61652.0,65576.0,0.15,0.015,0.0027397260273972603,-1.0,-3.0,10.0,20.0,20,6,60,0.2
1858.0,30755.0,80364.0,0.15,0.015,0.0027397260273972603,-1.0,-3.0,10.0,20.0,20,6,60,0.2
1859.0,73727.0,95092.0,0.15,0.015,0.0027397260273972603,-1.0,-3.0,10.0,20.0,20,6,60,0.2
1860.0,31838.0,14337.0,0.15,0.015,0.0027397260273972603,-1.0,-3.0,10.0,20.0,20,6,60,0.2
1861.0,21781.0,26574.0,0.15,0.015,0.0027397260273972603,-1.0,-3.0,10.0,20.0,20,6,60,0.2
1862.0,93156.0,40519.0,0.15,0.015,0.0027397260273972603,-1.0,-3.0,10.0,20.0,20,6,60,0.2
1863.0,35595.0,54529.0,0.15,0.015,0.0027397260273972603,-1.0,-3.0,10.0,20.0,20,6,60,0.2
1864.0,33839.0,54056.0,0.15,0.015,0.0027397260273972603,-1.0,-3.0,10.0,20.0,20,6,60,0.2
1865.0,80319.0,17785.0,0.15,0.015,0.0027397260273972603,-1.0,-3.0,10.0,20.0,20,6,60,0.2
1866.0,31533.0,85396.0,0.15,0.015,0.0027397260273972603,-1.0,-3.0,10.0,20.0,20,6,60,0.2
1867.0,20823.0,41592.0,0.15,0.015,0.0027397260273972603,-1.0,-3.0,10.0,20.0,20,6,60,0.2
1868.0,39739.0,69816.0,0.15,0.015,0.0027397260273972603,-1.0,-3.0,10.0,20.0,20,6,60,0.2
1869.0,46368.0,18200.0,0.15,0.015,0.0027397260273972603,-1.0,-3.0,10.0,20.0,20,6,60,0.2
1870.0,9618.0,1565.0,0.15,0.015,0.0027397260273972603,-1.0,-3.0,10.0,20.0,20,6,60,0.2
1871.0,46039.0,80010.0,0.15,0.015,0.0027397260273972603,-1.0,-3.0,10.0,20.0,20,6,60,0.2
1872.0,50100.0,14991.0,0.15,0.015,0.0027397260273972603,-1.0,-3.0,10.0,20.0,20,6,60,0.2
1873.0,26284.0,20667.0,0.15,0.015,0.0027397260273972603,-1.0,-3.0,10.0,20.0,20,6,60,0.2
1874.0,167.0,58427.0,0.15,0.015,0.0027397260273972603,-1.0,-3.0,10.0,20.0,20,6,60,0.2
1875.0,77123.0,25965.0,0.15,0.015,0.0027397260273972603,-1.0,-3.0,10.0,20.0,20,6,60,0.2
1876.0,434.0,80938.0,0.15,0.015,0.0027397260273972603,-1.0,-3.0,10.0,20.0,20,6,60,0.2
1877.0,56862.0,76239.0,0.15,0.015,0.0027397260273972603,-1.0,-3.0,10.0,20.0,20,6,60,0.2
1878.0,25887.0,3167.0,0.15,0.015,0.0027397260273972603,-1.0,-3.0,10.0,20.0,20,6,60,0.2
1879.0,13520.0,7280.0,0.15,0.015,0.0027397260273972603,-1.0,-3.0,10.0,20.0,20,6,60,0.2
1880.0,49901.0,11368.0,0.15,0.015,0.0027397260273972603,-1.0,-3.0,10.0,20.0,20,6,60,0.2
1881.0,99381.0,14158.0,0.15,0.015,0.0027397260273972603,-1.0,-3.0,10.0,20.0,20,6,60,0.2
1882.0,73741.0,26915.0,0.15,0.015,0.0027397260273972603,-1.0,-3.0,10.0,20.0,20,6,60,0.2
1883.0,60611.0,5522.0,0.15,0.015,0.0027397260273972603,-1.0,-3.0,10.0,20.0,20,6,60,0.2
1884.0,75959.0,47609.0,0.15,0.015,0.0027397260273972603,-1.0,-3.0,10.0,20.0,20,6,60,0.2
1885.0,52551.0,10930.0,0.15,0.015,0.0027397260273972603,-1.0,-3.0,10.0,20.0,20,6,60,0.2
1886.0,41359.0,95138.0,0.15,0.015,0.0027397260273972603,-1.0,-3.0,10.0,20.0,20,6,60,0.2
1887.0,85929.0,11810.0,0.15,0.015,0.0027397260273972603,-1.0,-3.0,10.0,20.0,20,6,60,0.2
1888.0,88975.0,66390.0,0.15,0.015,0.0027397260273972603,-1.0,-3.0,10.0,20.0,20,6,60,0.2
1889.0,16381.0,40786.0,0.15,0.015,0.0027397260273972603,-1.0,-3.0,10.0,20.0,20,6,60,0.2
1890.0,63305.0,10572.0,0.15,0.015,0.0027397260273972603,-1.0,-3.0,10.0,20.0,20,6,60,0.2
1891.0,2987.0,51586.0,0.15,0.015,0.0027397260273972603,-1.0,-3.0,10.0,20.0,20,6,60,0.2
1892.0,42425.0,45910.0,0.15,0.015,0.0027397260273972603,-1.0,-3.0,10.0,20.0,20,6,60,0.2
1893.0,14227.0,37998.0,0.15,0.015,0.0027397260273972603,-1.0,-3.0,10.0,20.0,20,6,60,0.2
1894.0,80120.0,33518.0,0.15,0.015,0.0027397260273972603,-1.0,-3.0,10.0,20.0,20,6,60,0.2
1895.0,40034.0,72992.0,0.15,0.015,0.0027397260273972603,-1.0,-3.0,10.0,20.0,20,6,60,0.2
1896.0,86219.0,64372.0,0.15,0.015,0.0027397260273972603,-1.0,-3.0,10.0,20.0,20,6,60,0.2
1897.0,39651.0,44002.0,0.15,0.015,0.0027397260273972603,-1.0,-3.0,10.0,20.0,20,6,60,0.2
1898.0,82932.0,96331.0,0.15,0.015,0.0027397260273972603,-1.0,-3.0,10.0,20.0,20,6,60,0.2
1899.0,89599.0,25173.0,0.15,0.015,0.0027397260273972603,-1.0,-3.0,10.0,20.0,20,6,60,0.2
