ID,simSEED,sampleSEED,rms,noiseSIGMA,bendfreq,lowalpha,highalpha,sharpness,WINDOWwidth,NightsperWINDOW,OBSperiod,NumofWINDOW,dataLOSSfrac
1000.0,79870.0,90643.0,0.15,0.015,0.0027397260273972603,-1.0,-3.0,10.0,60.0,40,12,6,0.2
1001.0,76821.0,59063.0,0.15,0.015,0.0027397260273972603,-1.0,-3.0,10.0,60.0,40,12,6,0.2
1002.0,63261.0,90243.0,0.15,0.015,0.0027397260273972603,-1.0,-3.0,10.0,60.0,40,12,6,0.2
1003.0,15254.0,41296.0,0.15,0.015,0.0027397260273972603,-1.0,-3.0,10.0,60.0,40,12,6,0.2
1004.0,45600.0,88361.0,0.15,0.015,0.0027397260273972603,-1.0,-3.0,10.0,60.0,40,12,6,0.2
1005.0,79093.0,14154.0,0.15,0.015,0.0027397260273972603,-1.0,-3.0,10.0,60.0,40,12,6,0.2
1006.0,66442.0,72414.0,0.15,0.015,0.0027397260273972603,-1.0,-3.0,10.0,60.0,40,12,6,0.2
1007.0,96531.0,60974.0,0.15,0.015,0.0027397260273972603,-1.0,-3.0,10.0,60.0,40,12,6,0.2
1008.0,53021.0,75259.0,0.15,0.015,0.0027397260273972603,-1.0,-3.0,10.0,60.0,40,12,6,0.2
1009.0,52262.0,30050.0,0.15,0.015,0.0027397260273972603,-1.0,-3.0,10.0,60.0,40,12,6,0.2
1010.0,41807.0,49278.0,0.15,0.015,0.0027397260273972603,-1.0,-3.0,10.0,60.0,40,12,6,0.2
1011.0,64199.0,68413.0,0.15,0.015,0.0027397260273972603,-1.0,-3.0,10.0,60.0,40,12,6,0.2
1012.0,76948.0,76540.0,0.15,0.015,0.0027397260273972603,-1.0,-3.0,10.0,60.0,40,12,6,0.2
1013.0,54877.0,90451.0,0.15,0.015,0.0027397260273972603,-1.0,-3.0,10.0,60.0,40,12,6,0.2
1014.0,63559.0,90225.0,0.15,0.015,0.0027397260273972603,-1.0,-3.0,10.0,60.0,40,12,6,0.2
1015.0,96684.0,5104.0,0.15,0.015,0.0027397260273972603,-1.0,-3.0,10.0,60.0,40,12,6,0.2
1016.0,69760.0,82587.0,0.15,0.015,0.0027397260273972603,-1.0,-3.0,10.0,60.0,40,12,6,0.2
1017.0,20946.0,22848.0,0.15,0.015,0.0027397260273972603,-1.0,-3.0,10.0,60.0,40,12,6,0.2
1018.0,77916.0,87429.0,0.15,0.015,0.0027397260273972603,-1.0,-3.0,10.0,60.0,40,12,6,0.2
1019.0,81295.0,29734.0,0.15,0.015,0.0027397260273972603,-1.0,-3.0,10.0,60.0,40,12,6,0.2
1020.0,65718.0,10479.0,0.15,0.015,0.0027397260273972603,-1.0,-3.0,10.0,60.0,40,12,6,0.2
1021.0,64573.0,7752.0,0.15,0.015,0.0027397260273972603,-1.0,-3.0,10.0,60.0,40,12,6,0.2
1022.0,32801.0,92505.0,0.15,0.015,0.0027397260273972603,-1.0,-3.0,10.0,60.0,40,12,6,0.2
1023.0,8540.0,2193.0,0.15,0.015,0.0027397260273972603,-1.0,-3.0,10.0,60.0,40,12,6,0.2
1024.0,85306.0,35249.0,0.15,0.015,0.0027397260273972603,-1.0,-3.0,10.0,60.0,40,12,6,0.2
1025.0,1762.0,70276.0,0.15,0.015,0.0027397260273972603,-1.0,-3.0,10.0,60.0,40,12,6,0.2
1026.0,60408.0,22576.0,0.15,0.015,0.0027397260273972603,-1.0,-3.0,10.0,60.0,40,12,6,0.2
1027.0,49753.0,29642.0,0.15,0.015,0.0027397260273972603,-1.0,-3.0,10.0,60.0,40,12,6,0.2
1028.0,26602.0,14116.0,0.15,0.015,0.0027397260273972603,-1.0,-3.0,10.0,60.0,40,12,6,0.2
1029.0,67873.0,89972.0,0.15,0.015,0.0027397260273972603,-1.0,-3.0,10.0,60.0,40,12,6,0.2
1030.0,19181.0,2252.0,0.15,0.015,0.0027397260273972603,-1.0,-3.0,10.0,60.0,40,12,6,0.2
1031.0,44543.0,36678.0,0.15,0.015,0.0027397260273972603,-1.0,-3.0,10.0,60.0,40,12,6,0.2
1032.0,89813.0,93741.0,0.15,0.015,0.0027397260273972603,-1.0,-3.0,10.0,60.0,40,12,6,0.2
1033.0,84620.0,20194.0,0.15,0.015,0.0027397260273972603,-1.0,-3.0,10.0,60.0,40,12,6,0.2
1034.0,71620.0,64627.0,0.15,0.015,0.0027397260273972603,-1.0,-3.0,10.0,60.0,40,12,6,0.2
1035.0,72294.0,24571.0,0.15,0.015,0.0027397260273972603,-1.0,-3.0,10.0,60.0,40,12,6,0.2
1036.0,19354.0,76062.0,0.15,0.015,0.0027397260273972603,-1.0,-3.0,10.0,60.0,40,12,6,0.2
1037.0,2692.0,42877.0,0.15,0.015,0.0027397260273972603,-1.0,-3.0,10.0,60.0,40,12,6,0.2
1038.0,16073.0,32983.0,0.15,0.015,0.0027397260273972603,-1.0,-3.0,10.0,60.0,40,12,6,0.2
1039.0,75403.0,49674.0,0.15,0.015,0.0027397260273972603,-1.0,-3.0,10.0,60.0,40,12,6,0.2
1040.0,16424.0,42774.0,0.15,0.015,0.0027397260273972603,-1.0,-3.0,10.0,60.0,40,12,6,0.2
1041.0,92901.0,45913.0,0.15,0.015,0.0027397260273972603,-1.0,-3.0,10.0,60.0,40,12,6,0.2
1042.0,84406.0,33642.0,0.15,0.015,0.0027397260273972603,-1.0,-3.0,10.0,60.0,40,12,6,0.2
1043.0,22365.0,64397.0,0.15,0.015,0.0027397260273972603,-1.0,-3.0,10.0,60.0,40,12,6,0.2
1044.0,904.0,67654.0,0.15,0.015,0.0027397260273972603,-1.0,-3.0,10.0,60.0,40,12,6,0.2
1045.0,80377.0,65693.0,0.15,0.015,0.0027397260273972603,-1.0,-3.0,10.0,60.0,40,12,6,0.2
1046.0,70439.0,38018.0,0.15,0.015,0.0027397260273972603,-1.0,-3.0,10.0,60.0,40,12,6,0.2
1047.0,70655.0,12808.0,0.15,0.015,0.0027397260273972603,-1.0,-3.0,10.0,60.0,40,12,6,0.2
1048.0,4545.0,17949.0,0.15,0.015,0.0027397260273972603,-1.0,-3.0,10.0,60.0,40,12,6,0.2
1049.0,79224.0,83071.0,0.15,0.015,0.0027397260273972603,-1.0,-3.0,10.0,60.0,40,12,6,0.2
1050.0,36984.0,32984.0,0.15,0.015,0.0027397260273972603,-1.0,-3.0,10.0,60.0,40,12,6,0.2
1051.0,82859.0,64727.0,0.15,0.015,0.0027397260273972603,-1.0,-3.0,10.0,60.0,40,12,6,0.2
1052.0,74745.0,99001.0,0.15,0.015,0.0027397260273972603,-1.0,-3.0,10.0,60.0,40,12,6,0.2
1053.0,60417.0,72850.0,0.15,0.015,0.0027397260273972603,-1.0,-3.0,10.0,60.0,40,12,6,0.2
1054.0,136.0,87201.0,0.15,0.015,0.0027397260273972603,-1.0,-3.0,10.0,60.0,40,12,6,0.2
1055.0,35944.0,59765.0,0.15,0.015,0.0027397260273972603,-1.0,-3.0,10.0,60.0,40,12,6,0.2
1056.0,4553.0,54242.0,0.15,0.015,0.0027397260273972603,-1.0,-3.0,10.0,60.0,40,12,6,0.2
1057.0,15189.0,25260.0,0.15,0.015,0.0027397260273972603,-1.0,-3.0,10.0,60.0,40,12,6,0.2
1058.0,56904.0,76883.0,0.15,0.015,0.0027397260273972603,-1.0,-3.0,10.0,60.0,40,12,6,0.2
1059.0,12738.0,15341.0,0.15,0.015,0.0027397260273972603,-1.0,-3.0,10.0,60.0,40,12,6,0.2
1060.0,39149.0,53939.0,0.15,0.015,0.0027397260273972603,-1.0,-3.0,10.0,60.0,40,12,6,0.2
1061.0,14055.0,9579.0,0.15,0.015,0.0027397260273972603,-1.0,-3.0,10.0,60.0,40,12,6,0.2
1062.0,55175.0,91293.0,0.15,0.015,0.0027397260273972603,-1.0,-3.0,10.0,60.0,40,12,6,0.2
1063.0,90206.0,75100.0,0.15,0.015,0.0027397260273972603,-1.0,-3.0,10.0,60.0,40,12,6,0.2
1064.0,48769.0,51319.0,0.15,0.015,0.0027397260273972603,-1.0,-3.0,10.0,60.0,40,12,6,0.2
1065.0,12081.0,97325.0,0.15,0.015,0.0027397260273972603,-1.0,-3.0,10.0,60.0,40,12,6,0.2
1066.0,28062.0,90267.0,0.15,0.015,0.0027397260273972603,-1.0,-3.0,10.0,60.0,40,12,6,0.2
1067.0,93151.0,55333.0,0.15,0.015,0.0027397260273972603,-1.0,-3.0,10.0,60.0,40,12,6,0.2
1068.0,68747.0,65196.0,0.15,0.015,0.0027397260273972603,-1.0,-3.0,10.0,60.0,40,12,6,0.2
1069.0,11877.0,8644.0,0.15,0.015,0.0027397260273972603,-1.0,-3.0,10.0,60.0,40,12,6,0.2
1070.0,25051.0,94464.0,0.15,0.015,0.0027397260273972603,-1.0,-3.0,10.0,60.0,40,12,6,0.2
1071.0,6375.0,47050.0,0.15,0.015,0.0027397260273972603,-1.0,-3.0,10.0,60.0,40,12,6,0.2
1072.0,22852.0,84002.0,0.15,0.015,0.0027397260273972603,-1.0,-3.0,10.0,60.0,40,12,6,0.2
1073.0,77977.0,22312.0,0.15,0.015,0.0027397260273972603,-1.0,-3.0,10.0,60.0,40,12,6,0.2
1074.0,44187.0,76023.0,0.15,0.015,0.0027397260273972603,-1.0,-3.0,10.0,60.0,40,12,6,0.2
1075.0,39825.0,21856.0,0.15,0.015,0.0027397260273972603,-1.0,-3.0,10.0,60.0,40,12,6,0.2
1076.0,46075.0,53800.0,0.15,0.015,0.0027397260273972603,-1.0,-3.0,10.0,60.0,40,12,6,0.2
1077.0,38119.0,24991.0,0.15,0.015,0.0027397260273972603,-1.0,-3.0,10.0,60.0,40,12,6,0.2
1078.0,47274.0,24488.0,0.15,0.015,0.0027397260273972603,-1.0,-3.0,10.0,60.0,40,12,6,0.2
1079.0,41094.0,4539.0,0.15,0.015,0.0027397260273972603,-1.0,-3.0,10.0,60.0,40,12,6,0.2
1080.0,39367.0,77825.0,0.15,0.015,0.0027397260273972603,-1.0,-3.0,10.0,60.0,40,12,6,0.2
1081.0,80264.0,28311.0,0.15,0.015,0.0027397260273972603,-1.0,-3.0,10.0,60.0,40,12,6,0.2
1082.0,96044.0,38569.0,0.15,0.015,0.0027397260273972603,-1.0,-3.0,10.0,60.0,40,12,6,0.2
1083.0,28443.0,3256.0,0.15,0.015,0.0027397260273972603,-1.0,-3.0,10.0,60.0,40,12,6,0.2
1084.0,4984.0,52227.0,0.15,0.015,0.0027397260273972603,-1.0,-3.0,10.0,60.0,40,12,6,0.2
1085.0,74756.0,80797.0,0.15,0.015,0.0027397260273972603,-1.0,-3.0,10.0,60.0,40,12,6,0.2
1086.0,42350.0,42692.0,0.15,0.015,0.0027397260273972603,-1.0,-3.0,10.0,60.0,40,12,6,0.2
1087.0,35335.0,78507.0,0.15,0.015,0.0027397260273972603,-1.0,-3.0,10.0,60.0,40,12,6,0.2
1088.0,43823.0,9997.0,0.15,0.015,0.0027397260273972603,-1.0,-3.0,10.0,60.0,40,12,6,0.2
1089.0,34708.0,94457.0,0.15,0.015,0.0027397260273972603,-1.0,-3.0,10.0,60.0,40,12,6,0.2
1090.0,53783.0,26395.0,0.15,0.015,0.0027397260273972603,-1.0,-3.0,10.0,60.0,40,12,6,0.2
1091.0,84963.0,96058.0,0.15,0.015,0.0027397260273972603,-1.0,-3.0,10.0,60.0,40,12,6,0.2
1092.0,55333.0,19532.0,0.15,0.015,0.0027397260273972603,-1.0,-3.0,10.0,60.0,40,12,6,0.2
1093.0,35684.0,96749.0,0.15,0.015,0.0027397260273972603,-1.0,-3.0,10.0,60.0,40,12,6,0.2
1094.0,19275.0,66551.0,0.15,0.015,0.0027397260273972603,-1.0,-3.0,10.0,60.0,40,12,6,0.2
1095.0,37550.0,91656.0,0.15,0.015,0.0027397260273972603,-1.0,-3.0,10.0,60.0,40,12,6,0.2
1096.0,10109.0,11015.0,0.15,0.015,0.0027397260273972603,-1.0,-3.0,10.0,60.0,40,12,6,0.2
1097.0,73695.0,23672.0,0.15,0.015,0.0027397260273972603,-1.0,-3.0,10.0,60.0,40,12,6,0.2
1098.0,64852.0,69351.0,0.15,0.015,0.0027397260273972603,-1.0,-3.0,10.0,60.0,40,12,6,0.2
1099.0,82612.0,1534.0,0.15,0.015,0.0027397260273972603,-1.0,-3.0,10.0,60.0,40,12,6,0.2
1100.0,79870.0,90643.0,0.15,0.015,0.0027397260273972603,-1.0,-3.0,10.0,114.0,40,12,6,0.2
1101.0,76821.0,59063.0,0.15,0.015,0.0027397260273972603,-1.0,-3.0,10.0,114.0,40,12,6,0.2
1102.0,63261.0,90243.0,0.15,0.015,0.0027397260273972603,-1.0,-3.0,10.0,114.0,40,12,6,0.2
1103.0,15254.0,41296.0,0.15,0.015,0.0027397260273972603,-1.0,-3.0,10.0,114.0,40,12,6,0.2
1104.0,45600.0,88361.0,0.15,0.015,0.0027397260273972603,-1.0,-3.0,10.0,114.0,40,12,6,0.2
1105.0,79093.0,14154.0,0.15,0.015,0.0027397260273972603,-1.0,-3.0,10.0,114.0,40,12,6,0.2
1106.0,66442.0,72414.0,0.15,0.015,0.0027397260273972603,-1.0,-3.0,10.0,114.0,40,12,6,0.2
1107.0,96531.0,60974.0,0.15,0.015,0.0027397260273972603,-1.0,-3.0,10.0,114.0,40,12,6,0.2
1108.0,53021.0,75259.0,0.15,0.015,0.0027397260273972603,-1.0,-3.0,10.0,114.0,40,12,6,0.2
1109.0,52262.0,30050.0,0.15,0.015,0.0027397260273972603,-1.0,-3.0,10.0,114.0,40,12,6,0.2
1110.0,41807.0,49278.0,0.15,0.015,0.0027397260273972603,-1.0,-3.0,10.0,114.0,40,12,6,0.2
1111.0,64199.0,68413.0,0.15,0.015,0.0027397260273972603,-1.0,-3.0,10.0,114.0,40,12,6,0.2
1112.0,76948.0,76540.0,0.15,0.015,0.0027397260273972603,-1.0,-3.0,10.0,114.0,40,12,6,0.2
1113.0,54877.0,90451.0,0.15,0.015,0.0027397260273972603,-1.0,-3.0,10.0,114.0,40,12,6,0.2
1114.0,63559.0,90225.0,0.15,0.015,0.0027397260273972603,-1.0,-3.0,10.0,114.0,40,12,6,0.2
1115.0,96684.0,5104.0,0.15,0.015,0.0027397260273972603,-1.0,-3.0,10.0,114.0,40,12,6,0.2
1116.0,69760.0,82587.0,0.15,0.015,0.0027397260273972603,-1.0,-3.0,10.0,114.0,40,12,6,0.2
1117.0,20946.0,22848.0,0.15,0.015,0.0027397260273972603,-1.0,-3.0,10.0,114.0,40,12,6,0.2
1118.0,77916.0,87429.0,0.15,0.015,0.0027397260273972603,-1.0,-3.0,10.0,114.0,40,12,6,0.2
1119.0,81295.0,29734.0,0.15,0.015,0.0027397260273972603,-1.0,-3.0,10.0,114.0,40,12,6,0.2
1120.0,65718.0,10479.0,0.15,0.015,0.0027397260273972603,-1.0,-3.0,10.0,114.0,40,12,6,0.2
1121.0,64573.0,7752.0,0.15,0.015,0.0027397260273972603,-1.0,-3.0,10.0,114.0,40,12,6,0.2
1122.0,32801.0,92505.0,0.15,0.015,0.0027397260273972603,-1.0,-3.0,10.0,114.0,40,12,6,0.2
1123.0,8540.0,2193.0,0.15,0.015,0.0027397260273972603,-1.0,-3.0,10.0,114.0,40,12,6,0.2
1124.0,85306.0,35249.0,0.15,0.015,0.0027397260273972603,-1.0,-3.0,10.0,114.0,40,12,6,0.2
1125.0,1762.0,70276.0,0.15,0.015,0.0027397260273972603,-1.0,-3.0,10.0,114.0,40,12,6,0.2
1126.0,60408.0,22576.0,0.15,0.015,0.0027397260273972603,-1.0,-3.0,10.0,114.0,40,12,6,0.2
1127.0,49753.0,29642.0,0.15,0.015,0.0027397260273972603,-1.0,-3.0,10.0,114.0,40,12,6,0.2
1128.0,26602.0,14116.0,0.15,0.015,0.0027397260273972603,-1.0,-3.0,10.0,114.0,40,12,6,0.2
1129.0,67873.0,89972.0,0.15,0.015,0.0027397260273972603,-1.0,-3.0,10.0,114.0,40,12,6,0.2
1130.0,19181.0,2252.0,0.15,0.015,0.0027397260273972603,-1.0,-3.0,10.0,114.0,40,12,6,0.2
1131.0,44543.0,36678.0,0.15,0.015,0.0027397260273972603,-1.0,-3.0,10.0,114.0,40,12,6,0.2
1132.0,89813.0,93741.0,0.15,0.015,0.0027397260273972603,-1.0,-3.0,10.0,114.0,40,12,6,0.2
1133.0,84620.0,20194.0,0.15,0.015,0.0027397260273972603,-1.0,-3.0,10.0,114.0,40,12,6,0.2
1134.0,71620.0,64627.0,0.15,0.015,0.0027397260273972603,-1.0,-3.0,10.0,114.0,40,12,6,0.2
1135.0,72294.0,24571.0,0.15,0.015,0.0027397260273972603,-1.0,-3.0,10.0,114.0,40,12,6,0.2
1136.0,19354.0,76062.0,0.15,0.015,0.0027397260273972603,-1.0,-3.0,10.0,114.0,40,12,6,0.2
1137.0,2692.0,42877.0,0.15,0.015,0.0027397260273972603,-1.0,-3.0,10.0,114.0,40,12,6,0.2
1138.0,16073.0,32983.0,0.15,0.015,0.0027397260273972603,-1.0,-3.0,10.0,114.0,40,12,6,0.2
1139.0,75403.0,49674.0,0.15,0.015,0.0027397260273972603,-1.0,-3.0,10.0,114.0,40,12,6,0.2
1140.0,16424.0,42774.0,0.15,0.015,0.0027397260273972603,-1.0,-3.0,10.0,114.0,40,12,6,0.2
1141.0,92901.0,45913.0,0.15,0.015,0.0027397260273972603,-1.0,-3.0,10.0,114.0,40,12,6,0.2
1142.0,84406.0,33642.0,0.15,0.015,0.0027397260273972603,-1.0,-3.0,10.0,114.0,40,12,6,0.2
1143.0,22365.0,64397.0,0.15,0.015,0.0027397260273972603,-1.0,-3.0,10.0,114.0,40,12,6,0.2
1144.0,904.0,67654.0,0.15,0.015,0.0027397260273972603,-1.0,-3.0,10.0,114.0,40,12,6,0.2
1145.0,80377.0,65693.0,0.15,0.015,0.0027397260273972603,-1.0,-3.0,10.0,114.0,40,12,6,0.2
1146.0,70439.0,38018.0,0.15,0.015,0.0027397260273972603,-1.0,-3.0,10.0,114.0,40,12,6,0.2
1147.0,70655.0,12808.0,0.15,0.015,0.0027397260273972603,-1.0,-3.0,10.0,114.0,40,12,6,0.2
1148.0,4545.0,17949.0,0.15,0.015,0.0027397260273972603,-1.0,-3.0,10.0,114.0,40,12,6,0.2
1149.0,79224.0,83071.0,0.15,0.015,0.0027397260273972603,-1.0,-3.0,10.0,114.0,40,12,6,0.2
1150.0,36984.0,32984.0,0.15,0.015,0.0027397260273972603,-1.0,-3.0,10.0,114.0,40,12,6,0.2
1151.0,82859.0,64727.0,0.15,0.015,0.0027397260273972603,-1.0,-3.0,10.0,114.0,40,12,6,0.2
1152.0,74745.0,99001.0,0.15,0.015,0.0027397260273972603,-1.0,-3.0,10.0,114.0,40,12,6,0.2
1153.0,60417.0,72850.0,0.15,0.015,0.0027397260273972603,-1.0,-3.0,10.0,114.0,40,12,6,0.2
1154.0,136.0,87201.0,0.15,0.015,0.0027397260273972603,-1.0,-3.0,10.0,114.0,40,12,6,0.2
1155.0,35944.0,59765.0,0.15,0.015,0.0027397260273972603,-1.0,-3.0,10.0,114.0,40,12,6,0.2
1156.0,4553.0,54242.0,0.15,0.015,0.0027397260273972603,-1.0,-3.0,10.0,114.0,40,12,6,0.2
1157.0,15189.0,25260.0,0.15,0.015,0.0027397260273972603,-1.0,-3.0,10.0,114.0,40,12,6,0.2
1158.0,56904.0,76883.0,0.15,0.015,0.0027397260273972603,-1.0,-3.0,10.0,114.0,40,12,6,0.2
1159.0,12738.0,15341.0,0.15,0.015,0.0027397260273972603,-1.0,-3.0,10.0,114.0,40,12,6,0.2
1160.0,39149.0,53939.0,0.15,0.015,0.0027397260273972603,-1.0,-3.0,10.0,114.0,40,12,6,0.2
1161.0,14055.0,9579.0,0.15,0.015,0.0027397260273972603,-1.0,-3.0,10.0,114.0,40,12,6,0.2
1162.0,55175.0,91293.0,0.15,0.015,0.0027397260273972603,-1.0,-3.0,10.0,114.0,40,12,6,0.2
1163.0,90206.0,75100.0,0.15,0.015,0.0027397260273972603,-1.0,-3.0,10.0,114.0,40,12,6,0.2
1164.0,48769.0,51319.0,0.15,0.015,0.0027397260273972603,-1.0,-3.0,10.0,114.0,40,12,6,0.2
1165.0,12081.0,97325.0,0.15,0.015,0.0027397260273972603,-1.0,-3.0,10.0,114.0,40,12,6,0.2
1166.0,28062.0,90267.0,0.15,0.015,0.0027397260273972603,-1.0,-3.0,10.0,114.0,40,12,6,0.2
1167.0,93151.0,55333.0,0.15,0.015,0.0027397260273972603,-1.0,-3.0,10.0,114.0,40,12,6,0.2
1168.0,68747.0,65196.0,0.15,0.015,0.0027397260273972603,-1.0,-3.0,10.0,114.0,40,12,6,0.2
1169.0,11877.0,8644.0,0.15,0.015,0.0027397260273972603,-1.0,-3.0,10.0,114.0,40,12,6,0.2
1170.0,25051.0,94464.0,0.15,0.015,0.0027397260273972603,-1.0,-3.0,10.0,114.0,40,12,6,0.2
1171.0,6375.0,47050.0,0.15,0.015,0.0027397260273972603,-1.0,-3.0,10.0,114.0,40,12,6,0.2
1172.0,22852.0,84002.0,0.15,0.015,0.0027397260273972603,-1.0,-3.0,10.0,114.0,40,12,6,0.2
1173.0,77977.0,22312.0,0.15,0.015,0.0027397260273972603,-1.0,-3.0,10.0,114.0,40,12,6,0.2
1174.0,44187.0,76023.0,0.15,0.015,0.0027397260273972603,-1.0,-3.0,10.0,114.0,40,12,6,0.2
1175.0,39825.0,21856.0,0.15,0.015,0.0027397260273972603,-1.0,-3.0,10.0,114.0,40,12,6,0.2
1176.0,46075.0,53800.0,0.15,0.015,0.0027397260273972603,-1.0,-3.0,10.0,114.0,40,12,6,0.2
1177.0,38119.0,24991.0,0.15,0.015,0.0027397260273972603,-1.0,-3.0,10.0,114.0,40,12,6,0.2
1178.0,47274.0,24488.0,0.15,0.015,0.0027397260273972603,-1.0,-3.0,10.0,114.0,40,12,6,0.2
1179.0,41094.0,4539.0,0.15,0.015,0.0027397260273972603,-1.0,-3.0,10.0,114.0,40,12,6,0.2
1180.0,39367.0,77825.0,0.15,0.015,0.0027397260273972603,-1.0,-3.0,10.0,114.0,40,12,6,0.2
1181.0,80264.0,28311.0,0.15,0.015,0.0027397260273972603,-1.0,-3.0,10.0,114.0,40,12,6,0.2
1182.0,96044.0,38569.0,0.15,0.015,0.0027397260273972603,-1.0,-3.0,10.0,114.0,40,12,6,0.2
1183.0,28443.0,3256.0,0.15,0.015,0.0027397260273972603,-1.0,-3.0,10.0,114.0,40,12,6,0.2
1184.0,4984.0,52227.0,0.15,0.015,0.0027397260273972603,-1.0,-3.0,10.0,114.0,40,12,6,0.2
1185.0,74756.0,80797.0,0.15,0.015,0.0027397260273972603,-1.0,-3.0,10.0,114.0,40,12,6,0.2
1186.0,42350.0,42692.0,0.15,0.015,0.0027397260273972603,-1.0,-3.0,10.0,114.0,40,12,6,0.2
1187.0,35335.0,78507.0,0.15,0.015,0.0027397260273972603,-1.0,-3.0,10.0,114.0,40,12,6,0.2
1188.0,43823.0,9997.0,0.15,0.015,0.0027397260273972603,-1.0,-3.0,10.0,114.0,40,12,6,0.2
1189.0,34708.0,94457.0,0.15,0.015,0.0027397260273972603,-1.0,-3.0,10.0,114.0,40,12,6,0.2
1190.0,53783.0,26395.0,0.15,0.015,0.0027397260273972603,-1.0,-3.0,10.0,114.0,40,12,6,0.2
1191.0,84963.0,96058.0,0.15,0.015,0.0027397260273972603,-1.0,-3.0,10.0,114.0,40,12,6,0.2
1192.0,55333.0,19532.0,0.15,0.015,0.0027397260273972603,-1.0,-3.0,10.0,114.0,40,12,6,0.2
1193.0,35684.0,96749.0,0.15,0.015,0.0027397260273972603,-1.0,-3.0,10.0,114.0,40,12,6,0.2
1194.0,19275.0,66551.0,0.15,0.015,0.0027397260273972603,-1.0,-3.0,10.0,114.0,40,12,6,0.2
1195.0,37550.0,91656.0,0.15,0.015,0.0027397260273972603,-1.0,-3.0,10.0,114.0,40,12,6,0.2
1196.0,10109.0,11015.0,0.15,0.015,0.0027397260273972603,-1.0,-3.0,10.0,114.0,40,12,6,0.2
1197.0,73695.0,23672.0,0.15,0.015,0.0027397260273972603,-1.0,-3.0,10.0,114.0,40,12,6,0.2
1198.0,64852.0,69351.0,0.15,0.015,0.0027397260273972603,-1.0,-3.0,10.0,114.0,40,12,6,0.2
1199.0,82612.0,1534.0,0.15,0.015,0.0027397260273972603,-1.0,-3.0,10.0,114.0,40,12,6,0.2
1200.0,79870.0,90643.0,0.15,0.015,0.0027397260273972603,-1.0,-3.0,10.0,168.0,40,12,6,0.2
1201.0,76821.0,59063.0,0.15,0.015,0.0027397260273972603,-1.0,-3.0,10.0,168.0,40,12,6,0.2
1202.0,63261.0,90243.0,0.15,0.015,0.0027397260273972603,-1.0,-3.0,10.0,168.0,40,12,6,0.2
1203.0,15254.0,41296.0,0.15,0.015,0.0027397260273972603,-1.0,-3.0,10.0,168.0,40,12,6,0.2
1204.0,45600.0,88361.0,0.15,0.015,0.0027397260273972603,-1.0,-3.0,10.0,168.0,40,12,6,0.2
1205.0,79093.0,14154.0,0.15,0.015,0.0027397260273972603,-1.0,-3.0,10.0,168.0,40,12,6,0.2
1206.0,66442.0,72414.0,0.15,0.015,0.0027397260273972603,-1.0,-3.0,10.0,168.0,40,12,6,0.2
1207.0,96531.0,60974.0,0.15,0.015,0.0027397260273972603,-1.0,-3.0,10.0,168.0,40,12,6,0.2
1208.0,53021.0,75259.0,0.15,0.015,0.0027397260273972603,-1.0,-3.0,10.0,168.0,40,12,6,0.2
1209.0,52262.0,30050.0,0.15,0.015,0.0027397260273972603,-1.0,-3.0,10.0,168.0,40,12,6,0.2
1210.0,41807.0,49278.0,0.15,0.015,0.0027397260273972603,-1.0,-3.0,10.0,168.0,40,12,6,0.2
1211.0,64199.0,68413.0,0.15,0.015,0.0027397260273972603,-1.0,-3.0,10.0,168.0,40,12,6,0.2
1212.0,76948.0,76540.0,0.15,0.015,0.0027397260273972603,-1.0,-3.0,10.0,168.0,40,12,6,0.2
1213.0,54877.0,90451.0,0.15,0.015,0.0027397260273972603,-1.0,-3.0,10.0,168.0,40,12,6,0.2
1214.0,63559.0,90225.0,0.15,0.015,0.0027397260273972603,-1.0,-3.0,10.0,168.0,40,12,6,0.2
1215.0,96684.0,5104.0,0.15,0.015,0.0027397260273972603,-1.0,-3.0,10.0,168.0,40,12,6,0.2
1216.0,69760.0,82587.0,0.15,0.015,0.0027397260273972603,-1.0,-3.0,10.0,168.0,40,12,6,0.2
1217.0,20946.0,22848.0,0.15,0.015,0.0027397260273972603,-1.0,-3.0,10.0,168.0,40,12,6,0.2
1218.0,77916.0,87429.0,0.15,0.015,0.0027397260273972603,-1.0,-3.0,10.0,168.0,40,12,6,0.2
1219.0,81295.0,29734.0,0.15,0.015,0.0027397260273972603,-1.0,-3.0,10.0,168.0,40,12,6,0.2
1220.0,65718.0,10479.0,0.15,0.015,0.0027397260273972603,-1.0,-3.0,10.0,168.0,40,12,6,0.2
1221.0,64573.0,7752.0,0.15,0.015,0.0027397260273972603,-1.0,-3.0,10.0,168.0,40,12,6,0.2
1222.0,32801.0,92505.0,0.15,0.015,0.0027397260273972603,-1.0,-3.0,10.0,168.0,40,12,6,0.2
1223.0,8540.0,2193.0,0.15,0.015,0.0027397260273972603,-1.0,-3.0,10.0,168.0,40,12,6,0.2
1224.0,85306.0,35249.0,0.15,0.015,0.0027397260273972603,-1.0,-3.0,10.0,168.0,40,12,6,0.2
1225.0,1762.0,70276.0,0.15,0.015,0.0027397260273972603,-1.0,-3.0,10.0,168.0,40,12,6,0.2
1226.0,60408.0,22576.0,0.15,0.015,0.0027397260273972603,-1.0,-3.0,10.0,168.0,40,12,6,0.2
1227.0,49753.0,29642.0,0.15,0.015,0.0027397260273972603,-1.0,-3.0,10.0,168.0,40,12,6,0.2
1228.0,26602.0,14116.0,0.15,0.015,0.0027397260273972603,-1.0,-3.0,10.0,168.0,40,12,6,0.2
1229.0,67873.0,89972.0,0.15,0.015,0.0027397260273972603,-1.0,-3.0,10.0,168.0,40,12,6,0.2
1230.0,19181.0,2252.0,0.15,0.015,0.0027397260273972603,-1.0,-3.0,10.0,168.0,40,12,6,0.2
1231.0,44543.0,36678.0,0.15,0.015,0.0027397260273972603,-1.0,-3.0,10.0,168.0,40,12,6,0.2
1232.0,89813.0,93741.0,0.15,0.015,0.0027397260273972603,-1.0,-3.0,10.0,168.0,40,12,6,0.2
1233.0,84620.0,20194.0,0.15,0.015,0.0027397260273972603,-1.0,-3.0,10.0,168.0,40,12,6,0.2
1234.0,71620.0,64627.0,0.15,0.015,0.0027397260273972603,-1.0,-3.0,10.0,168.0,40,12,6,0.2
1235.0,72294.0,24571.0,0.15,0.015,0.0027397260273972603,-1.0,-3.0,10.0,168.0,40,12,6,0.2
1236.0,19354.0,76062.0,0.15,0.015,0.0027397260273972603,-1.0,-3.0,10.0,168.0,40,12,6,0.2
1237.0,2692.0,42877.0,0.15,0.015,0.0027397260273972603,-1.0,-3.0,10.0,168.0,40,12,6,0.2
1238.0,16073.0,32983.0,0.15,0.015,0.0027397260273972603,-1.0,-3.0,10.0,168.0,40,12,6,0.2
1239.0,75403.0,49674.0,0.15,0.015,0.0027397260273972603,-1.0,-3.0,10.0,168.0,40,12,6,0.2
1240.0,16424.0,42774.0,0.15,0.015,0.0027397260273972603,-1.0,-3.0,10.0,168.0,40,12,6,0.2
1241.0,92901.0,45913.0,0.15,0.015,0.0027397260273972603,-1.0,-3.0,10.0,168.0,40,12,6,0.2
1242.0,84406.0,33642.0,0.15,0.015,0.0027397260273972603,-1.0,-3.0,10.0,168.0,40,12,6,0.2
1243.0,22365.0,64397.0,0.15,0.015,0.0027397260273972603,-1.0,-3.0,10.0,168.0,40,12,6,0.2
1244.0,904.0,67654.0,0.15,0.015,0.0027397260273972603,-1.0,-3.0,10.0,168.0,40,12,6,0.2
1245.0,80377.0,65693.0,0.15,0.015,0.0027397260273972603,-1.0,-3.0,10.0,168.0,40,12,6,0.2
1246.0,70439.0,38018.0,0.15,0.015,0.0027397260273972603,-1.0,-3.0,10.0,168.0,40,12,6,0.2
1247.0,70655.0,12808.0,0.15,0.015,0.0027397260273972603,-1.0,-3.0,10.0,168.0,40,12,6,0.2
1248.0,4545.0,17949.0,0.15,0.015,0.0027397260273972603,-1.0,-3.0,10.0,168.0,40,12,6,0.2
1249.0,79224.0,83071.0,0.15,0.015,0.0027397260273972603,-1.0,-3.0,10.0,168.0,40,12,6,0.2
1250.0,36984.0,32984.0,0.15,0.015,0.0027397260273972603,-1.0,-3.0,10.0,168.0,40,12,6,0.2
1251.0,82859.0,64727.0,0.15,0.015,0.0027397260273972603,-1.0,-3.0,10.0,168.0,40,12,6,0.2
1252.0,74745.0,99001.0,0.15,0.015,0.0027397260273972603,-1.0,-3.0,10.0,168.0,40,12,6,0.2
1253.0,60417.0,72850.0,0.15,0.015,0.0027397260273972603,-1.0,-3.0,10.0,168.0,40,12,6,0.2
1254.0,136.0,87201.0,0.15,0.015,0.0027397260273972603,-1.0,-3.0,10.0,168.0,40,12,6,0.2
1255.0,35944.0,59765.0,0.15,0.015,0.0027397260273972603,-1.0,-3.0,10.0,168.0,40,12,6,0.2
1256.0,4553.0,54242.0,0.15,0.015,0.0027397260273972603,-1.0,-3.0,10.0,168.0,40,12,6,0.2
1257.0,15189.0,25260.0,0.15,0.015,0.0027397260273972603,-1.0,-3.0,10.0,168.0,40,12,6,0.2
1258.0,56904.0,76883.0,0.15,0.015,0.0027397260273972603,-1.0,-3.0,10.0,168.0,40,12,6,0.2
1259.0,12738.0,15341.0,0.15,0.015,0.0027397260273972603,-1.0,-3.0,10.0,168.0,40,12,6,0.2
1260.0,39149.0,53939.0,0.15,0.015,0.0027397260273972603,-1.0,-3.0,10.0,168.0,40,12,6,0.2
1261.0,14055.0,9579.0,0.15,0.015,0.0027397260273972603,-1.0,-3.0,10.0,168.0,40,12,6,0.2
1262.0,55175.0,91293.0,0.15,0.015,0.0027397260273972603,-1.0,-3.0,10.0,168.0,40,12,6,0.2
1263.0,90206.0,75100.0,0.15,0.015,0.0027397260273972603,-1.0,-3.0,10.0,168.0,40,12,6,0.2
1264.0,48769.0,51319.0,0.15,0.015,0.0027397260273972603,-1.0,-3.0,10.0,168.0,40,12,6,0.2
1265.0,12081.0,97325.0,0.15,0.015,0.0027397260273972603,-1.0,-3.0,10.0,168.0,40,12,6,0.2
1266.0,28062.0,90267.0,0.15,0.015,0.0027397260273972603,-1.0,-3.0,10.0,168.0,40,12,6,0.2
1267.0,93151.0,55333.0,0.15,0.015,0.0027397260273972603,-1.0,-3.0,10.0,168.0,40,12,6,0.2
1268.0,68747.0,65196.0,0.15,0.015,0.0027397260273972603,-1.0,-3.0,10.0,168.0,40,12,6,0.2
1269.0,11877.0,8644.0,0.15,0.015,0.0027397260273972603,-1.0,-3.0,10.0,168.0,40,12,6,0.2
1270.0,25051.0,94464.0,0.15,0.015,0.0027397260273972603,-1.0,-3.0,10.0,168.0,40,12,6,0.2
1271.0,6375.0,47050.0,0.15,0.015,0.0027397260273972603,-1.0,-3.0,10.0,168.0,40,12,6,0.2
1272.0,22852.0,84002.0,0.15,0.015,0.0027397260273972603,-1.0,-3.0,10.0,168.0,40,12,6,0.2
1273.0,77977.0,22312.0,0.15,0.015,0.0027397260273972603,-1.0,-3.0,10.0,168.0,40,12,6,0.2
1274.0,44187.0,76023.0,0.15,0.015,0.0027397260273972603,-1.0,-3.0,10.0,168.0,40,12,6,0.2
1275.0,39825.0,21856.0,0.15,0.015,0.0027397260273972603,-1.0,-3.0,10.0,168.0,40,12,6,0.2
1276.0,46075.0,53800.0,0.15,0.015,0.0027397260273972603,-1.0,-3.0,10.0,168.0,40,12,6,0.2
1277.0,38119.0,24991.0,0.15,0.015,0.0027397260273972603,-1.0,-3.0,10.0,168.0,40,12,6,0.2
1278.0,47274.0,24488.0,0.15,0.015,0.0027397260273972603,-1.0,-3.0,10.0,168.0,40,12,6,0.2
1279.0,41094.0,4539.0,0.15,0.015,0.0027397260273972603,-1.0,-3.0,10.0,168.0,40,12,6,0.2
1280.0,39367.0,77825.0,0.15,0.015,0.0027397260273972603,-1.0,-3.0,10.0,168.0,40,12,6,0.2
1281.0,80264.0,28311.0,0.15,0.015,0.0027397260273972603,-1.0,-3.0,10.0,168.0,40,12,6,0.2
1282.0,96044.0,38569.0,0.15,0.015,0.0027397260273972603,-1.0,-3.0,10.0,168.0,40,12,6,0.2
1283.0,28443.0,3256.0,0.15,0.015,0.0027397260273972603,-1.0,-3.0,10.0,168.0,40,12,6,0.2
1284.0,4984.0,52227.0,0.15,0.015,0.0027397260273972603,-1.0,-3.0,10.0,168.0,40,12,6,0.2
1285.0,74756.0,80797.0,0.15,0.015,0.0027397260273972603,-1.0,-3.0,10.0,168.0,40,12,6,0.2
1286.0,42350.0,42692.0,0.15,0.015,0.0027397260273972603,-1.0,-3.0,10.0,168.0,40,12,6,0.2
1287.0,35335.0,78507.0,0.15,0.015,0.0027397260273972603,-1.0,-3.0,10.0,168.0,40,12,6,0.2
1288.0,43823.0,9997.0,0.15,0.015,0.0027397260273972603,-1.0,-3.0,10.0,168.0,40,12,6,0.2
1289.0,34708.0,94457.0,0.15,0.015,0.0027397260273972603,-1.0,-3.0,10.0,168.0,40,12,6,0.2
1290.0,53783.0,26395.0,0.15,0.015,0.0027397260273972603,-1.0,-3.0,10.0,168.0,40,12,6,0.2
1291.0,84963.0,96058.0,0.15,0.015,0.0027397260273972603,-1.0,-3.0,10.0,168.0,40,12,6,0.2
1292.0,55333.0,19532.0,0.15,0.015,0.0027397260273972603,-1.0,-3.0,10.0,168.0,40,12,6,0.2
1293.0,35684.0,96749.0,0.15,0.015,0.0027397260273972603,-1.0,-3.0,10.0,168.0,40,12,6,0.2
1294.0,19275.0,66551.0,0.15,0.015,0.0027397260273972603,-1.0,-3.0,10.0,168.0,40,12,6,0.2
1295.0,37550.0,91656.0,0.15,0.015,0.0027397260273972603,-1.0,-3.0,10.0,168.0,40,12,6,0.2
1296.0,10109.0,11015.0,0.15,0.015,0.0027397260273972603,-1.0,-3.0,10.0,168.0,40,12,6,0.2
1297.0,73695.0,23672.0,0.15,0.015,0.0027397260273972603,-1.0,-3.0,10.0,168.0,40,12,6,0.2
1298.0,64852.0,69351.0,0.15,0.015,0.0027397260273972603,-1.0,-3.0,10.0,168.0,40,12,6,0.2
1299.0,82612.0,1534.0,0.15,0.015,0.0027397260273972603,-1.0,-3.0,10.0,168.0,40,12,6,0.2
1300.0,79870.0,90643.0,0.15,0.015,0.0027397260273972603,-1.0,-3.0,10.0,222.0,40,12,6,0.2
1301.0,76821.0,59063.0,0.15,0.015,0.0027397260273972603,-1.0,-3.0,10.0,222.0,40,12,6,0.2
1302.0,63261.0,90243.0,0.15,0.015,0.0027397260273972603,-1.0,-3.0,10.0,222.0,40,12,6,0.2
1303.0,15254.0,41296.0,0.15,0.015,0.0027397260273972603,-1.0,-3.0,10.0,222.0,40,12,6,0.2
1304.0,45600.0,88361.0,0.15,0.015,0.0027397260273972603,-1.0,-3.0,10.0,222.0,40,12,6,0.2
1305.0,79093.0,14154.0,0.15,0.015,0.0027397260273972603,-1.0,-3.0,10.0,222.0,40,12,6,0.2
1306.0,66442.0,72414.0,0.15,0.015,0.0027397260273972603,-1.0,-3.0,10.0,222.0,40,12,6,0.2
1307.0,96531.0,60974.0,0.15,0.015,0.0027397260273972603,-1.0,-3.0,10.0,222.0,40,12,6,0.2
1308.0,53021.0,75259.0,0.15,0.015,0.0027397260273972603,-1.0,-3.0,10.0,222.0,40,12,6,0.2
1309.0,52262.0,30050.0,0.15,0.015,0.0027397260273972603,-1.0,-3.0,10.0,222.0,40,12,6,0.2
1310.0,41807.0,49278.0,0.15,0.015,0.0027397260273972603,-1.0,-3.0,10.0,222.0,40,12,6,0.2
1311.0,64199.0,68413.0,0.15,0.015,0.0027397260273972603,-1.0,-3.0,10.0,222.0,40,12,6,0.2
1312.0,76948.0,76540.0,0.15,0.015,0.0027397260273972603,-1.0,-3.0,10.0,222.0,40,12,6,0.2
1313.0,54877.0,90451.0,0.15,0.015,0.0027397260273972603,-1.0,-3.0,10.0,222.0,40,12,6,0.2
1314.0,63559.0,90225.0,0.15,0.015,0.0027397260273972603,-1.0,-3.0,10.0,222.0,40,12,6,0.2
1315.0,96684.0,5104.0,0.15,0.015,0.0027397260273972603,-1.0,-3.0,10.0,222.0,40,12,6,0.2
1316.0,69760.0,82587.0,0.15,0.015,0.0027397260273972603,-1.0,-3.0,10.0,222.0,40,12,6,0.2
1317.0,20946.0,22848.0,0.15,0.015,0.0027397260273972603,-1.0,-3.0,10.0,222.0,40,12,6,0.2
1318.0,77916.0,87429.0,0.15,0.015,0.0027397260273972603,-1.0,-3.0,10.0,222.0,40,12,6,0.2
1319.0,81295.0,29734.0,0.15,0.015,0.0027397260273972603,-1.0,-3.0,10.0,222.0,40,12,6,0.2
1320.0,65718.0,10479.0,0.15,0.015,0.0027397260273972603,-1.0,-3.0,10.0,222.0,40,12,6,0.2
1321.0,64573.0,7752.0,0.15,0.015,0.0027397260273972603,-1.0,-3.0,10.0,222.0,40,12,6,0.2
1322.0,32801.0,92505.0,0.15,0.015,0.0027397260273972603,-1.0,-3.0,10.0,222.0,40,12,6,0.2
1323.0,8540.0,2193.0,0.15,0.015,0.0027397260273972603,-1.0,-3.0,10.0,222.0,40,12,6,0.2
1324.0,85306.0,35249.0,0.15,0.015,0.0027397260273972603,-1.0,-3.0,10.0,222.0,40,12,6,0.2
1325.0,1762.0,70276.0,0.15,0.015,0.0027397260273972603,-1.0,-3.0,10.0,222.0,40,12,6,0.2
1326.0,60408.0,22576.0,0.15,0.015,0.0027397260273972603,-1.0,-3.0,10.0,222.0,40,12,6,0.2
1327.0,49753.0,29642.0,0.15,0.015,0.0027397260273972603,-1.0,-3.0,10.0,222.0,40,12,6,0.2
1328.0,26602.0,14116.0,0.15,0.015,0.0027397260273972603,-1.0,-3.0,10.0,222.0,40,12,6,0.2
1329.0,67873.0,89972.0,0.15,0.015,0.0027397260273972603,-1.0,-3.0,10.0,222.0,40,12,6,0.2
1330.0,19181.0,2252.0,0.15,0.015,0.0027397260273972603,-1.0,-3.0,10.0,222.0,40,12,6,0.2
1331.0,44543.0,36678.0,0.15,0.015,0.0027397260273972603,-1.0,-3.0,10.0,222.0,40,12,6,0.2
1332.0,89813.0,93741.0,0.15,0.015,0.0027397260273972603,-1.0,-3.0,10.0,222.0,40,12,6,0.2
1333.0,84620.0,20194.0,0.15,0.015,0.0027397260273972603,-1.0,-3.0,10.0,222.0,40,12,6,0.2
1334.0,71620.0,64627.0,0.15,0.015,0.0027397260273972603,-1.0,-3.0,10.0,222.0,40,12,6,0.2
1335.0,72294.0,24571.0,0.15,0.015,0.0027397260273972603,-1.0,-3.0,10.0,222.0,40,12,6,0.2
1336.0,19354.0,76062.0,0.15,0.015,0.0027397260273972603,-1.0,-3.0,10.0,222.0,40,12,6,0.2
1337.0,2692.0,42877.0,0.15,0.015,0.0027397260273972603,-1.0,-3.0,10.0,222.0,40,12,6,0.2
1338.0,16073.0,32983.0,0.15,0.015,0.0027397260273972603,-1.0,-3.0,10.0,222.0,40,12,6,0.2
1339.0,75403.0,49674.0,0.15,0.015,0.0027397260273972603,-1.0,-3.0,10.0,222.0,40,12,6,0.2
1340.0,16424.0,42774.0,0.15,0.015,0.0027397260273972603,-1.0,-3.0,10.0,222.0,40,12,6,0.2
1341.0,92901.0,45913.0,0.15,0.015,0.0027397260273972603,-1.0,-3.0,10.0,222.0,40,12,6,0.2
1342.0,84406.0,33642.0,0.15,0.015,0.0027397260273972603,-1.0,-3.0,10.0,222.0,40,12,6,0.2
1343.0,22365.0,64397.0,0.15,0.015,0.0027397260273972603,-1.0,-3.0,10.0,222.0,40,12,6,0.2
1344.0,904.0,67654.0,0.15,0.015,0.0027397260273972603,-1.0,-3.0,10.0,222.0,40,12,6,0.2
1345.0,80377.0,65693.0,0.15,0.015,0.0027397260273972603,-1.0,-3.0,10.0,222.0,40,12,6,0.2
1346.0,70439.0,38018.0,0.15,0.015,0.0027397260273972603,-1.0,-3.0,10.0,222.0,40,12,6,0.2
1347.0,70655.0,12808.0,0.15,0.015,0.0027397260273972603,-1.0,-3.0,10.0,222.0,40,12,6,0.2
1348.0,4545.0,17949.0,0.15,0.015,0.0027397260273972603,-1.0,-3.0,10.0,222.0,40,12,6,0.2
1349.0,79224.0,83071.0,0.15,0.015,0.0027397260273972603,-1.0,-3.0,10.0,222.0,40,12,6,0.2
1350.0,36984.0,32984.0,0.15,0.015,0.0027397260273972603,-1.0,-3.0,10.0,222.0,40,12,6,0.2
1351.0,82859.0,64727.0,0.15,0.015,0.0027397260273972603,-1.0,-3.0,10.0,222.0,40,12,6,0.2
1352.0,74745.0,99001.0,0.15,0.015,0.0027397260273972603,-1.0,-3.0,10.0,222.0,40,12,6,0.2
1353.0,60417.0,72850.0,0.15,0.015,0.0027397260273972603,-1.0,-3.0,10.0,222.0,40,12,6,0.2
1354.0,136.0,87201.0,0.15,0.015,0.0027397260273972603,-1.0,-3.0,10.0,222.0,40,12,6,0.2
1355.0,35944.0,59765.0,0.15,0.015,0.0027397260273972603,-1.0,-3.0,10.0,222.0,40,12,6,0.2
1356.0,4553.0,54242.0,0.15,0.015,0.0027397260273972603,-1.0,-3.0,10.0,222.0,40,12,6,0.2
1357.0,15189.0,25260.0,0.15,0.015,0.0027397260273972603,-1.0,-3.0,10.0,222.0,40,12,6,0.2
1358.0,56904.0,76883.0,0.15,0.015,0.0027397260273972603,-1.0,-3.0,10.0,222.0,40,12,6,0.2
1359.0,12738.0,15341.0,0.15,0.015,0.0027397260273972603,-1.0,-3.0,10.0,222.0,40,12,6,0.2
1360.0,39149.0,53939.0,0.15,0.015,0.0027397260273972603,-1.0,-3.0,10.0,222.0,40,12,6,0.2
1361.0,14055.0,9579.0,0.15,0.015,0.0027397260273972603,-1.0,-3.0,10.0,222.0,40,12,6,0.2
1362.0,55175.0,91293.0,0.15,0.015,0.0027397260273972603,-1.0,-3.0,10.0,222.0,40,12,6,0.2
1363.0,90206.0,75100.0,0.15,0.015,0.0027397260273972603,-1.0,-3.0,10.0,222.0,40,12,6,0.2
1364.0,48769.0,51319.0,0.15,0.015,0.0027397260273972603,-1.0,-3.0,10.0,222.0,40,12,6,0.2
1365.0,12081.0,97325.0,0.15,0.015,0.0027397260273972603,-1.0,-3.0,10.0,222.0,40,12,6,0.2
1366.0,28062.0,90267.0,0.15,0.015,0.0027397260273972603,-1.0,-3.0,10.0,222.0,40,12,6,0.2
1367.0,93151.0,55333.0,0.15,0.015,0.0027397260273972603,-1.0,-3.0,10.0,222.0,40,12,6,0.2
1368.0,68747.0,65196.0,0.15,0.015,0.0027397260273972603,-1.0,-3.0,10.0,222.0,40,12,6,0.2
1369.0,11877.0,8644.0,0.15,0.015,0.0027397260273972603,-1.0,-3.0,10.0,222.0,40,12,6,0.2
1370.0,25051.0,94464.0,0.15,0.015,0.0027397260273972603,-1.0,-3.0,10.0,222.0,40,12,6,0.2
1371.0,6375.0,47050.0,0.15,0.015,0.0027397260273972603,-1.0,-3.0,10.0,222.0,40,12,6,0.2
1372.0,22852.0,84002.0,0.15,0.015,0.0027397260273972603,-1.0,-3.0,10.0,222.0,40,12,6,0.2
1373.0,77977.0,22312.0,0.15,0.015,0.0027397260273972603,-1.0,-3.0,10.0,222.0,40,12,6,0.2
1374.0,44187.0,76023.0,0.15,0.015,0.0027397260273972603,-1.0,-3.0,10.0,222.0,40,12,6,0.2
1375.0,39825.0,21856.0,0.15,0.015,0.0027397260273972603,-1.0,-3.0,10.0,222.0,40,12,6,0.2
1376.0,46075.0,53800.0,0.15,0.015,0.0027397260273972603,-1.0,-3.0,10.0,222.0,40,12,6,0.2
1377.0,38119.0,24991.0,0.15,0.015,0.0027397260273972603,-1.0,-3.0,10.0,222.0,40,12,6,0.2
1378.0,47274.0,24488.0,0.15,0.015,0.0027397260273972603,-1.0,-3.0,10.0,222.0,40,12,6,0.2
1379.0,41094.0,4539.0,0.15,0.015,0.0027397260273972603,-1.0,-3.0,10.0,222.0,40,12,6,0.2
1380.0,39367.0,77825.0,0.15,0.015,0.0027397260273972603,-1.0,-3.0,10.0,222.0,40,12,6,0.2
1381.0,80264.0,28311.0,0.15,0.015,0.0027397260273972603,-1.0,-3.0,10.0,222.0,40,12,6,0.2
1382.0,96044.0,38569.0,0.15,0.015,0.0027397260273972603,-1.0,-3.0,10.0,222.0,40,12,6,0.2
1383.0,28443.0,3256.0,0.15,0.015,0.0027397260273972603,-1.0,-3.0,10.0,222.0,40,12,6,0.2
1384.0,4984.0,52227.0,0.15,0.015,0.0027397260273972603,-1.0,-3.0,10.0,222.0,40,12,6,0.2
1385.0,74756.0,80797.0,0.15,0.015,0.0027397260273972603,-1.0,-3.0,10.0,222.0,40,12,6,0.2
1386.0,42350.0,42692.0,0.15,0.015,0.0027397260273972603,-1.0,-3.0,10.0,222.0,40,12,6,0.2
1387.0,35335.0,78507.0,0.15,0.015,0.0027397260273972603,-1.0,-3.0,10.0,222.0,40,12,6,0.2
1388.0,43823.0,9997.0,0.15,0.015,0.0027397260273972603,-1.0,-3.0,10.0,222.0,40,12,6,0.2
1389.0,34708.0,94457.0,0.15,0.015,0.0027397260273972603,-1.0,-3.0,10.0,222.0,40,12,6,0.2
1390.0,53783.0,26395.0,0.15,0.015,0.0027397260273972603,-1.0,-3.0,10.0,222.0,40,12,6,0.2
1391.0,84963.0,96058.0,0.15,0.015,0.0027397260273972603,-1.0,-3.0,10.0,222.0,40,12,6,0.2
1392.0,55333.0,19532.0,0.15,0.015,0.0027397260273972603,-1.0,-3.0,10.0,222.0,40,12,6,0.2
1393.0,35684.0,96749.0,0.15,0.015,0.0027397260273972603,-1.0,-3.0,10.0,222.0,40,12,6,0.2
1394.0,19275.0,66551.0,0.15,0.015,0.0027397260273972603,-1.0,-3.0,10.0,222.0,40,12,6,0.2
1395.0,37550.0,91656.0,0.15,0.015,0.0027397260273972603,-1.0,-3.0,10.0,222.0,40,12,6,0.2
1396.0,10109.0,11015.0,0.15,0.015,0.0027397260273972603,-1.0,-3.0,10.0,222.0,40,12,6,0.2
1397.0,73695.0,23672.0,0.15,0.015,0.0027397260273972603,-1.0,-3.0,10.0,222.0,40,12,6,0.2
1398.0,64852.0,69351.0,0.15,0.015,0.0027397260273972603,-1.0,-3.0,10.0,222.0,40,12,6,0.2
1399.0,82612.0,1534.0,0.15,0.015,0.0027397260273972603,-1.0,-3.0,10.0,222.0,40,12,6,0.2
1400.0,79870.0,90643.0,0.15,0.015,0.0027397260273972603,-1.0,-3.0,10.0,276.0,40,12,6,0.2
1401.0,76821.0,59063.0,0.15,0.015,0.0027397260273972603,-1.0,-3.0,10.0,276.0,40,12,6,0.2
1402.0,63261.0,90243.0,0.15,0.015,0.0027397260273972603,-1.0,-3.0,10.0,276.0,40,12,6,0.2
1403.0,15254.0,41296.0,0.15,0.015,0.0027397260273972603,-1.0,-3.0,10.0,276.0,40,12,6,0.2
1404.0,45600.0,88361.0,0.15,0.015,0.0027397260273972603,-1.0,-3.0,10.0,276.0,40,12,6,0.2
1405.0,79093.0,14154.0,0.15,0.015,0.0027397260273972603,-1.0,-3.0,10.0,276.0,40,12,6,0.2
1406.0,66442.0,72414.0,0.15,0.015,0.0027397260273972603,-1.0,-3.0,10.0,276.0,40,12,6,0.2
1407.0,96531.0,60974.0,0.15,0.015,0.0027397260273972603,-1.0,-3.0,10.0,276.0,40,12,6,0.2
1408.0,53021.0,75259.0,0.15,0.015,0.0027397260273972603,-1.0,-3.0,10.0,276.0,40,12,6,0.2
1409.0,52262.0,30050.0,0.15,0.015,0.0027397260273972603,-1.0,-3.0,10.0,276.0,40,12,6,0.2
1410.0,41807.0,49278.0,0.15,0.015,0.0027397260273972603,-1.0,-3.0,10.0,276.0,40,12,6,0.2
1411.0,64199.0,68413.0,0.15,0.015,0.0027397260273972603,-1.0,-3.0,10.0,276.0,40,12,6,0.2
1412.0,76948.0,76540.0,0.15,0.015,0.0027397260273972603,-1.0,-3.0,10.0,276.0,40,12,6,0.2
1413.0,54877.0,90451.0,0.15,0.015,0.0027397260273972603,-1.0,-3.0,10.0,276.0,40,12,6,0.2
1414.0,63559.0,90225.0,0.15,0.015,0.0027397260273972603,-1.0,-3.0,10.0,276.0,40,12,6,0.2
1415.0,96684.0,5104.0,0.15,0.015,0.0027397260273972603,-1.0,-3.0,10.0,276.0,40,12,6,0.2
1416.0,69760.0,82587.0,0.15,0.015,0.0027397260273972603,-1.0,-3.0,10.0,276.0,40,12,6,0.2
1417.0,20946.0,22848.0,0.15,0.015,0.0027397260273972603,-1.0,-3.0,10.0,276.0,40,12,6,0.2
1418.0,77916.0,87429.0,0.15,0.015,0.0027397260273972603,-1.0,-3.0,10.0,276.0,40,12,6,0.2
1419.0,81295.0,29734.0,0.15,0.015,0.0027397260273972603,-1.0,-3.0,10.0,276.0,40,12,6,0.2
1420.0,65718.0,10479.0,0.15,0.015,0.0027397260273972603,-1.0,-3.0,10.0,276.0,40,12,6,0.2
1421.0,64573.0,7752.0,0.15,0.015,0.0027397260273972603,-1.0,-3.0,10.0,276.0,40,12,6,0.2
1422.0,32801.0,92505.0,0.15,0.015,0.0027397260273972603,-1.0,-3.0,10.0,276.0,40,12,6,0.2
1423.0,8540.0,2193.0,0.15,0.015,0.0027397260273972603,-1.0,-3.0,10.0,276.0,40,12,6,0.2
1424.0,85306.0,35249.0,0.15,0.015,0.0027397260273972603,-1.0,-3.0,10.0,276.0,40,12,6,0.2
1425.0,1762.0,70276.0,0.15,0.015,0.0027397260273972603,-1.0,-3.0,10.0,276.0,40,12,6,0.2
1426.0,60408.0,22576.0,0.15,0.015,0.0027397260273972603,-1.0,-3.0,10.0,276.0,40,12,6,0.2
1427.0,49753.0,29642.0,0.15,0.015,0.0027397260273972603,-1.0,-3.0,10.0,276.0,40,12,6,0.2
1428.0,26602.0,14116.0,0.15,0.015,0.0027397260273972603,-1.0,-3.0,10.0,276.0,40,12,6,0.2
1429.0,67873.0,89972.0,0.15,0.015,0.0027397260273972603,-1.0,-3.0,10.0,276.0,40,12,6,0.2
1430.0,19181.0,2252.0,0.15,0.015,0.0027397260273972603,-1.0,-3.0,10.0,276.0,40,12,6,0.2
1431.0,44543.0,36678.0,0.15,0.015,0.0027397260273972603,-1.0,-3.0,10.0,276.0,40,12,6,0.2
1432.0,89813.0,93741.0,0.15,0.015,0.0027397260273972603,-1.0,-3.0,10.0,276.0,40,12,6,0.2
1433.0,84620.0,20194.0,0.15,0.015,0.0027397260273972603,-1.0,-3.0,10.0,276.0,40,12,6,0.2
1434.0,71620.0,64627.0,0.15,0.015,0.0027397260273972603,-1.0,-3.0,10.0,276.0,40,12,6,0.2
1435.0,72294.0,24571.0,0.15,0.015,0.0027397260273972603,-1.0,-3.0,10.0,276.0,40,12,6,0.2
1436.0,19354.0,76062.0,0.15,0.015,0.0027397260273972603,-1.0,-3.0,10.0,276.0,40,12,6,0.2
1437.0,2692.0,42877.0,0.15,0.015,0.0027397260273972603,-1.0,-3.0,10.0,276.0,40,12,6,0.2
1438.0,16073.0,32983.0,0.15,0.015,0.0027397260273972603,-1.0,-3.0,10.0,276.0,40,12,6,0.2
1439.0,75403.0,49674.0,0.15,0.015,0.0027397260273972603,-1.0,-3.0,10.0,276.0,40,12,6,0.2
1440.0,16424.0,42774.0,0.15,0.015,0.0027397260273972603,-1.0,-3.0,10.0,276.0,40,12,6,0.2
1441.0,92901.0,45913.0,0.15,0.015,0.0027397260273972603,-1.0,-3.0,10.0,276.0,40,12,6,0.2
1442.0,84406.0,33642.0,0.15,0.015,0.0027397260273972603,-1.0,-3.0,10.0,276.0,40,12,6,0.2
1443.0,22365.0,64397.0,0.15,0.015,0.0027397260273972603,-1.0,-3.0,10.0,276.0,40,12,6,0.2
1444.0,904.0,67654.0,0.15,0.015,0.0027397260273972603,-1.0,-3.0,10.0,276.0,40,12,6,0.2
1445.0,80377.0,65693.0,0.15,0.015,0.0027397260273972603,-1.0,-3.0,10.0,276.0,40,12,6,0.2
1446.0,70439.0,38018.0,0.15,0.015,0.0027397260273972603,-1.0,-3.0,10.0,276.0,40,12,6,0.2
1447.0,70655.0,12808.0,0.15,0.015,0.0027397260273972603,-1.0,-3.0,10.0,276.0,40,12,6,0.2
1448.0,4545.0,17949.0,0.15,0.015,0.0027397260273972603,-1.0,-3.0,10.0,276.0,40,12,6,0.2
1449.0,79224.0,83071.0,0.15,0.015,0.0027397260273972603,-1.0,-3.0,10.0,276.0,40,12,6,0.2
1450.0,36984.0,32984.0,0.15,0.015,0.0027397260273972603,-1.0,-3.0,10.0,276.0,40,12,6,0.2
1451.0,82859.0,64727.0,0.15,0.015,0.0027397260273972603,-1.0,-3.0,10.0,276.0,40,12,6,0.2
1452.0,74745.0,99001.0,0.15,0.015,0.0027397260273972603,-1.0,-3.0,10.0,276.0,40,12,6,0.2
1453.0,60417.0,72850.0,0.15,0.015,0.0027397260273972603,-1.0,-3.0,10.0,276.0,40,12,6,0.2
1454.0,136.0,87201.0,0.15,0.015,0.0027397260273972603,-1.0,-3.0,10.0,276.0,40,12,6,0.2
1455.0,35944.0,59765.0,0.15,0.015,0.0027397260273972603,-1.0,-3.0,10.0,276.0,40,12,6,0.2
1456.0,4553.0,54242.0,0.15,0.015,0.0027397260273972603,-1.0,-3.0,10.0,276.0,40,12,6,0.2
1457.0,15189.0,25260.0,0.15,0.015,0.0027397260273972603,-1.0,-3.0,10.0,276.0,40,12,6,0.2
1458.0,56904.0,76883.0,0.15,0.015,0.0027397260273972603,-1.0,-3.0,10.0,276.0,40,12,6,0.2
1459.0,12738.0,15341.0,0.15,0.015,0.0027397260273972603,-1.0,-3.0,10.0,276.0,40,12,6,0.2
1460.0,39149.0,53939.0,0.15,0.015,0.0027397260273972603,-1.0,-3.0,10.0,276.0,40,12,6,0.2
1461.0,14055.0,9579.0,0.15,0.015,0.0027397260273972603,-1.0,-3.0,10.0,276.0,40,12,6,0.2
1462.0,55175.0,91293.0,0.15,0.015,0.0027397260273972603,-1.0,-3.0,10.0,276.0,40,12,6,0.2
1463.0,90206.0,75100.0,0.15,0.015,0.0027397260273972603,-1.0,-3.0,10.0,276.0,40,12,6,0.2
1464.0,48769.0,51319.0,0.15,0.015,0.0027397260273972603,-1.0,-3.0,10.0,276.0,40,12,6,0.2
1465.0,12081.0,97325.0,0.15,0.015,0.0027397260273972603,-1.0,-3.0,10.0,276.0,40,12,6,0.2
1466.0,28062.0,90267.0,0.15,0.015,0.0027397260273972603,-1.0,-3.0,10.0,276.0,40,12,6,0.2
1467.0,93151.0,55333.0,0.15,0.015,0.0027397260273972603,-1.0,-3.0,10.0,276.0,40,12,6,0.2
1468.0,68747.0,65196.0,0.15,0.015,0.0027397260273972603,-1.0,-3.0,10.0,276.0,40,12,6,0.2
1469.0,11877.0,8644.0,0.15,0.015,0.0027397260273972603,-1.0,-3.0,10.0,276.0,40,12,6,0.2
1470.0,25051.0,94464.0,0.15,0.015,0.0027397260273972603,-1.0,-3.0,10.0,276.0,40,12,6,0.2
1471.0,6375.0,47050.0,0.15,0.015,0.0027397260273972603,-1.0,-3.0,10.0,276.0,40,12,6,0.2
1472.0,22852.0,84002.0,0.15,0.015,0.0027397260273972603,-1.0,-3.0,10.0,276.0,40,12,6,0.2
1473.0,77977.0,22312.0,0.15,0.015,0.0027397260273972603,-1.0,-3.0,10.0,276.0,40,12,6,0.2
1474.0,44187.0,76023.0,0.15,0.015,0.0027397260273972603,-1.0,-3.0,10.0,276.0,40,12,6,0.2
1475.0,39825.0,21856.0,0.15,0.015,0.0027397260273972603,-1.0,-3.0,10.0,276.0,40,12,6,0.2
1476.0,46075.0,53800.0,0.15,0.015,0.0027397260273972603,-1.0,-3.0,10.0,276.0,40,12,6,0.2
1477.0,38119.0,24991.0,0.15,0.015,0.0027397260273972603,-1.0,-3.0,10.0,276.0,40,12,6,0.2
1478.0,47274.0,24488.0,0.15,0.015,0.0027397260273972603,-1.0,-3.0,10.0,276.0,40,12,6,0.2
1479.0,41094.0,4539.0,0.15,0.015,0.0027397260273972603,-1.0,-3.0,10.0,276.0,40,12,6,0.2
1480.0,39367.0,77825.0,0.15,0.015,0.0027397260273972603,-1.0,-3.0,10.0,276.0,40,12,6,0.2
1481.0,80264.0,28311.0,0.15,0.015,0.0027397260273972603,-1.0,-3.0,10.0,276.0,40,12,6,0.2
1482.0,96044.0,38569.0,0.15,0.015,0.0027397260273972603,-1.0,-3.0,10.0,276.0,40,12,6,0.2
1483.0,28443.0,3256.0,0.15,0.015,0.0027397260273972603,-1.0,-3.0,10.0,276.0,40,12,6,0.2
1484.0,4984.0,52227.0,0.15,0.015,0.0027397260273972603,-1.0,-3.0,10.0,276.0,40,12,6,0.2
1485.0,74756.0,80797.0,0.15,0.015,0.0027397260273972603,-1.0,-3.0,10.0,276.0,40,12,6,0.2
1486.0,42350.0,42692.0,0.15,0.015,0.0027397260273972603,-1.0,-3.0,10.0,276.0,40,12,6,0.2
1487.0,35335.0,78507.0,0.15,0.015,0.0027397260273972603,-1.0,-3.0,10.0,276.0,40,12,6,0.2
1488.0,43823.0,9997.0,0.15,0.015,0.0027397260273972603,-1.0,-3.0,10.0,276.0,40,12,6,0.2
1489.0,34708.0,94457.0,0.15,0.015,0.0027397260273972603,-1.0,-3.0,10.0,276.0,40,12,6,0.2
1490.0,53783.0,26395.0,0.15,0.015,0.0027397260273972603,-1.0,-3.0,10.0,276.0,40,12,6,0.2
1491.0,84963.0,96058.0,0.15,0.015,0.0027397260273972603,-1.0,-3.0,10.0,276.0,40,12,6,0.2
1492.0,55333.0,19532.0,0.15,0.015,0.0027397260273972603,-1.0,-3.0,10.0,276.0,40,12,6,0.2
1493.0,35684.0,96749.0,0.15,0.015,0.0027397260273972603,-1.0,-3.0,10.0,276.0,40,12,6,0.2
1494.0,19275.0,66551.0,0.15,0.015,0.0027397260273972603,-1.0,-3.0,10.0,276.0,40,12,6,0.2
1495.0,37550.0,91656.0,0.15,0.015,0.0027397260273972603,-1.0,-3.0,10.0,276.0,40,12,6,0.2
1496.0,10109.0,11015.0,0.15,0.015,0.0027397260273972603,-1.0,-3.0,10.0,276.0,40,12,6,0.2
1497.0,73695.0,23672.0,0.15,0.015,0.0027397260273972603,-1.0,-3.0,10.0,276.0,40,12,6,0.2
1498.0,64852.0,69351.0,0.15,0.015,0.0027397260273972603,-1.0,-3.0,10.0,276.0,40,12,6,0.2
1499.0,82612.0,1534.0,0.15,0.015,0.0027397260273972603,-1.0,-3.0,10.0,276.0,40,12,6,0.2
1500.0,79870.0,90643.0,0.15,0.015,0.0027397260273972603,-1.0,-3.0,10.0,330.0,40,12,6,0.2
1501.0,76821.0,59063.0,0.15,0.015,0.0027397260273972603,-1.0,-3.0,10.0,330.0,40,12,6,0.2
1502.0,63261.0,90243.0,0.15,0.015,0.0027397260273972603,-1.0,-3.0,10.0,330.0,40,12,6,0.2
1503.0,15254.0,41296.0,0.15,0.015,0.0027397260273972603,-1.0,-3.0,10.0,330.0,40,12,6,0.2
1504.0,45600.0,88361.0,0.15,0.015,0.0027397260273972603,-1.0,-3.0,10.0,330.0,40,12,6,0.2
1505.0,79093.0,14154.0,0.15,0.015,0.0027397260273972603,-1.0,-3.0,10.0,330.0,40,12,6,0.2
1506.0,66442.0,72414.0,0.15,0.015,0.0027397260273972603,-1.0,-3.0,10.0,330.0,40,12,6,0.2
1507.0,96531.0,60974.0,0.15,0.015,0.0027397260273972603,-1.0,-3.0,10.0,330.0,40,12,6,0.2
1508.0,53021.0,75259.0,0.15,0.015,0.0027397260273972603,-1.0,-3.0,10.0,330.0,40,12,6,0.2
1509.0,52262.0,30050.0,0.15,0.015,0.0027397260273972603,-1.0,-3.0,10.0,330.0,40,12,6,0.2
1510.0,41807.0,49278.0,0.15,0.015,0.0027397260273972603,-1.0,-3.0,10.0,330.0,40,12,6,0.2
1511.0,64199.0,68413.0,0.15,0.015,0.0027397260273972603,-1.0,-3.0,10.0,330.0,40,12,6,0.2
1512.0,76948.0,76540.0,0.15,0.015,0.0027397260273972603,-1.0,-3.0,10.0,330.0,40,12,6,0.2
1513.0,54877.0,90451.0,0.15,0.015,0.0027397260273972603,-1.0,-3.0,10.0,330.0,40,12,6,0.2
1514.0,63559.0,90225.0,0.15,0.015,0.0027397260273972603,-1.0,-3.0,10.0,330.0,40,12,6,0.2
1515.0,96684.0,5104.0,0.15,0.015,0.0027397260273972603,-1.0,-3.0,10.0,330.0,40,12,6,0.2
1516.0,69760.0,82587.0,0.15,0.015,0.0027397260273972603,-1.0,-3.0,10.0,330.0,40,12,6,0.2
1517.0,20946.0,22848.0,0.15,0.015,0.0027397260273972603,-1.0,-3.0,10.0,330.0,40,12,6,0.2
1518.0,77916.0,87429.0,0.15,0.015,0.0027397260273972603,-1.0,-3.0,10.0,330.0,40,12,6,0.2
1519.0,81295.0,29734.0,0.15,0.015,0.0027397260273972603,-1.0,-3.0,10.0,330.0,40,12,6,0.2
1520.0,65718.0,10479.0,0.15,0.015,0.0027397260273972603,-1.0,-3.0,10.0,330.0,40,12,6,0.2
1521.0,64573.0,7752.0,0.15,0.015,0.0027397260273972603,-1.0,-3.0,10.0,330.0,40,12,6,0.2
1522.0,32801.0,92505.0,0.15,0.015,0.0027397260273972603,-1.0,-3.0,10.0,330.0,40,12,6,0.2
1523.0,8540.0,2193.0,0.15,0.015,0.0027397260273972603,-1.0,-3.0,10.0,330.0,40,12,6,0.2
1524.0,85306.0,35249.0,0.15,0.015,0.0027397260273972603,-1.0,-3.0,10.0,330.0,40,12,6,0.2
1525.0,1762.0,70276.0,0.15,0.015,0.0027397260273972603,-1.0,-3.0,10.0,330.0,40,12,6,0.2
1526.0,60408.0,22576.0,0.15,0.015,0.0027397260273972603,-1.0,-3.0,10.0,330.0,40,12,6,0.2
1527.0,49753.0,29642.0,0.15,0.015,0.0027397260273972603,-1.0,-3.0,10.0,330.0,40,12,6,0.2
1528.0,26602.0,14116.0,0.15,0.015,0.0027397260273972603,-1.0,-3.0,10.0,330.0,40,12,6,0.2
1529.0,67873.0,89972.0,0.15,0.015,0.0027397260273972603,-1.0,-3.0,10.0,330.0,40,12,6,0.2
1530.0,19181.0,2252.0,0.15,0.015,0.0027397260273972603,-1.0,-3.0,10.0,330.0,40,12,6,0.2
1531.0,44543.0,36678.0,0.15,0.015,0.0027397260273972603,-1.0,-3.0,10.0,330.0,40,12,6,0.2
1532.0,89813.0,93741.0,0.15,0.015,0.0027397260273972603,-1.0,-3.0,10.0,330.0,40,12,6,0.2
1533.0,84620.0,20194.0,0.15,0.015,0.0027397260273972603,-1.0,-3.0,10.0,330.0,40,12,6,0.2
1534.0,71620.0,64627.0,0.15,0.015,0.0027397260273972603,-1.0,-3.0,10.0,330.0,40,12,6,0.2
1535.0,72294.0,24571.0,0.15,0.015,0.0027397260273972603,-1.0,-3.0,10.0,330.0,40,12,6,0.2
1536.0,19354.0,76062.0,0.15,0.015,0.0027397260273972603,-1.0,-3.0,10.0,330.0,40,12,6,0.2
1537.0,2692.0,42877.0,0.15,0.015,0.0027397260273972603,-1.0,-3.0,10.0,330.0,40,12,6,0.2
1538.0,16073.0,32983.0,0.15,0.015,0.0027397260273972603,-1.0,-3.0,10.0,330.0,40,12,6,0.2
1539.0,75403.0,49674.0,0.15,0.015,0.0027397260273972603,-1.0,-3.0,10.0,330.0,40,12,6,0.2
1540.0,16424.0,42774.0,0.15,0.015,0.0027397260273972603,-1.0,-3.0,10.0,330.0,40,12,6,0.2
1541.0,92901.0,45913.0,0.15,0.015,0.0027397260273972603,-1.0,-3.0,10.0,330.0,40,12,6,0.2
1542.0,84406.0,33642.0,0.15,0.015,0.0027397260273972603,-1.0,-3.0,10.0,330.0,40,12,6,0.2
1543.0,22365.0,64397.0,0.15,0.015,0.0027397260273972603,-1.0,-3.0,10.0,330.0,40,12,6,0.2
1544.0,904.0,67654.0,0.15,0.015,0.0027397260273972603,-1.0,-3.0,10.0,330.0,40,12,6,0.2
1545.0,80377.0,65693.0,0.15,0.015,0.0027397260273972603,-1.0,-3.0,10.0,330.0,40,12,6,0.2
1546.0,70439.0,38018.0,0.15,0.015,0.0027397260273972603,-1.0,-3.0,10.0,330.0,40,12,6,0.2
1547.0,70655.0,12808.0,0.15,0.015,0.0027397260273972603,-1.0,-3.0,10.0,330.0,40,12,6,0.2
1548.0,4545.0,17949.0,0.15,0.015,0.0027397260273972603,-1.0,-3.0,10.0,330.0,40,12,6,0.2
1549.0,79224.0,83071.0,0.15,0.015,0.0027397260273972603,-1.0,-3.0,10.0,330.0,40,12,6,0.2
1550.0,36984.0,32984.0,0.15,0.015,0.0027397260273972603,-1.0,-3.0,10.0,330.0,40,12,6,0.2
1551.0,82859.0,64727.0,0.15,0.015,0.0027397260273972603,-1.0,-3.0,10.0,330.0,40,12,6,0.2
1552.0,74745.0,99001.0,0.15,0.015,0.0027397260273972603,-1.0,-3.0,10.0,330.0,40,12,6,0.2
1553.0,60417.0,72850.0,0.15,0.015,0.0027397260273972603,-1.0,-3.0,10.0,330.0,40,12,6,0.2
1554.0,136.0,87201.0,0.15,0.015,0.0027397260273972603,-1.0,-3.0,10.0,330.0,40,12,6,0.2
1555.0,35944.0,59765.0,0.15,0.015,0.0027397260273972603,-1.0,-3.0,10.0,330.0,40,12,6,0.2
1556.0,4553.0,54242.0,0.15,0.015,0.0027397260273972603,-1.0,-3.0,10.0,330.0,40,12,6,0.2
1557.0,15189.0,25260.0,0.15,0.015,0.0027397260273972603,-1.0,-3.0,10.0,330.0,40,12,6,0.2
1558.0,56904.0,76883.0,0.15,0.015,0.0027397260273972603,-1.0,-3.0,10.0,330.0,40,12,6,0.2
1559.0,12738.0,15341.0,0.15,0.015,0.0027397260273972603,-1.0,-3.0,10.0,330.0,40,12,6,0.2
1560.0,39149.0,53939.0,0.15,0.015,0.0027397260273972603,-1.0,-3.0,10.0,330.0,40,12,6,0.2
1561.0,14055.0,9579.0,0.15,0.015,0.0027397260273972603,-1.0,-3.0,10.0,330.0,40,12,6,0.2
1562.0,55175.0,91293.0,0.15,0.015,0.0027397260273972603,-1.0,-3.0,10.0,330.0,40,12,6,0.2
1563.0,90206.0,75100.0,0.15,0.015,0.0027397260273972603,-1.0,-3.0,10.0,330.0,40,12,6,0.2
1564.0,48769.0,51319.0,0.15,0.015,0.0027397260273972603,-1.0,-3.0,10.0,330.0,40,12,6,0.2
1565.0,12081.0,97325.0,0.15,0.015,0.0027397260273972603,-1.0,-3.0,10.0,330.0,40,12,6,0.2
1566.0,28062.0,90267.0,0.15,0.015,0.0027397260273972603,-1.0,-3.0,10.0,330.0,40,12,6,0.2
1567.0,93151.0,55333.0,0.15,0.015,0.0027397260273972603,-1.0,-3.0,10.0,330.0,40,12,6,0.2
1568.0,68747.0,65196.0,0.15,0.015,0.0027397260273972603,-1.0,-3.0,10.0,330.0,40,12,6,0.2
1569.0,11877.0,8644.0,0.15,0.015,0.0027397260273972603,-1.0,-3.0,10.0,330.0,40,12,6,0.2
1570.0,25051.0,94464.0,0.15,0.015,0.0027397260273972603,-1.0,-3.0,10.0,330.0,40,12,6,0.2
1571.0,6375.0,47050.0,0.15,0.015,0.0027397260273972603,-1.0,-3.0,10.0,330.0,40,12,6,0.2
1572.0,22852.0,84002.0,0.15,0.015,0.0027397260273972603,-1.0,-3.0,10.0,330.0,40,12,6,0.2
1573.0,77977.0,22312.0,0.15,0.015,0.0027397260273972603,-1.0,-3.0,10.0,330.0,40,12,6,0.2
1574.0,44187.0,76023.0,0.15,0.015,0.0027397260273972603,-1.0,-3.0,10.0,330.0,40,12,6,0.2
1575.0,39825.0,21856.0,0.15,0.015,0.0027397260273972603,-1.0,-3.0,10.0,330.0,40,12,6,0.2
1576.0,46075.0,53800.0,0.15,0.015,0.0027397260273972603,-1.0,-3.0,10.0,330.0,40,12,6,0.2
1577.0,38119.0,24991.0,0.15,0.015,0.0027397260273972603,-1.0,-3.0,10.0,330.0,40,12,6,0.2
1578.0,47274.0,24488.0,0.15,0.015,0.0027397260273972603,-1.0,-3.0,10.0,330.0,40,12,6,0.2
1579.0,41094.0,4539.0,0.15,0.015,0.0027397260273972603,-1.0,-3.0,10.0,330.0,40,12,6,0.2
1580.0,39367.0,77825.0,0.15,0.015,0.0027397260273972603,-1.0,-3.0,10.0,330.0,40,12,6,0.2
1581.0,80264.0,28311.0,0.15,0.015,0.0027397260273972603,-1.0,-3.0,10.0,330.0,40,12,6,0.2
1582.0,96044.0,38569.0,0.15,0.015,0.0027397260273972603,-1.0,-3.0,10.0,330.0,40,12,6,0.2
1583.0,28443.0,3256.0,0.15,0.015,0.0027397260273972603,-1.0,-3.0,10.0,330.0,40,12,6,0.2
1584.0,4984.0,52227.0,0.15,0.015,0.0027397260273972603,-1.0,-3.0,10.0,330.0,40,12,6,0.2
1585.0,74756.0,80797.0,0.15,0.015,0.0027397260273972603,-1.0,-3.0,10.0,330.0,40,12,6,0.2
1586.0,42350.0,42692.0,0.15,0.015,0.0027397260273972603,-1.0,-3.0,10.0,330.0,40,12,6,0.2
1587.0,35335.0,78507.0,0.15,0.015,0.0027397260273972603,-1.0,-3.0,10.0,330.0,40,12,6,0.2
1588.0,43823.0,9997.0,0.15,0.015,0.0027397260273972603,-1.0,-3.0,10.0,330.0,40,12,6,0.2
1589.0,34708.0,94457.0,0.15,0.015,0.0027397260273972603,-1.0,-3.0,10.0,330.0,40,12,6,0.2
1590.0,53783.0,26395.0,0.15,0.015,0.0027397260273972603,-1.0,-3.0,10.0,330.0,40,12,6,0.2
1591.0,84963.0,96058.0,0.15,0.015,0.0027397260273972603,-1.0,-3.0,10.0,330.0,40,12,6,0.2
1592.0,55333.0,19532.0,0.15,0.015,0.0027397260273972603,-1.0,-3.0,10.0,330.0,40,12,6,0.2
1593.0,35684.0,96749.0,0.15,0.015,0.0027397260273972603,-1.0,-3.0,10.0,330.0,40,12,6,0.2
1594.0,19275.0,66551.0,0.15,0.015,0.0027397260273972603,-1.0,-3.0,10.0,330.0,40,12,6,0.2
1595.0,37550.0,91656.0,0.15,0.015,0.0027397260273972603,-1.0,-3.0,10.0,330.0,40,12,6,0.2
1596.0,10109.0,11015.0,0.15,0.015,0.0027397260273972603,-1.0,-3.0,10.0,330.0,40,12,6,0.2
1597.0,73695.0,23672.0,0.15,0.015,0.0027397260273972603,-1.0,-3.0,10.0,330.0,40,12,6,0.2
1598.0,64852.0,69351.0,0.15,0.015,0.0027397260273972603,-1.0,-3.0,10.0,330.0,40,12,6,0.2
1599.0,82612.0,1534.0,0.15,0.015,0.0027397260273972603,-1.0,-3.0,10.0,330.0,40,12,6,0.2
